раньше всех. ну почти.,фас отношении пятерочки магнита возбуждено антимонопольное связи многочисленными обращениями граждан горячую линию сотрудники воронежского уфас региональной прокуратуры провели проверку рынке,2022-03-24 14:51:40
раньше всех. ну почти.,ассоциация владельцев кинотеатров обратилась правительству рф просьбой выделить кинотеатрам поддержку 42 млрд рублей оценкам ассоциации кинотеатрам необходима поддержка 10 млрд,2022-03-24 14:47:00
раньше всех. ну почти.,швейцария заморозит активы россиян попавших санкции не конфисковывать ввиду отсутствия соответствующей законодательной базы заявил представитель государственного секретариата экономике seco эрвин,2022-03-24 14:31:40
раньше всех. ну почти.,продавать энергоресурсы недружественным странам национальную валюту рубли золото дружественных стран перевести расчеты национальные валюты юань лира динар появится возможность продавать,2022-03-24 14:26:33
раньше всех. ну почти.,минобороны россии показало схему сша осуществляют контроль биолабораториями украине,2022-03-24 14:23:56
раньше всех. ну почти.,финансированию биолабораторий украине причастен инвестиционный фонд руководством хантера байдена минобороны рф,2022-03-24 14:21:54
раньше всех. ну почти.,минкультуры рф не поступала информация отмене кинотавра заявка проведение фестиваля находится работе прессслужба ведомства,2022-03-24 14:19:04
раньше всех. ну почти.,оплата загруженными сервис apple pay картами проходит ограничений стороне нспк работает штатно система,2022-03-24 14:06:54
раньше всех. ну почти.,правительство рф поддержало законодательные изменения запрещающие судам связанным незаконным промыслом заходить российские порты сообщили аппарате вицепремьера виктории абрамченко,2022-03-24 14:04:36
раньше всех. ну почти.,лукашенко совещании минске прокомментировал предложение польши направлению украину западного миротворческого контингента видите очумевшие поляки предлагают давайте создадим миротворческие силы 100,2022-03-24 13:53:33
раньше всех. ну почти.,польше резко возрос интерес граждан обучению стрельбе газета rzeczpospolita,2022-03-24 13:47:25
раньше всех. ну почти.,командующий войсками восточного военного округа генералполковник александр чайко прибыл передовые позиции вблизи киева уточнения обстановки сообщили минобороны рф отмечается сообщении,2022-03-24 13:43:32
раньше всех. ну почти.,зеленский сообщил нато планирует захватить восточные страны нато,2022-03-24 13:29:50
раньше всех. ну почти.,газ европе торгах выше 1400 долларов тысячу кубометров,2022-03-24 13:29:13
раньше всех. ну почти.,мегафон показал рост выручки прибыли 2021 говорится сообщении компании сравнению прошлым годом выручка выросла 66 3542 млрд руб чистая прибыль,2022-03-24 13:27:59
раньше всех. ну почти.,южных регионах украины находящихся контролем вс рф начали пользоваться рублями отказываясь расчетов гривнах сообщил риа новости постпред крыма президенте россии,2022-03-24 13:26:49
раньше всех. ну почти.,премьерминистр болгарии кирил петков подтвердил брюсселе информацию не оказывать военную помощь украине,2022-03-24 13:16:58
раньше всех. ну почти.,глава польской энергетической компании pgnig заявил отсутствии возможности перейти расчетах поставки газа рф рубли,2022-03-24 13:11:06
раньше всех. ну почти.,совещании членами совбеза обсуждалась медлительность украинской стороны переговорах песков,2022-03-24 13:09:27
раньше всех. ну почти.,путин заслушал доклад шойгу ходе спецоперации украине министр обороны доложил путину членам совбеза ходе спецоперации украине гумпомощи восстановлении инфраструктуры освобожденных,2022-03-24 13:09:15
раньше всех. ну почти.,российский макдональдс пушкинской москве выглядит фото илья варламов,2022-03-24 12:59:34
раньше всех. ну почти.,минобороны рф опубликовало видео организации комендантской службы постах зоне чаэс обеспечения безопасности передвижения дорогах киевской области особое внимание специально оборудованных,2022-03-24 12:58:18
раньше всех. ну почти.,ктото россиян фоне событий украине решил уехать рф выбор решение лавров,2022-03-24 12:54:31
раньше всех. ну почти.,рф не рассчитывает соблюдение киевом международного гуманитарного права лавров,2022-03-24 12:50:06
раньше всех. ну почти.,президент украины выступил саммите нато заявил киеву нужна военная помощь ограничений украине нужна военная помощь ограничений президент добавив альянс предоставить,2022-03-24 12:34:38
раньше всех. ну почти.,иран обсуждает рф возможность признания карт посол,2022-03-24 12:33:15
раньше всех. ну почти.,мединский призвал бороться фейками помощью программы никиты михалкова бесогон,2022-03-24 12:26:44
раньше всех. ну почти.,открытый российский фестиваль кинотавр планировалось провести сочи осенью не состоится сообщил президент смотра александр роднянский,2022-03-24 12:17:09
раньше всех. ну почти.,кремле переадресовали министерству обороны рф предварительных результатах специальной военной операции украине началась ровно месяц каковы мнению кремля результаты операции спустя,2022-03-24 12:10:44
раньше всех. ну почти.,директор центра гамалеи александр гинцбург опроверг публикации согласно которым покинул россию уехал израиль,2022-03-24 12:07:34
раньше всех. ну почти.,поручению президента российские иткомпании освобождаются плановых проверок осуществлении государственного муниципального контроля мишустин,2022-03-24 12:07:01
раньше всех. ну почти.,молодые предприниматели возрасте 25 смогут грант 100 500 тыс рублей развитие собственного дела ведут деятельность арктической зоне 1 млн рублей,2022-03-24 12:06:11
раньше всех. ну почти.,путин четверг проведет совещание постоянными членами совбеза рф песков,2022-03-24 12:04:44
раньше всех. ну почти.,болгария выступила враждебно отношению россии поэтому нравится нравится покупать газ рубли песков,2022-03-24 12:03:44
раньше всех. ну почти.,кремле подтвердили российский бизнесмен роман абрамович начальном этапе принимал участие организации российскоукраинских переговоров,2022-03-24 12:02:56
раньше всех. ну почти.,песков не ожидает какойто реакции путина уход чубайса уволился уволился,2022-03-24 12:01:37
раньше всех. ну почти.,условия оплате газовых контрактов рублями разъясняться мере контактов покупателями российского газа песков,2022-03-24 12:01:25
раньше всех. ну почти.,песков сообщения сми исчезновении шойгу не медийной активности министра обороны,2022-03-24 12:01:17
раньше всех. ну почти.,песков опроверг сообщения сми проблемах здоровьем шойгу,2022-03-24 12:00:57
раньше всех. ну почти.,парламент болгарии втором окончательном чтении проголосовал отмену называемых золотых паспортов позволяют гражданство страны обмен инвестиции экономику пишет газета sofia globe,2022-03-24 11:55:44
раньше всех. ну почти.,youtube заблокировал канал главы крыма сергея аксенова youtube заблокировал канал честно говоря плевать американская платформа не выполняет российские законы показали,2022-03-24 11:55:01
раньше всех. ну почти.,росрыболовство не рассматривает введение госрегулирования цен рыбу сообщили риа новости ведомстве,2022-03-24 11:43:09
раньше всех. ну почти.,российские телеканалы должны уменьшить количество развлекательных передач эфире учетом изменившейся ситуации мире вместо показывать хорошие отечественные зарубежные кинофильмы заявил председатель,2022-03-24 11:41:08
раньше всех. ну почти.,youtube не блокирует неновостной российский контент пользователи продолжат получать доступ российским развлекательным шоу фильмам музыке далее сообщили тасс прессслужбе google,2022-03-24 11:38:25
раньше всех. ну почти.,польша заблокировала банковские счета российского посольства предлогом финансирования терроризма посол рф польше,2022-03-24 11:25:26
раньше всех. ну почти.,норникель зафиксировал цены никеля меди россии фоне волатильности мировых рынках говорится сообщении компании ранее металлурги говорили готовности зафиксировать цены металлы,2022-03-24 11:23:04
раньше всех. ну почти.,мвд рф отменяет плановые проверки малого среднего бизнеса касаются вопросов безопасности,2022-03-24 11:20:05
раньше всех. ну почти.,граждане днр лнр украины россии оформления патента заявили мвд рф,2022-03-24 11:19:28
раньше всех. ну почти.,документы граждан днр лнр числе водительские права стс признаны всей россии мвд рф,2022-03-24 11:17:52
раньше всех. ну почти.,британские санкции попали совкомфлот русгидро ржд газпромбанк россельхозбанк альфабанк,2022-03-24 11:10:40
раньше всех. ну почти.,британия ввела санкции олега тинькова,2022-03-24 11:10:03
раньше всех. ну почти.,великобритания ввела санкции отношении главы сбербанка германа грефа,2022-03-24 11:08:58
раньше всех. ну почти.,генеральный секретарь нато йенс столтенберг останется своём посту изза ситуации украине сообщает норвежская телекомпания ntv2 ежедневная газета dagens naeringsliv ссылкой,2022-03-24 11:02:52
раньше всех. ну почти.,южная корея запустила баллистических крылатых ракет строну японского моря ответ испытания северной кореи,2022-03-24 11:00:42
раньше всех. ну почти.,генпрокурор белоруссии направил верховный суд республики заявление признании организации нехта террористической,2022-03-24 10:52:41
раньше всех. ну почти.,youtube разблокировал каналы советское телевидение гостелерадиофонд советское радио гостелерадиофонд,2022-03-24 10:37:33
раньше всех. ну почти.,германия не состоянии немедленно ввести эмбарго уголь нефть газ россии министерство экономики защиты климата германии,2022-03-24 10:20:06
раньше всех. ну почти.,глава мид украины заявил киев ведет переговоры гарантиям безопасности сша британией германией францией турцией,2022-03-24 10:15:51
раньше всех. ну почти.,пользователи сообщают не добавить новые карты платежную систему компании apple ранее добавленные карты не работают,2022-03-24 10:13:53
раньше всех. ну почти.,премьерминистр великобритании борис джонсон предположил санкции россии могли затронуть золотой резерв необходимо экономической точки зрения можем например не россии использовать,2022-03-24 10:00:06
раньше всех. ну почти.,журналы рф смогут печататься полностью российской бумаге shkulev media holding,2022-03-24 09:50:14
раньше всех. ну почти.,кону существование россии мединский,2022-03-24 09:42:28
раньше всех. ну почти.,лидеры роста среди акций бирже первые минуты торгов,2022-03-24 09:27:37
раньше всех. ну почти.,брифинг минобороны россии ситуации 24 марта российские военные взяли контроль изюм харьковской области российская авиация поразила 60 военных объектов украины,2022-03-24 09:25:53
раньше всех. ну почти.,индекс мосбиржи резко растёт 10 открытии торгов,2022-03-24 09:23:17
раньше всех. ну почти.,российские войска полностью взяли контроль изюм харьковской области минобороны рф,2022-03-24 09:20:11
раньше всех. ну почти.,минпромторг россии находится постоянном контакте руководством автоваза группы рено заявили ведомстве предпринимаются необходимые действия скорейшего возврата стабильной работе конвейеров частности,2022-03-24 09:15:21
раньше всех. ну почти.,снимает ограничения перемещение государственную границу казахстаном монголией сообщает оперштаб 0 часов 00 минут московскому 30 марта 2022 сняты ограничения въезд,2022-03-24 09:05:36
раньше всех. ну почти.,администрации эрдогана назвали нереалистичной идею поставить украину приобретённые россии комплексы с400,2022-03-24 09:00:02
раньше всех. ну почти.,росрыболовство предлагает ввести россии госрегулирование цен рыбу коммерсант,2022-03-24 08:53:57
раньше всех. ну почти.,встреча президента рф владимира путина владимиром зеленским возможна условии предварительной выработки договорённостей двумя странами заявила спикер совета федерации валентина матвиенко,2022-03-24 08:52:34
раньше всех. ну почти.,лукойл купил сеть ека москве области сеть включает 85 заправок 33 автомоек станцию быстрой зарядки электромобилей,2022-03-24 08:40:01
раньше всех. ну почти.,подразделение управлению активами состоятельных клиентов инвестбанка rothschild co перестало принимать новых клиентов имеющих российское гражданство сообщило агентство bloomberg ссылкой осведомленные,2022-03-24 08:36:08
раньше всех. ну почти.,певица вера брежнева сообщила месяц находится италии помогает гуманитарной помощью беженцев,2022-03-24 08:20:06
раньше всех. ну почти.,цб рф опровергает информацию возможном взломе какойлибо информационных систем,2022-03-24 08:18:39
раньше всех. ну почти.,газета new york times ссылкой источники утверждает сформировал команду должностных лиц разработали сценарии ответных действий вашингтона союзников применит ядерное оружие,2022-03-24 08:15:06
раньше всех. ну почти.,власти японии не понимают выполняться требование россии оплате газ рублях расчетах недружественными странами заявил министр финансов сюнъити судзуки изучаем ситуацию,2022-03-24 08:10:06
раньше всех. ну почти.,власти индии одобрили предложение россии которое позволит инвестировать долговые ценные бумаги индийских компаний сообщает издание the print ссылкой высокопоставленных правительственных,2022-03-24 08:00:06
раньше всех. ну почти.,российские военнослужащие ходе разминирования сельхозугодий херсонской области обезвредили 12 взрывоопасных предметов минобороны рф,2022-03-24 07:51:16
раньше всех. ну почти.,кндр выпустила неопознанный снаряд сторону японского моря сми ссылкой военных южной кореи,2022-03-24 07:47:06
раньше всех. ну почти.,геополитическое напряжение повлекшее девальвацию рубля логистические проблемы привести падению импорта алкоголя россию 20–40 годовом выражении ожидают участники рынка сравнимо последствиями,2022-03-24 07:30:19
раньше всех. ну почти.,платежная система western union прекратила проведение денежных переводов россии 24 марта 1 апреля приостановлена возможность проведения операций внутри россии,2022-03-24 07:20:08
раньше всех. ну почти.,ограничение полетов 11 аэропортах южной центральной части россии продлено 0345 мск 1 апреля сообщила прессслужба росавиации рейсы не принимают аэропорты,2022-03-24 07:10:06
раньше всех. ну почти.,производственная деятельность площадки группы renault москве сегодняшнего дня приостановлена заявление renault,2022-03-23 22:06:12
раньше всех. ну почти.,renault решила приостановить операции рф источники reuters,2022-03-23 22:02:33
раньше всех. ну почти.,французский автопроизводитель renault намерен изучить возможные варианты сокращения деятельности территории россии связи ситуацией украине bloomberg,2022-03-23 21:38:03
раньше всех. ну почти.,франция не является участником конфликта украине не станет макрон,2022-03-23 21:31:55
раньше всех. ну почти.,макрон заявил готов продолжать диалог путиным столько потребуется добиться прекращения огня украине,2022-03-23 21:22:29
раньше всех. ну почти.,объем фонда национального благосостояния февраль сократился рублях 675 млрд 12935 трлн руб долларах 20 млрд 1548 млрд минфин рф,2022-03-23 21:22:16
раньше всех. ну почти.,увеличение концентрации цезия воздухе киева не вызывает радиологических проблем магатэ,2022-03-23 21:18:52
раньше всех. ну почти.,практически половина жителей германии выступают отказа поставок газа россии свидетельствуют результаты опроса проведенного социологическим институтом civey заказу издания spiegel 48,2022-03-23 20:51:36
раньше всех. ну почти.,роскомнадзор ограничил доступ интернетсервису newsgoogle территории рф доступ интернетсервису newsgoogle ограничен территории россии обеспечение доступа материалам содержащим недостоверную информацию ходе,2022-03-23 20:41:22
раньше всех. ну почти.,киеве обстрелом погибла журналистка the insider оксана баулина сообщает издание,2022-03-23 20:37:40
раньше всех. ну почти.,бывшая госсекретарь сша мадлен олбрайт скончалась возрасте 84,2022-03-23 20:34:53
раньше всех. ну почти.,мариуполя удалось эвакуировать 8 487 города спасено 81 958 сообщает минобороны рф сутки рф эвакуированы 17 929 специальной военной операции,2022-03-23 20:33:58
раньше всех. ну почти.,центробанк россии опровергает сообщения эльвира набиуллина якобы хотела уйти отставку ранее информацию отставке набиуллиной сообщил bloomberg ссылкой источника,2022-03-23 20:31:34
раньше всех. ну почти.,мэр мариуполя покинул сми,2022-03-23 20:30:03
раньше всех. ну почти.,сша не планируют вступать переговоры россии украины,2022-03-23 20:20:06
раньше всех. ну почти.,рф белоруссия 1 апреля отменят плату входящие роуминге союзном государстве,2022-03-23 20:11:44
раньше всех. ну почти.,мид рф передал посольству сша москве ноту списком выдворяемых американских дипсотрудников объявленных персонами нон грата ведомство,2022-03-23 20:01:43
раньше всех. ну почти.,компания adeo ответ призыв зеленского заявила магазины leroy merlin продолжат работу россии afp,2022-03-23 19:51:06
раньше всех. ну почти.,сша завтра объявят новых санкциях политических фигур бизнесменов рф,2022-03-23 19:50:47
раньше всех. ну почти.,минцифры рф работает предоставлением пользователям rutube возможности верификации аккаунта госуслуги ведомство,2022-03-23 19:48:33
раньше всех. ну почти.,служба доставки boxberry сообщила сбое изза ddosатаки пишет vcru службы проблемы работой личного кабинета физлиц юрлиц оформлением заказов отправкой получением,2022-03-23 19:45:06
раньше всех. ну почти.,отказ европы поставок газа россии не приведет апокалипсическому сценарию новак,2022-03-23 19:40:11
раньше всех. ну почти.,роскосмос переходит заключение контрактов другими странами рублях рогозин,2022-03-23 19:37:20
раньше всех. ну почти.,создание миротворческих миссий украине возможно случае одобрения советом безопасности оон соответствующего мандата фактическом наличии миссия обеспечивала заявил представитель генерального секретаря,2022-03-23 19:23:21
раньше всех. ну почти.,технически отключить россию gps сложно рогозин,2022-03-23 19:21:15
раньше всех. ну почти.,глава минэкономики фрг назвал нарушением контрактов намерение россии производить расчеты газ рублях,2022-03-23 19:20:04
раньше всех. ну почти.,журналист александр невзоров завели уголовное распространение фейков действиях российских военных находится израиле плановая поездка сообщила лидия невзорова касается эмиграции не,2022-03-23 19:17:54
раньше всех. ну почти.,пользователи сообщают крупном сбое telegram судя сервису downdetector жалоб тысячи видите сообщение прогрузилась картинка порядке,2022-03-23 18:58:53
раньше всех. ну почти.,премьерминистр британии джонсон пообещал зеленскому лидеры g7 сделают возможное усиления переговорной позиции киева reuters,2022-03-23 18:56:41
раньше всех. ну почти.,брифинг минобороны россии ситуации 23 марта российскими средствами пво уничтожены 9 украинских беспилотных летательных аппаратов районах населенных пунктов изюм киев,2022-03-23 18:53:54
раньше всех. ну почти.,германия намерена предоставить украине 2 тысячи ручных гранатометов запасов бундесвера агентство dpa ссылкой собственные источники,2022-03-23 18:46:50
раньше всех. ну почти.,сообщения дефиците лекарств медизделий медорганизациях москвы не соответствуют действительности депздрав москвы,2022-03-23 18:45:20
раньше всех. ну почти.,советник экономике премьера италии считает следует продолжать оплачивать российский газ евро решений не принималось,2022-03-23 18:35:14
раньше всех. ну почти.,французская компания danone продолжит локальное производство основных молочных продуктов продуктов детского питания территории россии сообщило reuters ссылкой заявление компании danone,2022-03-23 18:25:57
раньше всех. ну почти.,агентство контролю оборонным экспортом израиля заблокировало попытку украины приобрести программу слежки pegasus израильской компании nso group сообщила газета вашингтон пост,2022-03-23 18:15:01
раньше всех. ну почти.,швеция предоставит украине 5000 единиц противотанкового оружия минобороны швеции,2022-03-23 18:10:01
раньше всех. ну почти.,газовая промышленность фрг сбита толку заявлением президента рф владимира путина переводе расчетов поставки российского природного газа рубли заявил агентству dpa,2022-03-23 18:05:43
раньше всех. ну почти.,лук рф 12 18 марта подорожал 137 помидоры 82 бананы 78 капуста 64 морковь 56 свекла 52 росстат,2022-03-23 18:03:55
раньше всех. ну почти.,сахар рф 12 18 марта подорожал 138 соль 4 рис 39 гречка 33 росстат,2022-03-23 18:03:32
раньше всех. ну почти.,отечественные легковые автомобили подорожали рф 18 марта 207 иномарки импортированные российской сборки 237 росстат,2022-03-23 18:02:44
раньше всех. ну почти.,австрийская omv продолжит платить российский газ евро договорной базы глава компании,2022-03-23 17:55:01
раньше всех. ну почти.,основатель организации wikileaks джулиан ассанж находящийся лондонской тюрьме белмарш сыграл свадьбу своим адвокатом стеллой моррис сообщило среду агентство pa церемония,2022-03-23 17:52:23
раньше всех. ну почти.,путин телефону обсудил премьерминистром израиля беннетом ситуацию украине сообщает кремль нафтали беннет поделился оценками ситуации украины учётом состоявшихся контактов лидерами,2022-03-23 17:42:50
раньше всех. ну почти.,совфед одобрил закон уголовном наказании распространение недостоверной информации публичную дискредитацию госорганов рф работающих рубежом штрафы соответствующие деяния составят 5 млн,2022-03-23 17:32:17
раньше всех. ну почти.,цена нефти марки brent лондонской бирже ice превысила 122 баррель впервые 9 марта данные торгов,2022-03-23 17:22:11
раньше всех. ну почти.,сша франция италия германия британия призывают сербию самопровозглашенную республику косово воздерживаться любых действий усиливающих напряженность говорится совместном заявлении подготовленном правительствами,2022-03-23 17:20:04
раньше всех. ну почти.,международная федерация плавания возбудила отношении двукратного чемпиона олимпиады евгения рылова посещение концертамитинга лужниках релиз,2022-03-23 17:15:16
раньше всех. ну почти.,всероссийская федерация плавания объявила снятии российских спортсменов турниров международной федерации плавания конца,2022-03-23 17:12:20
раньше всех. ну почти.,чемпионат 2022 плаванию не пройдет казани даты останутся прежними fina ведет переговоры новым потенциальным хозяином релиз,2022-03-23 17:11:54
раньше всех. ну почти.,кризис беженцев украине растет скоростью не виданной мировой представитель ес оон олаф скуг,2022-03-23 17:10:01
раньше всех. ну почти.,втб начинает новым условиям ипотечной госпрограммы анонсированы правительством клиенты начинать подавать заявки первые сделки банк проведет даты вступления силу соответствующего,2022-03-23 17:05:11
раньше всех. ну почти.,цена газа европе превысила 1500 долларов тысячу кубометров впервые марта данные торгов,2022-03-23 17:04:11
раньше всех. ну почти.,депутаты парламента литвы предложили приравнять георгиевскую ленточку букву z нацистским коммунистическим символам демонстрацию грозить штраф 500 евро сообщает агентство elta,2022-03-23 16:56:27
раньше всех. ну почти.,латвия потеряв грузы рф белоруссии тратить 60 евро жд инфраструктуру минсообщения латвии,2022-03-23 16:55:11
раньше всех. ну почти.,цены нефть ускорили рост 5 brent торгуется выше 1216 баррель wti 115 данные торгов,2022-03-23 16:50:37
раньше всех. ну почти.,выпущенный территории украины снаряд разорвался селе белгородской области пострадавшие губернатор,2022-03-23 16:42:54
раньше всех. ну почти.,доллар часа заявлений путина продаже газа рубли потерял 45 руб стоит 992 руб данные торгов,2022-03-23 16:34:19
раньше всех. ну почти.,пользователи rutube смогут авторизоваться госуслуги случае смогут публиковать видео предварительной модерации замглавы комитета госдумы информационной политике антон горелкин,2022-03-23 16:30:31
раньше всех. ну почти.,роскомнадзор уточняет не сервис ресурс данными утечки яндекседы внесен реестр нарушителей прав субъектов персональных данных доступ ограничен,2022-03-23 16:19:43
раньше всех. ну почти.,доля импортной составляющей строительстве россии невелика поэтому основные стройки не остановятся наоборот ускорены заявил вицепремьер рф марат хуснуллин совещании владимиром,2022-03-23 16:09:07
раньше всех. ну почти.,сайт яндекседа внесен реестр нарушителей прав субъектов персональных данных доступ ограничен роскомнадзор,2022-03-23 16:06:15
раньше всех. ну почти.,льготные ипотечные программы россии сохранятся заявил вицепремьер марат хуснуллин встрече президентом владимиром путиным ипотечные программы семейная 6 дальневосточная 2 сельская,2022-03-23 16:00:56
раньше всех. ну почти.,анатолий чубайс банкомата стамбуле покинул россию коммерсант,2022-03-23 15:52:44
раньше всех. ну почти.,чубайс уволился собственному желанию заявил риа новости песков уехалне уехал личное добавил песков,2022-03-23 15:48:41
раньше всех. ну почти.,уход некоторых торговых марок не означает россиян проблемы покупке одежды заявил глава минпромторга рф денис мантуров потребители привыкли многообразию торговых,2022-03-23 15:45:23
раньше всех. ну почти.,членство украины нато не значится повестке саммита альянса столтенберг,2022-03-23 15:42:53
раньше всех. ну почти.,нато не отправит войска украину заявил столтенберг комментируя предложение польши послать миротворческие силы альянса,2022-03-23 15:40:49
раньше всех. ну почти.,путин поговорил шольцем обсуждении украины сфокусировались российскоукраинских переговорах путин изложил соображений контексте принципиальных позиций россии переговорах кремль,2022-03-23 15:36:00
раньше всех. ну почти.,фсб сообщает задержании норильске сторонника запрещённой рф террористической организации игил готовившего теракт показаниям задержанного использованием самодельного взрывного устройства планировал совершить,2022-03-23 15:31:25
раньше всех. ну почти.,представители чубайса подтвердили покинул должность спецпредставителя президента рф решение чубайса покинуть пост не отразится развитии климатической повестки россии заявил советник,2022-03-23 15:23:27
раньше всех. ну почти.,запасы лекарств россиянам не стоит проблем производством поставками глава минздрава рф,2022-03-23 15:23:06
раньше всех. ну почти.,заявления приостановке деятельности ряда брендов не оказали серьезного влияния рынок рф однозначном уходе заявили единицы мантуров,2022-03-23 15:18:56
раньше всех. ну почти.,временно рф торговых марок не означает россиян проблемы покупкой одежды мантуров,2022-03-23 15:09:47
раньше всех. ну почти.,складские запасы средствам личной гигиены товаров детей бытовой химии рф варьируются 2 недель 3 месяцев торговли мантуров,2022-03-23 15:09:00
раньше всех. ну почти.,попавший следствие журналист невзоров находится границей источник риа новости,2022-03-23 15:05:41
раньше всех. ну почти.,власти лнр не заниматься репрессиями не никого преследовать освобожденных киевских силовиков территориях республики заявил глава лнр леонид пасечник ходе встречи,2022-03-23 14:58:09
раньше всех. ну почти.,беженцам донбасса ростовской области помощь оказывается высшем уровне представитель оон,2022-03-23 14:54:34
раньше всех. ну почти.,байден применение россией химического оружия представляет реальную угрозу reuters,2022-03-23 14:49:38
раньше всех. ну почти.,цены газ европе растут 10 близки 1250 тысячу кубометров,2022-03-23 14:47:32
раньше всех. ну почти.,ажиотажный спрос рынке продовольствия рф фактически спал путин,2022-03-23 14:40:01
раньше всех. ну почти.,перестает стороной европейской конвенции защите прав человека 16 сентября 2022 заявление еспч,2022-03-23 14:33:30
раньше всех. ну почти.,доллар бирже 100 рублей,2022-03-23 14:29:48
раньше всех. ну почти.,платежи граждан ипотеке оформленной повышения ключевой ставки останутся уровне конца февраля мишустин,2022-03-23 14:27:21
раньше всех. ну почти.,франция заморозила активы российских олигархов сумму 800 евро представитель правительства франции,2022-03-23 14:26:42
раньше всех. ну почти.,продолжит поставлять газ объемам ценам заключенных ранее контрактах рф дорожит репутацией путин,2022-03-23 14:25:53
раньше всех. ну почти.,путин поручил директиву газпрому переводу контрактов рубли,2022-03-23 14:24:14
раньше всех. ну почти.,коллективный запад заморозкой российских резервов объявил дефолт россией подвёл черту надёжностью валют путин,2022-03-23 14:23:29
раньше всех. ну почти.,литва связи наплывом беженцев украины вводит досмотр пассажирского автотранспорта въезжающего польши мвд литвы,2022-03-23 14:20:38
раньше всех. ну почти.,ремонт вышедших строя результате шторма выносных причальных устройств впу занять не 15 месяца экспорт нефти ктк мировые рынки приостановлен заявил,2022-03-23 14:15:12
раньше всех. ну почти.,анатолий чубайс ушел поста специального представителя президента россии вопросам устойчивого развития уехал страны bloomberg ссылкой осведомленных источников,2022-03-23 14:02:40
раньше всех. ну почти.,госсекретарь совета безопасности белоруссии александр вольфович опроверг информацию якобы проходящей мобилизации республике,2022-03-23 13:55:06
раньше всех. ну почти.,швейцарский концерн nestlé изза событий украине приостанавливает рф работу брендов kitkat nesquik заявление,2022-03-23 13:47:24
раньше всех. ну почти.,канцлер фрг олаф шольц заявил принятые рф санкции тяжело сказываются гражданах ес евросоюз продолжит ужесточать санкционные меры отношении россии,2022-03-23 13:45:06
раньше всех. ну почти.,24 марта начнутся торги 33 акциями входящими индекс московской биржи imoex цб рф,2022-03-23 13:41:52
раньше всех. ну почти.,канцлер фрг олаф шольц исключил возможность привлечения нато событиям украине числе отправкой миротворцев созданием бесполетной зоны разумеется слышу голоса требует,2022-03-23 13:41:08
раньше всех. ну почти.,отличие нефти которую можем купить странах например саудовской аравии доставить страны например польшу российский газ заменить гендиректор французского нефтегазового гиганта,2022-03-23 13:30:56
раньше всех. ну почти.,разрушенный мариуполь высоты,2022-03-23 13:25:06
раньше всех. ну почти.,финляндии ближайшие недели прекратиться выход газет изза дефицита печатной бумаги числе импортируемой россии сообщил порталу телерадиовещания yle исполнительный директор союза,2022-03-23 13:15:02
раньше всех. ну почти.,украинский боксер александр усик покинет страну ради поединка британца энтони джошуа сообщает телеканал espn ссылкой источники информации источника усик покинет,2022-03-23 13:10:06
раньше всех. ну почти.,южная корея 1 апреля возобновит безвизовый режим рф условием предварительной регистрации путешественников системе электронной авторизации korea electronic traver authorization keta,2022-03-23 13:05:21
раньше всех. ну почти.,министерство иностранных азербайджана назвало необоснованными утверждения армянской стороны перекрытии газоснабжения карабахе,2022-03-23 12:56:34
раньше всех. ну почти.,исполком рфс не поддержал предложение рпл расширению лиги 18 клубов сообщает матч тв российский футбольный союз отклонил выбор большинства клубов,2022-03-23 12:52:50
раньше всех. ну почти.,каспийский трубопроводный консорциум ктк сообщил погрузка нефти терминале полностью остановлена прием трубопровод продолжается резервуаров хватит конца четверга ктк не провести,2022-03-23 12:42:02
раньше всех. ну почти.,ес одобрил соглашение украиной которое позволит предоставлять киеву засекреченную информацию числе спутниковые снимки bloomberg,2022-03-23 12:34:05
раньше всех. ну почти.,никакая формата g20 не исключить россию мид китая,2022-03-23 12:24:03
раньше всех. ну почти.,киев провели обмена пленными мид рф,2022-03-23 12:06:00
раньше всех. ну почти.,высокие риски раннего возникновения лесных пожаров прогнозируются юге центрального федерального округа алтайском крае кемеровской области юге дальнего востока сообщил научный,2022-03-23 12:00:54
раньше всех. ну почти.,путину не поступала информация военной прокуратуры срочники оказались украине песков,2022-03-23 11:57:03
раньше всех. ну почти.,пресссекретарь президента россии дмитрий песков заявил площадке одкб не обсуждается тема задействования подразделений стран специальной военной операции которую проводит территории,2022-03-23 11:54:10
раньше всех. ну почти.,кремле не стали комментировать обмен пленными россией украиной пресссекретарь главы государства дмитрий песков отметил вопросами занимается минобороны,2022-03-23 11:53:18
раньше всех. ну почти.,закон наказании фейки вс рф достаточно жесткий полностью соответствует ситуации тотальной информационной войны песков,2022-03-23 11:52:27
раньше всех. ну почти.,песков идее ввода миротворцев нато украину опрометчиво опасно соприкосновение привести труднопоправимым последствиям,2022-03-23 11:51:46
раньше всех. ну почти.,минобороны сочтет нужным предоставит новую информацию потерям российских вооруженных силах ходе спецоперации украине песков,2022-03-23 11:51:29
раньше всех. ну почти.,зарубежный автоконцерн возобновляет автокредитные программы российскими банками китайский автопроизводитель cheryexceed совкомбанк объявили рестарте программы беспроцентной рассрочки покупку автомобилей марки сроком,2022-03-23 11:50:06
раньше всех. ну почти.,вицепремьер молдавии андрей спыну подтвердил провести аудит долга молдовагаз газпромом оговоренные сроки не удастся,2022-03-23 11:45:31
раньше всех. ну почти.,депутатам государственной думы единой россии запретили уезжать россии разрешения главы фракции владимира васильева,2022-03-23 11:40:28
раньше всех. ну почти.,полиция екатеринбурга временно прекратила ремонт импортных служебных автомобилей приостановке использования исправных машин речи не идет сообщил риа новости руководитель прессслужбы,2022-03-23 11:35:06
раньше всех. ну почти.,объем инвестиций топливноэнергетический сектор россии итогам 2021 составил 44 триллиона рублей заявил вицепремьер рф александр новак итогам прошлого доля тэк,2022-03-23 11:30:06
раньше всех. ну почти.,нехватка дизеля европе изза санкций рф дестабилизировать рынок региона ес ввести нормы потребления топлива новак,2022-03-23 11:26:02
раньше всех. ну почти.,авиакомпания получила разрешение росавиации техобслуживание boeing airbus российской регистрацией разрешение получил технический блок россии санктпетербурге уточнили прессслужбе компании позволяет проводить,2022-03-23 11:25:06
раньше всех. ну почти.,российских углеводородов рынке нефти газа случится коллапс рост цен энергоресурсы непредсказуемым новак,2022-03-23 11:24:23
раньше всех. ну почти.,возможный уход рынка великобритании подразделения компании газпром розничным поставкам gazprom marketing trading limited 30 корпоративных клиентов поставит грань разорения десятки,2022-03-23 11:20:06
раньше всех. ну почти.,президент международного комитета красного креста мккк петер маурер прибыл москву продолжить обсуждение вопросов гуманитарного характера российскими властями сообщила прессслужба международной,2022-03-23 11:15:06
раньше всех. ну почти.,госдума заседании среду отклонила втором чтении законопроект регулировании таксомоторной деятельности внесен рассмотрение палаты 2018,2022-03-23 11:06:42
раньше всех. ну почти.,направление миротворцев нато украину привело прямому столкновению вооруженных сил рф альянса лавров,2022-03-23 10:49:59
раньше всех. ну почти.,росздравнадзор работает игроками фармрынка не видит никаких рисков лекарств складах достаточно прорабатываются новые варианты поставок заявила риа новости глава ведомства,2022-03-23 10:36:26
раньше всех. ну почти.,переговоры россии украины идут тяжело украинская постоянно меняет позицию лавров,2022-03-23 10:33:24
раньше всех. ну почти.,госдума трех чтениях приняла предложенный единой россией законопроект признании участников спецоперации украине ветеранами боевых действий,2022-03-23 10:29:48
раньше всех. ну почти.,минобороны россии показывает кадры удара украинским военным объектам удар восемью ракетами калибр,2022-03-23 10:11:05
раньше всех. ну почти.,минобороны россии показывает кадры удара береговых ракетных комплексов бастион военной инфраструктуре украинской армии,2022-03-23 10:08:21
раньше всех. ну почти.,брифинг минобороны россии 23 марта вс рф высокоточным оружием морского базирования уничтожен крупный арсенал вооружением военной техникой всу 14 км,2022-03-23 09:59:34
раньше всех. ну почти.,генпрокуратура рф сообщает выходит международной ассоциации прокуроров,2022-03-23 09:55:11
раньше всех. ну почти.,турция не намерена отказываться с400 просьбе сша заявил глава управления оборонной промышленности турции исмаил демир,2022-03-23 09:48:57
раньше всех. ну почти.,командир киевского полка территориальной обороны националистического азова владислав соболевский призвал западных дипломатов привезти мариуполь оружие вступить ряды формирования,2022-03-23 09:43:54
раньше всех. ну почти.,потребительские цены великобритании феврале 2022 подскочили 62 сравнению месяцем прошлого свидетельствуют данные национального статистического управления ons страны рост цен рекордным,2022-03-23 09:22:12
раньше всех. ну почти.,госсекретарь совета безопасности белоруссии александр вольфович вооруженные силы силы средства военной организации государства готовы защитить страну территории страны президент официально,2022-03-23 09:10:06
раньше всех. ну почти.,медведев американской стратегии американцев интересует будущее речь не идёт собственных доходах доме планах своё поражён президентов сша ответ ближневосточным регионом,2022-03-23 08:57:19
раньше всех. ну почти.,фас проверит обоснованность роста цен бумагу заявление,2022-03-23 08:53:35
раньше всех. ну почти.,министерство образования афганском правительстве сформированном радикальным движением талибан запретило девочкам средних старших классов посещать занятия школах сообщил афганский телеканал ариана,2022-03-23 08:42:53
раньше всех. ну почти.,полностью российский чип транспортной карты тройка проходит финальное тестирование производителем выпуском масштабное производство переход никак не скажется функционале карты сообщает,2022-03-23 08:40:16
раньше всех. ну почти.,московских аптеках стремительно раскупают популярные импортные жаропонижающие детей формате сиропов выяснил рбк речь идет препаратах парацетамола производства французской компании upsa,2022-03-23 08:30:53
раньше всех. ну почти.,федеральная налоговая служба россии сократила срок проверки деклараций граждан получения налоговых вычетов 15 дней сообщает издание рбк ссылкой источники нововведение,2022-03-23 08:20:12
раньше всех. ну почти.,посол россии индонезии заявил путин планирует принять участие саммите g20 reuters,2022-03-23 08:10:06
раньше всех. ну почти.,обсуждение подписания мирного договора россии японии невозможно ввиду недружественной политики токио заявила официальный представитель мид рф мария захарова эфире радио,2022-03-23 08:05:11
раньше всех. ну почти.,американский стриминговый сервис netflix удалил приложение app store google play россии,2022-03-23 07:56:56
раньше всех. ну почти.,данным мвд россии 18 февраля временное убежище рф получили 12 тыс жителей самопровозглашенных днр лнр украины разместили 10 регионах рф,2022-03-23 07:45:11
раньше всех. ну почти.,американские сенаторы министр финансов сша обсудят законопроект блокировке золотого резерва рф двухпартийная группа сенаторов сша работает совместно министерством финансов заблокировать,2022-03-23 07:30:34
раньше всех. ну почти.,джейк салливан советник президента сша нацбезопасности сша союзниками изучают исключения россии двадцатки,2022-03-23 07:15:07
раньше всех. ну почти.,зеленский сообщил переговоры россией шаг шагом идут вперед словам президента идут сложно скандально продвигаются,2022-03-23 07:00:06
раньше всех. ну почти.,глава офиса президента украины ермак сообщил киеве ожидают телефонный разговор зеленского лидера кнр си цзиньпина,2022-03-22 22:38:16
раньше всех. ну почти.,спецоперация рф украине повлияет содержание новой редакции стратегии нацбезопасности сша пентагон,2022-03-22 22:17:12
раньше всех. ну почти.,рейтинг одобрения байдена сша упал рекордного минимума 40 опрос reutersipsos,2022-03-22 21:50:09
раньше всех. ну почти.,президент украины зеленский примет онлайн участие саммите нато конце недели детали проработаны интерфаксукраина ссылкой пресссекретаря,2022-03-22 21:08:39
раньше всех. ну почти.,лидеры стран ес саммите неделе собираются выразить готовность необходимость новым санкциям россии сообщает итальянский телеканал tgcom24 ссылкой черновой вариант текста,2022-03-22 20:45:06
раньше всех. ну почти.,макрон провел телефонный звонок путиным кремль лидеры обменялись мнениями ситуации украины числе ходе переговоров российскими украинскими представителями,2022-03-22 20:43:04
раньше всех. ну почти.,песков рф использовать ядерное оружие случае реальной угрозы стране,2022-03-22 20:40:25
раньше всех. ну почти.,песков эфире cnn российские военные не наносят удары гражданским целям целью спецоперации не является оккупация украины,2022-03-22 20:23:40
раньше всех. ну почти.,правительство фрг проигнорировало просьбу украинских властей предоставлении киеву тяжелых вооружений сообщила газета bild ссылкой собственные источники информации издания посольство украины,2022-03-22 20:20:14
раньше всех. ну почти.,песков назвал фейком сообщения трудовых лагерях беженцев украины россии,2022-03-22 20:17:48
раньше всех. ну почти.,специальная военная операция украине идет четко соответствии заранее установленными планами задачами не думал операция займет пару дней песков,2022-03-22 20:12:31
раньше всех. ну почти.,заявил ближайшие дни сша расскажут новых санкциях россии,2022-03-22 20:07:42
раньше всех. ну почти.,совет ес разъяснил страны евросоюза имеют право лишить статуса беженцев граждан украины представляют угрозу национальной безопасности совершали уголовные военные преступления,2022-03-22 20:00:06
раньше всех. ну почти.,землетрясение магнитудой 69 произошло берегов тайваня геологический центр сша,2022-03-22 19:57:02
раньше всех. ну почти.,кгб белоруссии ликвидировал резидентуру украины действовавшую дипломатическим прикрытием заявил заместитель начальника следственного управления кгб константин бычек общей численности дипломатической миссии,2022-03-22 19:50:06
раньше всех. ну почти.,псаки сообщила заразилась коронавирусом байдена тест отрицательный,2022-03-22 19:48:42
раньше всех. ну почти.,рекордный рост цен пшеницу изза событий украине отмечен чехии сравнению мартом прошлого подскочили раза сообщило чешское телевидение ссылкой союз пекарей,2022-03-22 19:30:58
раньше всех. ну почти.,вицепремьер украины ирина верещук подвергла критике венгрию отказ поддержать санкции россии высказала подозрения венгерские власти якобы желают присоединить закарпатскую область,2022-03-22 19:20:06
раньше всех. ну почти.,французская компания total приостановку деятельности россии заявление,2022-03-22 19:13:51
раньше всех. ну почти.,сша не собираются закрывать посольство москве посол рф,2022-03-22 19:05:40
раньше всех. ну почти.,телеканал cnn ссылкой неназванных представителей сша нато утверждает согласно оценкам альянса белоруссия готовится вскоре присоединиться специальной военной операции россии украине,2022-03-22 18:56:42
раньше всех. ну почти.,google начал вывозить сотрудников московского офиса сообщают источники bloomberg данным собеседников агентства google не исключают претензии youtube причиной прекращения работы,2022-03-22 18:51:32
раньше всех. ну почти.,премьерминистр дании метте фредериксен заявила украинских беженцев не следует интегрировать датское общество поскольку какоето должны отправиться домой восстанавливать страну передает,2022-03-22 18:50:01
раньше всех. ну почти.,брифинг минобороны россии ситуации 22 марта российскими средствами пво сбиты воздухе украинских беспилотных летательных аппаратов числе байрактар тб2 районе мерефы,2022-03-22 18:42:27
раньше всех. ну почти.,данным следствия александр невзоров 9 марта 2022 публичной странице запрещенной российской федерации социальной сети инстаграм 19 марта 2022 канале youtube,2022-03-22 18:39:44
раньше всех. ну почти.,ск рф возбудил уголовное журналиста александра невзорова,2022-03-22 18:32:59
раньше всех. ну почти.,рособрнадзор изза рисков распространения коронавируса переносит проведение школах всероссийских проверочных работ весны осень,2022-03-22 18:07:21
раньше всех. ну почти.,президент польши заявил основополагающий акт рфнато отношениях сотрудничестве безопасности перестал существовать,2022-03-22 17:46:14
раньше всех. ну почти.,госдуму внесли проект признании участников спецоперации украине донбассе ветеранами боевых действий,2022-03-22 17:33:59
раньше всех. ну почти.,финский концерн nokian tyres прекращает инвестиции производство автомобильных шин территории рф сообщает прессслужба компании компания продолжит выпуск шин своём заводе,2022-03-22 17:20:57
раньше всех. ну почти.,очевидцы выкладывают кадры ударов аэропорту краматорска осторожно нецензурная лексика,2022-03-22 17:02:53
раньше всех. ну почти.,роскомнадзор вынес редакции новой газеты официальное письменное предупреждение отсутствие маркировки нкоиноагента ведомство,2022-03-22 16:55:34
раньше всех. ну почти.,оборот рекламы русскоязычных телеграмканалах i квартал 2022 вырасти 50 112 млрд рублей отношению оборотам iv квартал 2021 сообщил тасс руководитель,2022-03-22 16:52:28
раньше всех. ну почти.,баскетбольная евролига дисквалифицировала российские клубы цска уникс зенит результаты аннулированы источник риа новости,2022-03-22 16:44:01
раньше всех. ну почти.,власти молдавии не видят угроз стороны россии глава мид молдавии,2022-03-22 16:32:59
раньше всех. ну почти.,ес обсуждает новые санкции отношении рф связи продолжением военных действий украине госсекретарь мид франции,2022-03-22 16:28:31
раньше всех. ну почти.,работы ликвидации опасных отходов байкальского комбината отложены 2022 2023 изза импортозамещения минприроды,2022-03-22 16:22:28
раньше всех. ну почти.,конфликт украине грозит глобальным голодом генсек оон гутерриш,2022-03-22 16:20:23
раньше всех. ну почти.,дистрибьюторы сформировали запас лекарств хватит месяца сообщила тасс директор сро ассоциация независимых аптек глава альянса фармацевтических ассоциаций виктория преснякова,2022-03-22 16:09:31
раньше всех. ну почти.,польша рамках санкций россии заморозила счетах 140 злотых 33 долларов правительство,2022-03-22 15:59:34
раньше всех. ну почти.,ряду ключевых связанных ситуацией украине просматриваются элементы прогресса генеральный секретарь оон антониу гутерриш,2022-03-22 15:57:49
раньше всех. ну почти.,шведский производитель косметики парфюмерии oriflame реализующий продукцию методом прямых продаж приостанавливает инвестиции маркетинговую активность тренинги рф сообщила компания oriflame прекратит,2022-03-22 15:44:59
раньше всех. ну почти.,вывозит дипломатов туристов турции авиакомпания nordstar принадлежит норникелю вчера вернула спецрейсом турции москву 69 российских граждан рейс организован благодаря тесному,2022-03-22 15:40:29
раньше всех. ну почти.,моторинвест заключил минпромторгом рф липецкой областью специнвестконтракт производству электромобилей инвестиции компании превысят 13 миллиардов рублей автопроизводитель намерен выпустить 242 электромобилей,2022-03-22 15:30:06
раньше всех. ну почти.,азербайджан перекрыл газоснабжение карабаха мид армении,2022-03-22 15:28:38
раньше всех. ну почти.,ес готов росту цен энергоносители дефициту зерновых мид греции,2022-03-22 15:25:06
раньше всех. ну почти.,камаз несмотря позицию иностранных партнеров продолжит работу планов сокращению производства вицепремьер рф борисов,2022-03-22 15:20:06
раньше всех. ну почти.,сша не просили европейских партнеров индию прекратить поставки энергоносителей россии заявила замгоссекретаря сша политическим делам виктория нуланд,2022-03-22 15:13:07
раньше всех. ну почти.,фракция социалдемократов литвы призывает правительство прислушаться сигналам тревоги посылаемых фермерами сообщает sputnik литва ссылкой прессслужбу партии правительство не изменит ндс,2022-03-22 14:53:36
раньше всех. ну почти.,объединенная авиастроительная корпорация поставит заказчику серийных самолета мс21 конца сообщил глава минпромторга денис мантуров ранее сообщалось первым эксплуатантом самолета мс21,2022-03-22 14:41:40
раньше всех. ну почти.,россии возможно придется попрощаться кемто иностранных автопроизводителей вечно решения работе стране глава минпромторга рф мантуров,2022-03-22 14:33:55
раньше всех. ну почти.,суд приговорил алексея навального 9 годам строгого режима делу мошенничестве оскорблении суда суд назначил навальному штраф 12 миллиона рублей 15,2022-03-22 14:26:02
раньше всех. ну почти.,шоумен гарик мартиросян опроверг информацию якобы заменит ивана урганта первом канале ранее сми появились сообщения шоу вечерний ургант первом канале,2022-03-22 14:22:22
раньше всех. ну почти.,президент путин проведет очередное совещание правительством среду 23 марта совещании обсуждаться реализация программ инфраструктурного жилищного строительства кремль,2022-03-22 14:12:20
раньше всех. ну почти.,противодействие распространению фейков вооруженных силах рф требует усиленного контроля важна пресечению злонамеренной активности включая незаконные протестные акции заявил зампредседателя совбеза,2022-03-22 14:11:15
раньше всех. ну почти.,суд москве впервые арестовал фигуранта уголовного дела распространении заведомо ложной информации использовании вс рф,2022-03-22 13:28:02
раньше всех. ну почти.,госдума приняла 2 чтении законопроект поправками ук распространяющими ответственность фейки не вооруженных силах рф госорганах рубежом,2022-03-22 13:26:02
раньше всех. ну почти.,госдума приняла закон разрешает маркировать импортный алкоголь территории всей страны не калининградской области,2022-03-22 13:25:06
раньше всех. ну почти.,развертывание китаем военной инфраструктуры построенных искусственных островах южнокитайском море соответствует положениям международного права заявил представитель мид кнр ван вэньбинь размещение,2022-03-22 13:15:05
раньше всех. ну почти.,самолеты военновоздушных сил ввс венгрии подняты тревоге понедельник перехвата неопознанного летательного аппарата попал воздушное пространство страны стороны украины данным сми,2022-03-22 13:00:01
раньше всех. ну почти.,россию апреле покинуть 70100 рамках волны эмиграции itспециалистов прогноз дали российской ассоциации электронных коммуникаций раэк первая волна 5070 уехали сдерживает,2022-03-22 12:55:06
раньше всех. ну почти.,госдума приняла втором третьем чтениях закон отменяет уплату ндфл процентных доходов полученных вкладам банках 20212022 годах,2022-03-22 12:49:00
раньше всех. ну почти.,российский союз туриндустрии сообщил ажиотажном спросе отдых санаториях регионах россии,2022-03-22 12:40:01
раньше всех. ну почти.,бельгия категорически не рекомендует своим гражданам отправляться украину вступления ряды вооруженных сил страны иностранного легиона формировании заявлял владимир зеленский сообщил,2022-03-22 12:35:22
раньше всех. ну почти.,ответственность граждан использование vpnсервисов введена не случае запрета таких ресурсов сенатор клишас интервью риа новости,2022-03-22 12:25:54
раньше всех. ну почти.,сенатор клишас заявил риа новости допускает возможность введения запрета vpnсервисов,2022-03-22 12:24:26
раньше всех. ну почти.,людей должна возможность приобретать необходимые медицинские препараты несмотря любые санкции мишустин,2022-03-22 12:23:30
раньше всех. ну почти.,международное право практически не работает возможностей отстаивания интересов русских границей песков,2022-03-22 12:19:32
раньше всех. ну почти.,мнение несогласных спецоперацией рф украине слышат кремле абсолютное меньшинство 25 песков,2022-03-22 12:18:19
раньше всех. ну почти.,песков отверг предположение байдена возможных кибератаках стороны рф подчеркнув бандитизмом не занимается,2022-03-22 12:16:32
раньше всех. ну почти.,песков заявил рф не создает никаких специальных структур освобожденных националистов территориях украины,2022-03-22 12:16:25
раньше всех. ну почти.,обнародование деталей переговоров рф украины навредить процессу идет медленнее хотелось кремль,2022-03-22 12:16:12
раньше всех. ну почти.,президент украины зеленский заявил разговаривал папой римским франциском приветствовал посредническую роль отношениях россией,2022-03-22 12:11:51
раньше всех. ну почти.,представитель воз польше полмиллиона беженцев польше нуждаются поддержке связи психическими расстройствами 30 000 имеют серьезные проблемы психическим здоровьем,2022-03-22 12:05:15
раньше всех. ну почти.,премьер японии заявил сотрудничество рф невозможно речь бизнесе отметил важность проектов необходимых национальных интересов,2022-03-22 11:49:49
раньше всех. ну почти.,пользователи конца марта перейдут обновленную версию мобильного приложения госуслуг глава минцифры рф максут шадаев,2022-03-22 11:46:24
раньше всех. ну почти.,модернизированный стратегический ракетоносец ту160 выпущены нынешнем сообщил вицепремьер рф юрий борисов,2022-03-22 11:40:08
раньше всех. ну почти.,заместитель министра иностранных рф сергей рябков заявил эфире программы 60 минут телеканале россия1 начало специальной военной операции россии украине отменить,2022-03-22 11:30:06
раньше всех. ну почти.,российский реестр переведено 800 самолетов потеряла 78 самолётов арестованы глава минтранса россии савельев,2022-03-22 11:18:59
раньше всех. ну почти.,западу не удастся поставить россию колени мид рф,2022-03-22 11:09:19
раньше всех. ну почти.,россию не лишить места совете безопасности оон невозможно уставу организации постпред рф,2022-03-22 11:08:32
раньше всех. ну почти.,возврата прошлому отношениях сша западными странами не замглавы мид россии рябков,2022-03-22 11:06:53
раньше всех. ну почти.,казанский авиационный завод сп горбунова сможет производить минимум 10 пассажирских самолетов ту214 заявил вицепремьер рф юрий борисов ходе рабочей поездки,2022-03-22 10:56:32
раньше всех. ну почти.,госдуме не прорабатывается инициатива законодательному ограничению применение vpnсервисов использовании соцсетей instagram facebook сообщил интерфаксу глава комитета думы информационной политике информационным,2022-03-22 10:49:47
раньше всех. ну почти.,алексей навальный признан виновным оскорблении судьи рассматривала уголовное блогера оскорблении ветерана,2022-03-22 10:42:58
раньше всех. ну почти.,табуны айтишников покинули рф конце февраля начале марта основном ближнее зарубежье думаю какоето вернутся касперская,2022-03-22 10:31:08
раньше всех. ну почти.,надеяться айфоны кирпич не превратятся глава минцифры рф шадаев,2022-03-22 10:21:17
раньше всех. ну почти.,военнослужащие выведены охрану топливных станций шриланке некоторых возникли потасовки изза дефицита топлива сообщает channel news asia очередей споре водитель убил,2022-03-22 10:19:47
раньше всех. ну почти.,эксперты предполагают возможность появления нового штамма covid19 роспотребнадзор,2022-03-22 10:08:08
раньше всех. ну почти.,рф возбуждено первое уголовное растрате активов криптовалютной биржи подозреваемый задержан подмосковье чемоданами 190 рублей мвд рф,2022-03-22 10:06:00
раньше всех. ну почти.,заявления вашингтона якобы имеющихся россии планах применить украине химическое биологическое оружие злонамеренные инсинуации не располагает видами оружия заявил замглавы мид,2022-03-22 09:58:05
раньше всех. ну почти.,заместитель главы минпромторга василий шпак предложил создать россии кибервойска отправлять призывников числа разработчиков правильным наверное не имею права советы минобороны,2022-03-22 09:57:55
раньше всех. ну почти.,медведев отказалась обсуждать японией мирный договор контексте судьбы курильских островов решение исторически оправданное назревшее справедливое,2022-03-22 09:53:19
раньше всех. ну почти.,медведев переговорах курилам японией очевидно не нашли никакого консенсуса японцами островной теме понимали переговоры курилах носили ритуальный характер,2022-03-22 09:52:03
раньше всех. ну почти.,австралия создала собственное военное космическое командование стремясь взаимодействовать области сша заявил австралийский министр обороны питер даттон,2022-03-22 09:46:47
раньше всех. ну почти.,минфин рф сообщил полном объеме исполнил обязательства выплате купона 656 млн суверенным евробондам погашением 2029,2022-03-22 09:33:25
раньше всех. ну почти.,мид кнр пригрозил сша контрмерами санкции китайских чиновников назвал вашингтон главным нарушителем прав человека мире,2022-03-22 09:32:36
раньше всех. ну почти.,брифинг минобороны россии 22 марта российскими средствами пво сбиты воздухе 14 украинских беспилотных летательных аппаратов числе байрактар тб2 российская авиация,2022-03-22 09:28:15
раньше всех. ну почти.,алексея навального признали виновным мошенничестве оглашение приговора,2022-03-22 09:20:34
раньше всех. ну почти.,турция внимательно следит ситуацией мариуполе ожидает эвакуация мирных граждан крупнейшего города побережье азовского моря произойдет ближайшие дни часы заявил министр,2022-03-22 09:19:00
раньше всех. ну почти.,управление навигационной гидрографии океанографии вмс турции выпустило вторник уведомление navtex предупреждающее дрейфующих минах черном море,2022-03-22 09:10:02
раньше всех. ну почти.,крымские водохранилища накопили 140 кубометров воды раза превышает показатель годичной давности сообщил глава крыма сергей аксенов,2022-03-22 09:00:06
раньше всех. ну почти.,сочи задержан администратор интернетсообщества колумбайн пропагандировавший идеологию массовых убийств распространявший фейки терактах сообщает фсб россии задержанный рассказал права администрирования сообществом,2022-03-22 08:50:01
раньше всех. ну почти.,интернеттрафик россиян существенно перераспределился посещаемость торренттрекеров вторую неделю марта выросла 21 сравнению декабрем 2021 сообщает газета коммерсант ссылкой внутренние данные,2022-03-22 08:40:06
раньше всех. ну почти.,импортные компоненты доля российском станкостроении составляет 2040 оперативно замещены отечественные заявили минпромторге рф новые образцы продукции представлены конце,2022-03-22 08:30:48
раньше всех. ну почти.,отношения рф сша стоят грани разрыва замглавы мид россии рябков,2022-03-22 08:25:06
раньше всех. ну почти.,рф продолжит шаги блокировке угрожающих безопасности суверенитету россии соцсетей зампред комитета совета федерации полетаев,2022-03-22 08:18:35
раньше всех. ну почти.,планов блокировке whatsapp россии сенатор клишас,2022-03-22 08:17:00
раньше всех. ну почти.,опрошенные рбк эксперты считают полноценной замены видеохостингу youtube прекратившему показ рекламы россии,2022-03-22 08:15:06
раньше всех. ну почти.,детский месяца зафиксировал цены отдельные позиции одежды обуви уровне января фас,2022-03-22 08:12:05
раньше всех. ну почти.,украина продолжать транзит российского природного газа технически возможно предлагает временно заморозить средства продажи эскроусчетах глава правления нафтогаза украины юрий витренко,2022-03-22 08:05:53
раньше всех. ну почти.,производитель экипировки плавания speedo разорвал спонсорский контракт двукратным олимпийским чемпионом россиянином евгением рыловым принявшим участие праздничном концерте состоялся 18 марта,2022-03-22 07:40:15
раньше всех. ну почти.,российские авиакомпании опасаются ес последует примеру сша запретит любые формы обслуживания самолетов airbus узнал коммерсант летать страны продолжат суперджеты изъять,2022-03-22 07:26:00
раньше всех. ну почти.,япония назвала неприемлемым решение рф прекратить переговоры мирному договору дипмиссии страны москве подчеркнули приостановка работы совместной хозяйственной деятельности южных курилах,2022-03-22 07:01:00
раньше всех. ну почти.,шахту листвяжная кузбассе эвакуируют изза жалоб горняков недомогание,2022-03-22 06:45:41
раньше всех. ну почти.,российские сми не должны демонстрировать логотип организации meta platforms inc принадлежащих социальных сетей facebook instagram роскомнадзор,2022-03-21 22:30:15
раньше всех. ну почти.,замороженные франции активы цб рф не планируют передавать банку украины глава французского мид,2022-03-21 21:52:19
раньше всех. ну почти.,роскомнадзор заблокировал сайт euronews ведомство заблокировало доступ материалам издания территории рф изза фейков специальной военной операции украине,2022-03-21 21:46:36
раньше всех. ну почти.,венгрия считает опасным создание бесполетной зоны украиной выступать идеи предстоящем саммите нато брюсселе заявил венгерский премьерминистр виктор орбан консультаций видеосвязи,2022-03-21 21:45:06
раньше всех. ну почти.,власти сша не просили какиелибо американские компании покидать россию решение,2022-03-21 21:37:17
раньше всех. ну почти.,сша не рассматривали возможность поездки байдена украину,2022-03-21 21:30:26
раньше всех. ну почти.,банковская группа bnp paribas приостанавливает операции рф bloomberg,2022-03-21 21:20:55
раньше всех. ну почти.,президент сша джо байден хочет любой ценой избежать вступления страны конфликт заявила советник президента сша кибербезопасности энн нойбергер,2022-03-21 21:07:02
раньше всех. ну почти.,правительство испании выделит транспортному сектору прошлой недели продолжает бессрочную забастовку 500 евро компенсацию роста цен бензин дизель сообщила министр транспорта,2022-03-21 21:02:09
раньше всех. ну почти.,обмен девяти российских пленных мэра мелитополя ивана федорова факт обмена россией украиной заявила уполномоченный правам человека рф татьяна москалькова обмен,2022-03-21 20:53:35
раньше всех. ну почти.,текущей неделе не ожидается новых санкций ес россии глава дипломатии евросоюза,2022-03-21 20:43:34
раньше всех. ну почти.,сша хотели сохранить взаимное дипломатическое присутствие россией оставить открытыми линии коммуникации госдепартамент,2022-03-21 20:42:04
раньше всех. ну почти.,торгов акциями мосбирже вторник не цб рф,2022-03-21 20:41:54
раньше всех. ну почти.,министры ес встрече брюсселе не принимали никаких решений санкциям отношении российской нефтяной отрасли глава евродипломатии боррель,2022-03-21 20:37:25
раньше всех. ну почти.,латвийский регулятор запретил работу yandex go стране 23 марта,2022-03-21 20:30:06
раньше всех. ну почти.,зеленский понимаем не берут нато боятся россию успокоиться окей гарантии безопасности,2022-03-21 20:26:17
раньше всех. ну почти.,владимир зеленский заявил окончательно компромиссы переговорах украиной россией решать всеукраинский референдум речь темах гарантий безопасности донбасса крыма пояснял переговорным группам,2022-03-21 20:16:50
раньше всех. ну почти.,болгария не принимала решения поставке оружия украину глава минобороны,2022-03-21 20:06:39
раньше всех. ну почти.,ск рф возбудил уголовное отношении украинского журналиста дмитрия гордона действиях усматриваются признаки преступлений предусмотренных ч 2 ст 354 п б,2022-03-21 19:49:46
раньше всех. ну почти.,глава мид украины дмитрий кулеба эфире телемарафона ua разом заявил ес готовит пакет антироссийских санкций эмбарго поставку российских нефти газа,2022-03-21 19:46:32
раньше всех. ну почти.,сша рухнули не сервисы apple мобильные операторы verizon tmobile google youtube amazon paypal,2022-03-21 19:24:51
раньше всех. ну почти.,певица вера брежнева покинула россию находится польше занимается волонтерской деятельностью,2022-03-21 19:16:01
раньше всех. ну почти.,румыния сообщает вспышке высокопатогенного птичьего гриппа h5n1 ферме границы болгарией,2022-03-21 19:13:54
раньше всех. ну почти.,власти сша поставляют украину комплексы пво советского производства тайно приобретены десятков газета the wall street journal ссылкой источник администрации сша,2022-03-21 18:59:28
раньше всех. ну почти.,пользователи сообщают проблемах icloud appstore downdetector,2022-03-21 18:58:37
раньше всех. ну почти.,россии сбой apple music не грузятся треки не загружается библиотека музыки,2022-03-21 18:54:38
раньше всех. ну почти.,законопроект разрешающий содержать российских военнопленных исправительных колониях сизо опубликован сайте верховной рады украины,2022-03-21 18:52:50
раньше всех. ну почти.,пентагон чешет затылок гадая рф применила гиперзвуковую ракету представитель ведомства,2022-03-21 18:46:49
раньше всех. ну почти.,спортивный арбитражный суд отказал российскому футбольному союзу переносе стыковых матчей участием сборной россии право сыграть чемпионате катаре,2022-03-21 18:29:46
раньше всех. ну почти.,покупка рекламы иное вливание средств платформу facebook повлечь гражданина россии уголовную ответственность финансирование экстремистской организации сообщил риа новости адвокат максим,2022-03-21 18:11:57
раньше всех. ну почти.,сербия не вступит нато не сможет забыть детей погибших 1999 вучич,2022-03-21 17:49:01
раньше всех. ну почти.,путин выразил соболезнования председателю кнр связи крушением китайского boeing,2022-03-21 17:39:53
раньше всех. ну почти.,банк россии вводит ограничения эквайринговые комиссии максимальное значение эквайринговых комиссий период 18 апреля 31 августа 2022 установлено уровне 1 компаний,2022-03-21 17:31:44
раньше всех. ну почти.,швеции останавливают выпуск кефира изза ассоциаций упаковки рф пачке изображены купола храма василия блаженного,2022-03-21 17:27:24
раньше всех. ну почти.,качестве ответа японские санкции прекращает безвизовые поездки японцев южные курилы мид рф,2022-03-21 17:18:03
раньше всех. ну почти.,отказывается ведения переговоров японией мирному договору мид рф,2022-03-21 17:15:50
раньше всех. ну почти.,минобороны россии публикует видео удара высокоточным оружием украинским рсзо складу реактивными боеприпасами располагался неработающем торговом центре окраине киева,2022-03-21 17:13:37
раньше всех. ну почти.,распространяемые советником офиса зеленского подоляком якобы реальные данные потерях военной техники личного состава российских вооруженных сил числе старших высших офицеров,2022-03-21 17:10:22
раньше всех. ну почти.,роспотребнадзор заявил ношение масок объектах жд транспорта остается обязательным,2022-03-21 17:02:09
раньше всех. ну почти.,брифинг минобороны россии ситуации 21 марта российские военные 21 марта уничтожили высокоточным оружием батарею украинских рсзо неработающем торговом центре киеве,2022-03-21 16:53:35
раньше всех. ну почти.,европейские цены сталь обновили рекордный максимум фоне подготовки возможному запрету импорт сталелитейной продукции россии рамках нового пакета санкций базовые цены,2022-03-21 16:50:26
раньше всех. ну почти.,глава спч фадеев направил мишустину обращение просьбой запретить иностранные водительские права такси,2022-03-21 16:38:56
раньше всех. ну почти.,покупка рекламы instagram facebook расцениваться россии финансирование экстремизма юрист,2022-03-21 16:17:52
раньше всех. ну почти.,советник главы офиса владимира зеленского алексей арестович призвал избегать призывов насилию отношении пленных граждан россии поскольку сильно бьет имиджу украины,2022-03-21 16:16:00
раньше всех. ну почти.,мид рф вызвал посла сша неприемлемые заявления байдена адрес путина ставят отношения россии сша грань разрыва заявили ведомстве,2022-03-21 16:10:25
раньше всех. ну почти.,дефицита офисной бумаги россии не поставки стабилизируются течение недели минпромторг,2022-03-21 16:05:34
раньше всех. ну почти.,германия продолжит поддерживать украину вряд сможет организовать поставки нового вооружения сверх одобренных глава минобороны фрг кристине ламбрехт,2022-03-21 16:05:28
раньше всех. ну почти.,блокировку facebook instagram немедленно whatsapp блокировка не касается решение суда,2022-03-21 15:49:21
раньше всех. ну почти.,российский суд запретил facebook instagram,2022-03-21 15:48:08
раньше всех. ну почти.,крупнейший итальянский энергоконцерн enel покинет рынок россии течение нескольких месяцев заявил глава компании франческо стараче,2022-03-21 15:40:02
раньше всех. ну почти.,oneweb вместо роскосмоса заключила соглашение запуске спутников spacex илона маска,2022-03-21 15:16:35
раньше всех. ну почти.,борту разбившегося китае boeing не иностранных пассажиров авиакомпания china eastern аirlines,2022-03-21 15:12:49
раньше всех. ну почти.,суд отказал meta проведении лингвистической экспертизы делу запрете компании территории рф,2022-03-21 15:03:01
раньше всех. ну почти.,депутаты справедливой россии правду внесли госдуму проект выходе россии вто,2022-03-21 14:54:08
раньше всех. ну почти.,центризбирком ведёт подготовку всероссийскому совещанию председателями субъектных комиссий апреле переноса выборов не обсуждается заявила риа новости глава цик рф элла,2022-03-21 14:35:36
раньше всех. ну почти.,мазепин продал 52 компании контролирующей уралкалий компания,2022-03-21 14:19:37
раньше всех. ну почти.,состоялся очередной раунд переговоров официальных делегаций украины рф сообщает украинская переговоры продолжались полтора часа далее работают рабочие подгруппы переговоры идут,2022-03-21 14:03:33
раньше всех. ну почти.,госрегулирование цен топливо вводить не бензина дизтоплива новак,2022-03-21 13:56:35
раньше всех. ну почти.,запрете поставок урана россии сша качестве ответной меры эмбарго российских энергоресурсов повестке изучается новак,2022-03-21 13:50:10
раньше всех. ну почти.,десантный корабль черноморского флота орск вошел порт бердянска доставки боевой техники сообщил телеканал звезда орск первым среди боевых кораблей рф,2022-03-21 13:44:02
раньше всех. ну почти.,совет думы заседании понедельник планирует определить 20 апреля дату госдума рассмотрит назначении эльвиры набиуллиной должность председателя центрального банка,2022-03-21 13:40:20
раньше всех. ну почти.,российские нефтяники начали перенаправлять потоки нефти запада восток новак,2022-03-21 13:36:36
раньше всех. ну почти.,маловероятном сценарии отказа российской нефти цена вырасти 300 баррель вицепремьер новак,2022-03-21 13:33:35
раньше всех. ну почти.,запасов сахара гречки россии достаточно удовлетворения внутреннего спроса вицепремьер рф абрамченко,2022-03-21 13:19:41
раньше всех. ну почти.,совет евразийской экономической комиссии одобрил предложение россии увеличению порога беспошлинной покупки зарубежных интернетмагазинах 200 1 тысячи евро требования весу посылки,2022-03-21 13:16:48
раньше всех. ну почти.,владельцы системы тестирования английского языка ielts приостанавливают регистрацию экзамены россии,2022-03-21 13:09:56
раньше всех. ну почти.,газпром не забронировал мощности трубопровода ямалевропа транзита газа апреле итоги аукциона,2022-03-21 13:06:30
раньше всех. ну почти.,президент россии владимир путин провел телефонный разговор узбекистанским коллегой шавкатом мирзиёевым сообщила прессслужба кремля владимир путин проинформировал ходе специальной военной,2022-03-21 13:00:06
раньше всех. ну почти.,суд отклонил иск комика мирзализаде оспаривавшего запрет мвд въезд россию 14 адвокат сергей бадамшин,2022-03-21 12:55:25
раньше всех. ну почти.,блогеру эдварду билу осталось отбыть 6 месяцев срока реального наказания рамках приговора делу дтп адвокат,2022-03-21 12:39:27
раньше всех. ну почти.,премьерминистр чехии заявил путин совершает военные преступления украине единственный способ остановить усилить санкции reuters,2022-03-21 12:34:45
раньше всех. ну почти.,правительство латвии планирует принять решение запрете заход российских судов порты страны заявил министр сообщения латвии талис линкайтс,2022-03-21 12:31:52
раньше всех. ну почти.,правительство польши хотело ввести дополнительный налог компаний включая международные решили продолжать вести бизнес рф bloomberg,2022-03-21 12:31:24
раньше всех. ну почти.,одесский городской совет заявляет российские войска нанесли удар пригороду одессы,2022-03-21 12:24:55
раньше всех. ну почти.,ржд отменяет обязательное ношение масок измерение температуры пассажиров поездах вокзалах,2022-03-21 12:18:12
раньше всех. ну почти.,правительство рф поддерживает законопроект корректировке демпфера рассмотрен апреле новак,2022-03-21 12:17:51
раньше всех. ну почти.,блогер эдвард бил приговорен 1 2 месяцам колонии общего режима,2022-03-21 12:05:28
раньше всех. ну почти.,огэ егэ пройдут вовремя нехватки бумаги нескольких регионах незначителен самое ближайшее решён минпросвещения рф,2022-03-21 12:03:23
раньше всех. ну почти.,минстрой рф ближайшее представит предложения корректировке программ льготной ипотеки глава минстроя рф файзуллин,2022-03-21 12:01:42
раньше всех. ну почти.,фсб заявляет необходимости немедленного запрета деятельности meta рф,2022-03-21 12:00:26
раньше всех. ну почти.,покупатели всей россии массово жалуются нехватку офисной бумаги магазинах подписчики делятся кадрами маркетплейсов цены выросли среднем 4 раза,2022-03-21 11:55:01
раньше всех. ну почти.,ес планирует усилить санкции путем закрытия портов судов рф запрета импорт энергоносителей глава мид словении заседанием совета ес,2022-03-21 11:45:30
раньше всех. ну почти.,киеве вновь вводится комендантский сутки выходить дома запрещено 2000 21 марта 0700 23 марта сообщают власти,2022-03-21 11:40:07
раньше всех. ну почти.,граждане случае запрета meta не привлекаться ответственности пользуются facebook instagram прокурор суде,2022-03-21 11:38:02
раньше всех. ну почти.,использование продуктов компании meta физическими юридическими лицами не признано экстремизмом прокурор суде,2022-03-21 11:37:12
раньше всех. ну почти.,прокуратура суде просит запретить деятельность мета реализации продуктов facebook instagram не требует запретить whatsapp,2022-03-21 11:30:45
раньше всех. ну почти.,правительство рф неделе принять решение объявлении моратория банкротства заявил глава минэкономразвития максим решетников,2022-03-21 11:30:01
раньше всех. ну почти.,сети появились предположительно кадры падения боинга рухнул китае,2022-03-21 11:20:27
раньше всех. ну почти.,магазины электроники россии отказываются продажи товаров рассрочку кредит известия,2022-03-21 11:15:06
раньше всех. ну почти.,решение ввести эмбарго поставки российской нефти ухудшит энергобалансы европе ударит кремль,2022-03-21 11:12:31
раньше всех. ну почти.,отмене переносе прямых выборов губернаторов ряде регионов настоящее не обсуждается актуальном плане никаких решений счет не принималось кремль,2022-03-21 11:09:17
раньше всех. ну почти.,прогресс переговорах рф украиной недостаточен контактах президентов стран владимира путина владимира зеленского не соответствует ситуации складывающейся украинской стороны заявил пресссекретарь,2022-03-21 11:08:19
раньше всех. ну почти.,прекращения огня переговоров россии украины не песков,2022-03-21 11:07:21
раньше всех. ну почти.,премьер израиля беннетт заявил несмотря прогресс усилиях прекращению конфликта украиной россией остаются большие пробелы,2022-03-21 11:03:27
раньше всех. ну почти.,министр сельского хозяйства франции жюльен денорманди высказал опасение изза ситуации украины возникнуть глобальный продовольственный кризис,2022-03-21 10:55:06
