mash,италия не поедет чм командачемпион европы прошлого проиграла сборной македонии александар трайковский забил решающий гол 92й минуте,2022-03-25 00:05:18
mash,ночные удары харьковскому аэропорту,2022-03-24 23:10:17
mash,фломастеры закончились карандаши пойдут эксклюзивные кадры работы российского ми28 ночной охотник авиационного сленга карандаши фломастерами улетели военные объекты харьковской области,2022-03-24 22:36:05
mash,белград годовщину бомбардировки югославии сербы проводят демонстрацию — нато солидарность россией российских флагов z не самых лучших пожеланий скончавшейся вчера,2022-03-24 22:01:17
mash,чайная церемония чеченского спецназа мариуполе флаг зданием администрации сапёров херсонской области нашей интерактивной оперкарте обновили спешим поделиться,2022-03-24 21:37:10
mash,сети публикуют кадры мощного взрыва пожара киевской области предварительной информации ракетный удар нанесён нефтебазе,2022-03-24 20:48:19
mash,вечерний брифинг минобороны главное — прошедшие сутки 171 тыс эвакуированы рф опасных районов украины днр лнр — половины 120 жителей,2022-03-24 20:41:32
mash,новость не хватает авторитета районе ломатели ушей кавказа готовы прийти помощь пара движений молотком великолепны уважаемы деформированные раковины придают владельцу,2022-03-24 20:36:00
mash,связи магнит — менеджмент сети супермаркетов отвечает обвинения фас нарушении антимонопольного законодательства сахар уфас устроило проверку воронежском складе компании нашло,2022-03-24 19:56:06
mash,джо байден выступил брюсселе заявлений ситуации россии украине основное — украина должна решать территориальные уступки переговорах россией — сша ответят,2022-03-24 19:50:54
mash,латвийские власти заявили не смогут покупать газ россии рубли словам контрактом не предусмотрена возможность платить валюте евро,2022-03-24 19:18:35
mash,алексею венедиктову подкинули свиную голову двери оказался приклеен герб украины надписью judensau еврейская свинья понемецки решили запугать мою семью дудаевские,2022-03-24 19:10:19
mash,x5 group выкатили ответочку фас пятёрочку говорят ок процесс доставки сахара магазины снимают выкладывают претензия странная подробнее логистику хит продаж,2022-03-24 18:48:46
mash,польские миротворцы украине отвечает политолог призывал россию ввести войска донбасс натравливает рф нато мединский пистолетов пират будущее курса рубля нашем,2022-03-24 18:29:42
mash,здание администрации мариуполя освобождено рамзан кадыров входом российский триколор занимавшие здание бойцы всу бросили оружие сбежали пишет,2022-03-24 18:13:19
mash,мужик дай обниму командир батальона восток народной милиции днр александр ходаковский вывез мирных жителей мариуполя бтре недель сидели подвале обстрелом,2022-03-24 17:49:05
mash,покинувшие рынок соцсети заставили напрячься аналоги например tenchat март перебежало 600к запрещённых соцсетей привычные сервисы заблокированы охваты упали клиенты не,2022-03-24 17:29:17
mash,порно внимание привлекли новость клуб любителей скуки карманного бокса pornhub назвал победителей ежегодной премии поздравления летят eva elfie отдельный привет,2022-03-24 16:34:40
mash,побег украины раненых бойца всу притворились российскими военными сбежать подальше ужасов войны хлопцы восточной внешности словили бою маслине должны отправиться,2022-03-24 15:52:21
mash,йенс столтенберг отверг предложение польши вводе миротворческих войск украину нато не разворачивать войска украине избежать войны россией прокомментировал генсек альянса,2022-03-24 15:33:38
mash,сша ввели санкции нескольких десятков российских оборонных предприятий членов госдумы,2022-03-24 15:21:15
mash,новости лайфхаков apple всётаки выпиливать карты apple pay новые не добавить старые потихоньку отключают,2022-03-24 15:09:31
mash,фас возбудила антимонопольное отношении пятёрочки магнита изза сахара ведомство проверило склады компаний неожиданно нашло значительные запасы сахарапеска магазинов товар не,2022-03-24 15:01:23
mash,финансированию биолабораторий украине причастен инвестиционный фонд руководством хантера байдена заявление минобороны рф,2022-03-24 14:23:00
mash,считаете мэр города совершил должностное преступление оружия не противостоял вооружённой армии судите мэр города купянска харьковская область заявил сбу похитили,2022-03-24 14:14:37
mash,премьер мишустин выступил правительством — молодые предприниматели 25 смогут грант 100к 500к рублей развитие дела работают арктике 1 млн —,2022-03-24 12:37:26
mash,уволился уволился песков реакции путина отставку чубайса,2022-03-24 12:06:58
mash,нужны авторские права владимир мединский предложил показывать телевизору поменьше развлекательного контента побольше хорошего советского российского хорошего иностранного авторские права пофик,2022-03-24 11:53:04
mash,— видно — ниоткуда появляется — дааа земли появляется хня обычный мартовский охранников рынка сельме ложная тревога бегающий территории призрак,2022-03-24 11:33:42
mash,польша заблокировала банковские счета российского посольства предлогом финансирования терроризма сообщил посол рф сергей андреев,2022-03-24 11:30:12
mash,граждане украины республик донбасса россии оформления патента мвд рф всей россии признаны документы граждан лднр водительские права стс,2022-03-24 11:21:56
mash,министр обороны великобритании бен уоллес пообщался премьером украины денисом шмыгалем пранкерами вованом лексусом поводу украины 17 марта лексус алексей столяров,2022-03-24 11:00:07
mash,nexta признать террористической организацией соответствующее заявление генпрокурор белоруссии направил верховный суд,2022-03-24 10:54:51
mash,осинниковской продолжаются поисковые работы шахтёр остаётся завалами горнорабочийкомбайнёр проходческого участка № 5 владимир козырьков находится внутри обвала горной массы коллег,2022-03-24 10:44:44
mash,латвия внесла черный список 25 российских деятелей культуры владимир машков дмитрий певцов никита михалков николай расторгуев не поедят вкусных шпрот,2022-03-24 09:54:08
mash,брифинг минобороны главное — российские подразделения полностью взяли контроль изюм харьковской области — российская авиация поразила 60 военных объектов украины,2022-03-24 09:28:18
mash,российские подразделения полностью взяли контроль изюм харьковской области — минобороны рф,2022-03-24 09:17:19
mash,30 марта снимает ограничения перемещение границу казахстаном монголией,2022-03-24 09:02:30
mash,ракета кндр упала экономической зоне японии береговая охрана страны ранее сообщалось северная корея запустила ракету сторону японского моря впервые снаряд,2022-03-24 08:34:28
mash,минобороны показало су34 наносят удары складам всу рисуют небе некоторые буквы,2022-03-24 08:10:43
mash,режим временного ограничения полетов аэропорты юга центральной части рф продлён 1 апреля росавиация,2022-03-24 07:02:43
mash,кузбасской шахте осинниковская произошла авария рабочий завалами 758 случился обвал горной породы результате геологических нарушений глубине 770 метров очаге аварии,2022-03-24 05:38:36
mash,совбез оон не поддержал проект резолюции россии призывом прекращению огня украине проголосовали рф китай остальные 13 членов сб воздержались заявил,2022-03-24 00:21:08
mash,сообщается ударе большому складу военной части всу бахмуте бывший артёмовск территории днр,2022-03-23 23:09:59
mash,приграничных сёл журавлёвка нехотеевка белгородской области эвакуировано 178 взрыва снаряда запущенного стороны украины мэр белгорода иванов,2022-03-23 22:34:31
mash,галерее закрылся центре краснодара кинотеатр владелец назвал причиной отсутствие льгот молла некиношная реальность такова отрезаны драм экшена блокбастеров большом экране,2022-03-23 22:04:19
mash,продвигается российская армия ходе спецоперации украине смотрите нашей обновлённой оперкарте подробная инфа боях мариуполе wargonzo свежие видео работы наших военных,2022-03-23 21:35:03
mash,той стране нечего сделала живой щит взорвали мосты не выпустили никого андрей сбежал мариуполя четырьмя взрослыми шестью детьми уместились ваз,2022-03-23 21:15:42
mash,the insider иноагент сообщает киеве выполнении задания погибла журналистка издания оксана баулина,2022-03-23 21:04:43
mash,минобороны рф — мариуполя сутки эвакуировали 8 487 среди 26 граждан иордании вьетнама — националисты харькове расстреляли вышедших подвала поисках,2022-03-23 20:51:12
mash,ркн ограничил доступ newsgoogle территории россии,2022-03-23 20:37:55
mash,скончалась бывшая госсекретарь сша мадлен олбрайт 84,2022-03-23 20:36:15
mash,мэр мариуполя вадим бойченко уехал города украинские сми,2022-03-23 20:31:51
mash,зеленский попросил байдена не вводить санкции романа абрамовича продолжать способствовать переговорам россии украины wsj ранее объявил завтра введёт новые санкции,2022-03-23 20:10:08
mash,десяти российских олигархов обратились зарубежным адвокатам оспорить санкции проблемы не состоятельных людей отрубили полёты джетах коммерческий директор капиталавиа алексей павлов,2022-03-23 19:57:51
mash,роскосмос переходит заключение контрактов другими странами рублях рогозин,2022-03-23 19:38:45
mash,вечерний брифинг минобороны рф,2022-03-23 19:37:35
mash,родная телега прилегла отдохнуть пользователи пишут сбоях,2022-03-23 19:04:58
mash,европе придётся оплачивать газ рублями ракета поразившая байдена сахар гречка бумага полках ценами главные темы дня нашей трансляции слушайте смотрите,2022-03-23 18:30:49
mash,последствия попадания украинского снаряда прилетевшего домов белгородской области фото опубликовал губернатор гладков ранее сообщалось пострадавшие сёлах журавлёвка нехотеевка ввели режим,2022-03-23 18:17:24
mash,премия неудачный фильм гоус воробьиное поле павла чухрая кино планировали успехом крутить экранах подавать оскара ковид санкции сбежал продюсер сценарий,2022-03-23 17:08:07
mash,сёлах белгородской области журавлёвке нехотеевке введён режим чс изза взрыва снаряда запущенного стороны украины пострадавшие губернатор гладков,2022-03-23 16:47:45
mash,солнце светит реки оттаивают дети уплывают льдинах история москвы закончилась хэппиэндом благодаря умелому рыбаку детишки играли берегу москвареки районе щукинской,2022-03-23 16:37:11
mash,принципиальная позиция сохранить ставки ипотечным спецпрограммам 6 семейной 3 сельской 2 дальневосточной путин правительство предложило увеличить предельный размер ипотеки столичных,2022-03-23 16:14:00
mash,неожиданная новость риги местные таксисты политики выступили закрытия yandextaxi случилось недели автотранспортная дирекция аннулирует регистрацию латвии yandextaxi блокирует приложение yandex,2022-03-23 16:00:28
mash,коммерсант публикует фото анатолия чубайса возле банкомата стамбуле пишут снимок сделан вчера официального подтверждения дмитрий песков подтвердил увольнение чубайса собственному,2022-03-23 15:49:07
mash,нато не отправит войска украину— генсек альянса столтенберг,2022-03-23 15:39:33
mash,полностью российский чип карты тройка проходит финальное тестирование выпуском масштабное производство глава дептранса москвы ликсутов колёса импортозамещения скоро встанут рельсы,2022-03-23 14:57:35
mash,владимир путин провёл совещание правительства собрали главное путин — продолжит поставлять газ объемам ценам заключенных ранее контрактах рф дорожит репутацией,2022-03-23 14:46:33
mash,принято решение кратчайшие сроки перевести расчеты поставки газа европу рубли — владимир путин,2022-03-23 14:26:46
mash,чубайс оставил пост спецпредставителя рф вопросам устойчивого развития уехал страны пишет bloomberg ссылкой источники,2022-03-23 14:11:51
mash,центробанк завтра проведёт торги 33 акциями индекса московской биржи imoex торги пройдут 950 1400 мск короткие продажи запрещены,2022-03-23 13:54:01
mash,nestle уводит россии бренды kitkat nesquik,2022-03-23 13:48:29
mash,выход бумажных газет финляндии прекратиться ближайшие недели изза дефицита бумаги — исполнительный директор союза медиа юкка холмберг примерно 20 финских,2022-03-23 13:27:36
mash,россии выявили схем мошенничества курсами валют пару недель купили доллары евро дикой цене виноват телеге банковских пабликах начали появляться сообщения,2022-03-23 12:17:33
mash,киев провели обмена пленными сообщает мид россии,2022-03-23 12:07:34
mash,дмитрий песков ответил вопросы журналистов — закон наказании фейки вс рф достаточно жесткий полностью соответствует ситуации тотальной информационной войны —,2022-03-23 12:06:22
mash,российский посол вызван мид польши предварительно речь идёт высылке 45 российских дипломатов,2022-03-23 10:54:34
mash,сергей лавров выступает студентами преподавателями мгимо — нато направит миротворцев украину прямым столкновением вс россии альянса — переговоры украиной идут,2022-03-23 10:50:38
mash,удар берегового ракетного комплекса бастион крыма объектам всу,2022-03-23 10:04:30
mash,брифинг мо рф — вс рф высокоточным оружием морского базирования уничтожили крупный арсенал вооружением военной техникой всу 14 км ровно,2022-03-23 10:03:13
mash,оружие восьмом этаже народная милиция днр публикует кадры зачистки мариуполя местные рассказывают бойцы теробороны отжимают квартиры переодеваются гражданское ведут огонь,2022-03-23 09:32:07
mash,сети появились видео мощного взрыва лнр предположительно взорвался склад боеприпасов всу районе рубежного,2022-03-23 08:55:27
mash,результате обстрелов стороны всу мариуполе сартане ранены 17 мирных жителей среди ребёнок сцкк днр,2022-03-23 08:06:23
mash,студенты владивостока спасли провалившихся лёд детей второкурсники дима артём судостроительного колледжа гуляли парке минного городка заметили бродивших замёрзшему озеру школьников,2022-03-23 07:51:52
mash,очередное напутствие ушедшим напротив американского посольства москве макдак старбакс ск бежали дня давай свидания,2022-03-23 07:39:51
mash,ликвидирован лидеров неонацистского батальона азов артём мураховский украинские сми сообщают произошло боях районе авдеевки,2022-03-22 23:46:07
mash,сми соседним тгканалам разлетаться инфа сливе данных пользователей яндекс еды визуализацией виде карты не слив 1 марта нём поддержка яндекс,2022-03-22 23:31:24
mash,офис генпрокурора украины сообщил возбуждении дела дмитрия киселева ольги скабеевой обвиняют призывах нарушению территориальной целостности украины,2022-03-22 22:56:44
mash,стрелка викингов скандинавском бульваре новомосковской коммунарке выглядит както не поделили приезжие бойцы неизвестно сперва толпа кричала чтото своём видимо древнескандинавском,2022-03-22 22:09:44
mash,готовился худшему предупреждал таким знали ростовчанина владимира воробьёва знаменитый россию строитель бункеров не привлекал внимание попадал экраны федеральных каналов 10,2022-03-22 21:23:35
mash,работает кадыровский спецназ летит крылатая ракета искандерм переживают пилоты российского ка52 уходя удара стингера ответы фото видео геометки продвижение армии,2022-03-22 20:54:29
mash,уважаемые покупатели бумага svetocopy снегурочка ballet classic продаётся кассе упаковке руки приносим извинения доставленные неудобства объявление хит магазинов канцтоваров изза,2022-03-22 20:30:45
mash,изза шторма новороссийском вышли строя нефтяные терминалы каспийского трубопроводного консорциума словам заместителя министра энергетики последствия серьёзными выносные причальные устройства консорциума,2022-03-22 20:16:32
mash,нерядовое ограбление пятёрочки липецкой области парень маске автоматом ворвался закрытие ушёл 400 тысячами рублей преступник явно знал воскресным вечером примерно,2022-03-22 19:50:57
mash,чернобылец харькова попал обстрел всу похоронил жену добрался москвы осколочным ранением 64летний виктор кучин своё помогал справляться катастрофой чернобыльской аэс,2022-03-22 19:31:28
mash,французская нефтегазовая компания totalenergies объявила приостановке деятельности россии,2022-03-22 19:20:51
mash,передумал держать доллары подушкой ищет способы вернуть счёт тинькофф запустил новую фичу банкоматах поменять доллары рубли максимально выгодному курсу мосбиржи,2022-03-22 19:00:48
mash,вечерний брифинг минобороны рф,2022-03-22 18:45:12
mash,ск рф возбудил уголовное александра невзорова статье фейках действиях вс россии следствие заинтересовали пост глебыча 9 марта инстаграме запрещён порицаем,2022-03-22 18:34:55
mash,вчера хакеры anonymous грозились атаковать не ушедшие россии компании объявили первую жертву концерн nestle гики масках фильма v вендетта выложили,2022-03-22 18:14:44
mash,мак начинался нашей стране макдак заработал пушкинской 31 января 1990 побил рекорды посещаемости 600 сотрудников оказалось обслужить побыстренькому стоял очереди,2022-03-22 17:44:16
mash,еать — ракетные удары предположительно аэродрому краматорске позиции всу районе окружены армией лнр,2022-03-22 17:20:28
mash,кинжал обычная ракета невозможно остановить джо байден описал свойство российской гиперзвуковой ракеты вкс рф уничтожили склад боеприпасов иванофранковской области украины,2022-03-22 16:56:18
mash,американец штурмовавший вашингтонский получил статус беженца белоруссии случился демократичный чыкчырык зимой 2021го эван ньюман пришёл митинг поддержку дональда трампа кричал,2022-03-22 15:57:16
mash,азербайджан перекрыл газоснабжение карабаха мид армении,2022-03-22 15:30:31
mash,адвокат алексея навального ольга михайлова заявила отменены приговоры делу кировлеса ив роше сегодняшний приговор планируется обжаловать вступления силу навальный содержаться,2022-03-22 15:08:23
mash,алексея навального приговорили 9 годам колонии строгого режима штрафу 12 млн рублей пользу государства 15 ограничения свободы лефортовский суд признал,2022-03-22 14:26:48
mash,шопинг утомительно лучший бутик подумали яндекс маркете решили доставлять одежду обувью прямо магазинов 1–2 часа комиссию продавцов снизить 1 рубля,2022-03-22 14:08:35
mash,дзержинске задержана особо розовая группировка резиновых поросят внутри наркотики свинказакладка метилэфедроном младший брат таким наполнением мама 18 свёртками папа 15,2022-03-22 13:41:57
mash,госдума приняла закон обращении лекарств россии условиях санкций правительство сможет принимать решение упрощённом порядке допуска российский рынок иностранных лекарств —,2022-03-22 13:34:04
mash,ввс венгрии подняли тревоге истребителя jas39 gripen перехвата цели шедшей стороны украины очередная неопознанная вундервафля пересекла границу двигалась сторону словакии,2022-03-22 13:07:09
mash,принят закон антикризисных мерах налоговой поддержки — отменяется ндфл полученных вкладам банках 20212022 годах — повышается граница налога роскошь автомобилей,2022-03-22 12:59:05
mash,прекратите отправлять украину оружие прекратите лгать нато канадский писатель ив энглер автор черной книги канадской внешней политики ворвался официальное мероприятие,2022-03-22 12:14:30
mash,— сделали — ревность мвд публикует допрос отелло домодедова парень обливший вчера парочку серной кислотой признался мотивом ревность оксана гаврикова,2022-03-22 12:02:07
mash,валим валим валим валим экслюзивное видео работы российских вертолётов ка52 изюмом мастеркласс героическому уходу атаки пзрк стингер вс украины,2022-03-22 11:46:08
mash,когдато петербуржцы жили мире согласии появились яблоки раздора машины показываем битву парковочное гдето василеостровском районе орудий трос пара бамперов дух,2022-03-22 11:43:43
mash,минтранс рф сообщает авиакомпании перевели российский реестр 800 самолётов потеряны 78 арестовали рубежом,2022-03-22 11:24:50
mash,момент возгорания нефтебазе кстово мгновение цистерн одна огне некуда ехать,2022-03-22 10:58:45
mash,навального признали виновным оскорблении судьи приговор зачитывают часа,2022-03-22 10:42:49
mash,бензовозов полыхают эстакаде кстовской нефтебазы площадь возгорания достигла 800 квадратов отправляют пожарных работают 60 15 единиц техники пострадавших нижегородский роспотреб,2022-03-22 10:18:06
mash,утренний брифинг минобороны рф,2022-03-22 09:30:33
mash,суд начал оглашать приговор алексею навальному признан виновным делу мошенничестве прокуратура требует 13 колонии,2022-03-22 09:22:15
mash,сочи фсб задержала админа тггруппы колумбайн террористическая организация запрещена рф версии следствия 17летний подросток прапагандировал идеологию массовых убийств распространял фейки,2022-03-22 09:11:28
mash,действия сша не оказывают никакого влияния решимость москвы двигаться достижению целей российской военной операции — замглавы мид рф сергей рябков,2022-03-22 08:43:40
mash,подорожало топливо полок исчезла мука подсолнечное масло не германии вышло многом другом поговорим нашем утреннем эфире депутатом немецкого бундестага ойгеном,2022-03-22 07:33:41
mash,мэр украинского борисполя владимир борисенко призвал жителей эвакуироваться завуалированно показывает практика мест идут бои гражданского населения находится городе легче вооруженным,2022-03-22 06:59:06
mash,уходите россии даём 48 часов уйти — станете нашей следующей целью хакеры anonymous угрожают компаниям остались россии среди — citi,2022-03-21 23:06:49
mash,российские сми не должны демонстрировать логотип организации meta facebook instagram — роскомнадзор маркировать компанию meta отныне запрещенную рф организацию,2022-03-21 22:44:46
mash,последствия удара позициям всу авдеевке города 2014 ведутся постоянные обстрелы донецка самые смертоносные снаряды прилетали столицу днр оттуда,2022-03-21 22:27:37
mash,обновили нашу карту продвижение войск точки окружения неприятеля захват вооружения всу удар месту базирования самоходных гаубиц прятались тц ретровиль,2022-03-21 22:12:15
mash,будапешт наложит вето санкции евросоюза отношении импорта российского газа введение бесполетной зоны украиной миротворческую миссию ес министр иностранных петр сийарто,2022-03-21 21:54:08
mash,роскомнадзор заблокировал сайт euronews,2022-03-21 21:47:06
mash,режиссер виталий мельников скончался санктпетербурге 93 числе работ виталия фильмы старший сын начальник чукотки бедный бедный павел виктором сухоруковым главной,2022-03-21 21:35:16
mash,автора русскоязычного youtubeканала военную тематику арестовали риге сообщили официальном тгканале сообщества официального подтверждения информации кирилл фёдоров гражданин латвии сообщают грозит,2022-03-21 20:55:57
mash,сша хотели сохранить взаимное дипломатическое присутствие россией оставить открытыми линии коммуникации госдепартамент глава дипломатии ес заявил неделе новых санкций адрес,2022-03-21 20:44:50
mash,брифинг минобороны главное — 62 жителей мариуполя эвакуированы россию — киев отказался создания коридоров выхода мирных жителей националистов оружия мариуполя,2022-03-21 20:39:07
mash,вопросы компромиссов переговорах россией решать всеукраинский референдум — зеленский речь пойдет гарантиях безопасности донбасса крыма президент украины заявил интервью национальной,2022-03-21 20:19:25
mash,сбу задержали мужчину выложил сеть фотографии гаубиц возле киевского тц войска нанесли ракетный удар попутно разрушив центр украинские военные посчитали,2022-03-21 19:57:19
mash,ск возбудил отношении украинского журналиста дмитрия гордона обвиняют публичных призывах развязыванию войны возбуждении ненависти нацпризнаку распространении фейков вс рф,2022-03-21 19:53:08
mash,юношеская команда украинских яхтсменов абрамовича действия — турция юные одесситы тренировались турецком бодруме узнали яхта романа аркадьевича гдето попытались помешать,2022-03-21 19:45:46
mash,сообщают глобальном сбое сервисов apple google youtube amazon мобильных операторов verizon tmobile,2022-03-21 19:27:02
mash,макеевкой днр сбиты ракеты точкау — сообщили власти республики обломки упали посёлке пролетарское микрорайоне зелёный микрорайоном загорелось поле повредило стёкла,2022-03-21 19:20:39
mash,прямом эфире журналистом константином сёминым говорим варварском отношении украинского деятеля геннадия друзенко российским пленным призыве кастрировать раненных солдат рф обстреле,2022-03-21 18:36:48
mash,датскошведский молочный гигант arla перестанет продавать кефир изза кремля буквально упаковка продукта 100 сделана шведских материалов нарисован храм василия блаженного,2022-03-21 18:11:05
mash,минобороны рф новом брифинге объясняет показывает пришлось уничтожить неработающий тц окраине киева крылатыми ракетами спойлер украинские военные складировали оружие боеприпасы,2022-03-21 17:23:34
mash,заявления американского президента недостойные государственного деятеля столь высокого ранга ставят российскоамериканские отношения грань разрыва мид рф вызвал посла сша вручил,2022-03-21 16:24:29
mash,facebook instagram запрещены россии официально мнению суда компания meta ведёт экстремистскую деятельность тверской суд москвы прислушался генпрокуратуре решил таргет таргетом,2022-03-21 15:48:18
mash,ростовской области бензовоз столкнулся самосвалом — загорелась случилось районе малой лазовки — вероятнее автоцистерна выехала встречку столнулась встречным автомобилем месте,2022-03-21 15:43:57
mash,сыктывкаре 52летний мужчина поджёг здания педколледжа имени куратова выжил госпитализировали пошёл неясно секунд самовозгорания мужчина понял идея не попытался потушить,2022-03-21 15:11:06
mash,международная федерация шахмат дисквалифицировала россиянина сергея карякина полгода,2022-03-21 14:55:41
mash,какаято тупая пида убан выложили фотку нашей техникой украинском фейсбуке просят перестать публиковать фотки затаившихся жилых кварталах украинской техники например,2022-03-21 14:41:00
mash,авиакомпания china eastern чей самолёт разбился юге китая приостанавливает полёты boeing 737800 таких лайнеров перевозчика 102 разбившийся введён эксплуатацию,2022-03-21 14:07:49
mash,искусство переобувания руководителя украинского проекта мобильный госпиталь геннадия друзенко пообещавщего кастрировать пленных русских солдат,2022-03-21 13:37:26
mash,колонии эдвард бил проведёт полугода сообщил адвокат александр никитин срок проведённый домашним арестом идёт зачёт наказания приговор никитин собирается обжаловать,2022-03-21 12:46:03
mash,ржд отменили масочный режим измерение температур пассажиров поездах вокзалах,2022-03-21 12:21:43
mash,выход выходим не задерживаемся эдварда била взяли стражу зале суда аварию 1 апреля 2021 дали реальный срок запретили управлять любыми,2022-03-21 12:10:51
mash,пресненский суд москвы приговорил эдварда била 1 2 месяцам колонии прокуратура требовала назначить блогеру месяца колонии лишить водительских прав 1,2022-03-21 12:05:10
mash,момент нападения парня кислотой пару домодедове пострадавшие — оксана гаврикова александр эрикс подозреваемый — бывший возлюбленный оксаны очевидно решил отомстить,2022-03-21 12:02:49
mash,плачу зову помощь молюсь пришли осетины спасли днр нашли дневник женщины которую спасли изпод завалов дома военнослужащие северной осетии наталья,2022-03-21 11:31:56
mash,подписчики приднестровья сообщают массовой рассылке школам непризнанной республики угрожают взрывами расстрелами одинаковые сообщения пришли учебные заведения тирасполя бендер рыбницы дубоссар,2022-03-21 11:05:39
mash,крушения китайского боинга начался лесной пожар судьба 133 находившихся борту неизвестна upd уточнённым данным самолёте находились 123 пассажира 9 членов,2022-03-21 10:37:37
mash,умер писатель юз алешковский виртуоз нецензурной лексики автор романа николай николаевич строчек сталин учёный скончался сша возрасте 92 сообщил медиаменеджер,2022-03-21 10:18:50
mash,соцсетях начинают появляться видео предварительно места катастрофы cctv сообщает борту находились 133 человека свидетели пишут борт mu5735 упал города учжоу,2022-03-21 10:14:26
mash,юге китая потерпел крушение пассажирский boeing 737 компании china eastern местные сми предварительно речь идёт рейсе mu5735 куньмина гуанчжоу,2022-03-21 10:07:33
mash,жёсткое указание — мужчин кастрировать тараканы не эфир канале украина 24 геннадий друзенко руководитель проекта мобильный госпиталь рассказывает ждёт раненных,2022-03-21 10:01:45
mash,утренний брифинг минобороны рф — вкс рф нанесли удар крылатыми ракетами центру подготовки иностранных наёмников украинских националистов ровненской области уничтожено,2022-03-21 10:00:43
mash,домодедове неизвестный плеснул кислотой троих людей среди 11летний ребёнок случилось подъезде дома подольском проезде предварительная причина нападения месть ребёнка пострадали,2022-03-21 09:54:07
mash,думаю должна проверить сделана сварка трубе видно вызывает сомнения мэр ростова логвиненко рассказал трубы меняли чиновники всём винят владельца теплотрассы,2022-03-21 09:39:03
mash,давай свидания наклейки появились утром москве макдональдсе проспект кафе starbucks арбат магазине cartier столешниковом переулке — покинул свернул бизнес россии,2022-03-21 08:50:30
mash,всу выпустили 15 ракет донецку градов сцкк днр,2022-03-21 08:16:14
mash,среди пострадавших аварии теплотрассе ростове ребёнок реанимации домом ночью прорыв жильцов быстро вывели улицу момент аварии струя кипятка обдала здание,2022-03-21 07:51:37
mash,заводе сумыхимпром украинских сумах произошла утечка аммиака глава областной администрации дмитрий живицкий словам зона поражения 25 км угрозой село новоселица,2022-03-21 05:47:57
mash,ростовенадону прорвалась теплотрасса улице малиновского пострадавшие изпод земли начал бить фонтан кипятком жильцов домов поблизости пришлось эвакуировать 13 госпитализировали участке,2022-03-21 05:40:45
mash,украинская элита потихоньку эвакуирует нажитое венгерской границе остановили жену экснардепа верховной рады 28 миллионами долларов 13 миллиона евро бывший руководитель,2022-03-20 23:00:12
mash,мариуполь приехали первые машины гуманитарной помощью россии словам главы днр пушилина разгружали машины больнице востоке города приём гуманитарного груза осложнялся,2022-03-20 21:59:45
mash,минобороны рф — 1000 мск 21 марта открывает гумкоридоры мариуполя восток запад — последние дня рф удалось эвакуировать мариуполя 59,2022-03-20 21:36:38
mash,отсрочила белоруссии погашение обязательств госкредитам 56 министр финансов рб юрий селиверстов,2022-03-20 20:50:26
mash,апдейт карты спецоперации продвижение российских войск свежие видео места главные события дня,2022-03-20 20:02:32
mash,вечерний брифинг минобороны рф,2022-03-20 19:46:26
mash,мариуполь российские журналисты попали миномётный обстрел всу счастью не пострадал,2022-03-20 19:05:16
mash,освобождении мариуполя бою погиб замкомандующего черноморским флотом капитан 1 ранга андрей палий гибель подтвердил бывший главнокомандующий вмф рф владимир масорин,2022-03-20 17:30:55
mash,ярославле обрушились перекрытия здании магазина пересечении улиц депутатской андропова предварительно погиб получили травмы магазин закрыт находился ремонте внутри находились рабочие,2022-03-20 16:47:29
mash,зеленский продлил срок военного положения украине 25 апреля,2022-03-20 15:57:21
mash,уфимские мотоциклисты мотивируют падать вставать всяких коучей падать экстремальном спорте упасть грязь обычное испачканные рукиноги ребят не редкость очередной тренировки,2022-03-20 15:13:08
mash,государственный переворот сделанный арсением яценюком другими представителями власти украине привёл обнищанию людей войне уничтожению нашей страны украинский политик дмитрий верзилов,2022-03-20 14:14:50
mash,франция заморозила активы центробанка россии 22 миллиарда евро минэкономики,2022-03-20 13:58:37
mash,центре москвы мусорок нашли тело младенца месте работает полиция прокуратура ведёт проверку утром мусорной площадке дома 38 красной пресне жители,2022-03-20 13:24:47
mash,высокогорном селе шамильском районе дагестана местное кафе бесплатно обслуживает родных военных участвуют спецоперации украине заведение селе хебда не пустует жители,2022-03-20 12:35:19
mash,работает российский бпла форпост минобороны рф показывает кадры уничтожения бронетанковой техники всу высокоточным ракетным ударом,2022-03-20 11:34:54
mash,недели магазинных полок сметают крупу сахар соль туалетную бумагу женщины устроили ажиотаж прокладки аптеки заполонили паникующие бабушки пустеет инстаграм подписчики,2022-03-20 10:35:50
mash,утренний брифинг минобороны рф — войска днр взяли полный контроль село степное донецкой области — нанесён удар высокоточным оружием дальности,2022-03-20 09:38:15
mash,результате обстрела донецка украинскими войсками повреждена детская городская больница представительство днр сцкк,2022-03-20 09:18:01
mash,минобороны рф показывает работу вертолётов ка52 помощью птрк вихрь удалось уничтожить танк противника семи километров не входя зону поражения пво,2022-03-20 08:34:25
mash,украина главное — минобороны впервые показало кадры ночных полётов су35 — российская армия доставила жителям херсона 75 тонн гуманитарной помощи,2022-03-20 08:21:01
mash,начальник национального центра управления обороной рф михаил мизинцев выступил заявлением — открыла 19 марта 10 гуманитарных коридоров украина предложила 11,2022-03-19 20:37:13
mash,ежедневное обновление нашей карты спецоперации внутри сегодняшние видео события продвижение войск смотрите апдейты ссылке,2022-03-19 19:54:58
mash,полная версия брифинга мо,2022-03-19 19:50:21
mash,брифинг министерства обороны рф — российские военные прорвали оборону батальона айдар запрещен порицаем вышли рубеж шахтерскоеновоукраинка уничтожено 30 боевиков —,2022-03-19 19:34:17
mash,горящий цех завода маркса первомайске артиллерии обстреляли всу,2022-03-19 19:14:36
mash,зеленограде пьяный водитель каршере устроил дтп пытаясь скрыться полиции человека пострадали 28летний гражданин украины дмитрий свистельников выпил решил сыграть gta,2022-03-19 18:47:29
mash,белоруссией украиной железнодорожного сообщения глава правления украинской железной дороги александр камышин,2022-03-19 18:10:53
mash,угледар перешёл контроль сил днр республиканский штаб количество освобожденных населённых пунктов увеличилось 98,2022-03-19 17:52:50
mash,1 апреля социальные пенсии проиндексируют 86 минтруд рф,2022-03-19 17:11:08
mash,вмс украины установили 420 мин подходах портам одессы очакова черноморска южного фсб ведомстве заявили мины изза обрывов тросов угрожают дрейфом,2022-03-19 15:59:32
mash,симферополе мужчина перепутал подругу грабителем отправил нокаут сломав рёбер дружба мирона ани изменено длилась 10 не вмешались алкоголь плохое зрение,2022-03-19 15:54:21
mash,сергей лавров сделал заявлений участниками конкурса лидеры россии — не исключено инициатива введении миротворческого контингента нато украину подразумевает контроль польши,2022-03-19 13:59:49
mash,пришли приятно пообщаться пост появился телеграмканале одесского журналиста главреда местного издания таймер юрия ткачёва соцсетях юрий освещал происходящее украине критики,2022-03-19 13:44:39
mash,всу обстреляли шахту донецке землей остаются 165 горняков пострадавших министерство угля энергетики днр upd количество застрявших горняков увеличилось 18 upd2,2022-03-19 12:50:22
mash,врачи дагестана совершили восхождение килиманджаро абдулла магомедов будни спасает людей республиканском центре медицины катастроф свободное покоряет горы началось пару впервые,2022-03-19 12:16:14
mash,сша рассматривают отключения россии gps рогозин глава роскосмоса заявил стартовый комплекс ракет союз космодроме куру французской гвиане законсервирован навсегда,2022-03-19 11:31:21
mash,сбежали оставили калаши форму нарядились гражданку убежали кадрах допрос пленного солдата всу рассказывает поисках еды брошенных домах шевелёвки харьковская область,2022-03-19 11:20:53
mash,друзья гигарамы сделали самое тяжёлое оттого качественное гигапиксельное фото вчерашнего концерта лужниках честь присоединения крыма смотрите не видели увеличивайте рассматривайте,2022-03-19 09:25:05
mash,брифинг мо рф — применен авиационный ракетный комплекс кинжал гиперзвуковыми ракетами уничтожения склада боеприпасов иванофранковской области — береговым ракетным комплексом,2022-03-19 09:19:35
mash,потерянные солдаты днр забраться воронку укрыться огня помахать руками дрону спасут улыбаемся машем парни,2022-03-19 08:47:58
mash,днр сообщили 15 раненых мирных жителях освобожденной части мариуполя изза боевых действий среди годовалый ребёнок,2022-03-19 08:28:02
mash,минобороны публикует кадры ударов позициям националистов вертолётами ка52,2022-03-19 07:48:38
mash,lg electronics приостанавливает поставки россию,2022-03-18 21:46:28
mash,заявление мо рф — вс рф готовы открыть коридоры выпустить националистов мариуполя украинские власти отказались предложения — вс рф готовы,2022-03-18 20:47:24
mash,обновили нашу карту спецоперации добавили главные видео события дня продвижение чеченского спецназа будьте курсе следите апдейтами,2022-03-18 18:56:54
mash,свежий брифинг мо рф — вс рф уничтожили высокоточным оружием стоянку боевыми самолетами авиазаводе львова склады оружия пригородах николаева вознесенска,2022-03-18 18:47:04
mash,эксклюзивное интервью экспремьера украины николай азаров нацистах американских биолабораториях украине обсудим ожидания набиуллиной цб итоги переговоров америки китаем самые громкие,2022-03-18 18:36:03
mash,джо байден си цзиньпин поговорили видеосвязи главное версии китайской стороны байден — соединенные штаты не стремятся вести новую холодную войну,2022-03-18 18:14:29
mash,глава российской делегации переговорах украиной мединский — нейтральный статус украины невступление нато темы которым киев максимально сблизили позиции — киев,2022-03-18 17:44:10
mash,госдеп сделал заявлений отношениям россией разговора байдена си цзиньпином — сша надеются отменить многие санкции рф случае прекращения спецоперации восстановления,2022-03-18 17:41:38
mash,сказали администрации не зовёте ремонт делаете должны чтото гвардейске жители четвёртого дома улице гагарина 1980х годов ремонтируют двухэтажку администрация отказывается,2022-03-18 17:34:35
mash,глава столичного дептранса максим ликсутов рассказал лужники метро мцк наземном транспорте приехало 200к чм2018 прошло ровно сбоев интервалы движения поездов,2022-03-18 16:38:49
mash,прямые эфиры не броши намёком центробанк не совладал стримом наших телеграмах поэтому пришлось прибегнуть привычному ютубу итоге говорила эльвира набиуллина,2022-03-18 16:18:44
mash,трансляция выступления путина концерте честь годовщины присоединения крыма отчегото прервалась показываем полную версию выступления президента плюс кусок выпавший трансляции порядке,2022-03-18 15:50:45
mash,владимир путин выступил концерте лужниках — немало сделала поднять крым севастополь вытащить унизительного состояния — крымчане поступили правильно поставив жёсткий,2022-03-18 15:26:12
mash,хотел выразить поддержку российской армии ребятам первых рубежах артём жога легендарного комбата спарты владимира жоги лужниках,2022-03-18 15:18:51
mash,путин подписал указ дополнительных временных мерах обеспечению финансовой стабильности сфере валютного регулирования конца запрещено разрешений цб рф оплачивать доли вклада,2022-03-18 14:53:48
mash,концерт лужниках честь годовщины присоединения крыма прямо данным мвд стадионе 95 100,2022-03-18 14:50:44
mash,сбер официальным партнёром паралимпийской команды россии не лого футболках сильно — компания помогать нашим спортсменам тренерам числе зимних играх паралимпийцев,2022-03-18 14:15:10
mash,казанские фсиновцы поймали кошкунаркокурьера животное попыталось пронести гашиш порох ошейнике ворота ик19 сотрудники исправительной колонии устанавливают личность заключённого которому предназначался,2022-03-18 14:08:21
mash,подбит обозначаем иду вынужденную борт управляем боевик минобороны российские ка52 прикрывают высадку десанта гостомеле кино сильно круче — стрельба целям,2022-03-18 13:52:25
mash,совместно проектом гигарама сделали интерактивную карту военной операции украине территории контролируемые войсками рф лднр зоны боёв движение войск гуманитарные коридоры,2022-03-18 12:51:28
mash,заявление минобороны рф ночном ударе всу мелитополю — удары нанесены ракетами точкау кассетными зарядами — российские средства пво отразили ракетную,2022-03-18 12:37:27
mash,центробанк россии принял решение сохранить ключевую ставку уровне 20 годовых,2022-03-18 12:32:37
mash,уничтожение узла связи всу контролируемой украиной территории кадры публикует минобороны рф,2022-03-18 12:12:34
mash,дмитрий песков прокомментировал журналистам актуальную ситуацию – путин обсудил канцлером фрг шольцем ход спецоперации рф украине заявил переговорах готова продолжить,2022-03-18 11:47:49
mash,бренды соцсети уходят остаётся авито мемы посмотрели бороздят просторы рунета расчехлили собственные мемомёты наслаждайтесь лайк жиза,2022-03-18 11:25:45
mash,таиланд 1 апреля отменяет обязательный пцртест въездом стране сокращают карантин туристов находиться изоляции дней зависимости вакцинации,2022-03-18 11:19:20
mash,подмосковном щёлкове 11 детей отравились дымом школьном туалете госпитализированы состоянии средней тяжести ребятки 28й школы деревни огуднево решили поэкспериментировать подожгли,2022-03-18 10:57:17
mash,китайские власти оказания военной поддержки сша украине поскольку передача киеву летального оружия ставит восстановление стабильности — мид кнр чжао лицзянь,2022-03-18 10:30:30
mash,сизо №1 скончался вартан кочьян расстрелявший сочи судебных приставов мужчина прошлом отказался сносить самовольно построенный окончательным решением пришли приставы открыл,2022-03-18 10:08:39
mash,района текстильщик донецке обстрела всу 4 женщины стояли подъезда двор прилетел снаряд — мертвы,2022-03-18 09:54:11
mash,левобережный район мариуполя перешёл конроль днр администрацией — флаг республики,2022-03-18 09:48:30
mash,утренний брифинг минобороны рф,2022-03-18 09:25:18
mash,сербские фаны црвены звезды устроили перформанс поддержку россии вчерашнем матче лиги европы шотландского рейнджерса втором тайме краснобелые начали скандировать русские,2022-03-18 09:15:37
mash,25летнего украинского певца арестовали подмосковье призывы насилию адрес российских военных ск посмотрел не популярный инстаграм певца нашёл признаки возбуждения ненависти,2022-03-18 09:01:16
mash,путин внес гд кандидатуру набиуллиной переназначения должность председателя цб telegramканал палаты,2022-03-18 08:59:45
mash,создала бесполётную зону донбассом представитель нм днр басурин upd басурин объяснил слова точной информации введении бесполётной зоны речь шла предположении,2022-03-18 08:17:30
mash,ер подготовили расширения принятым нормам фейках вс рф депутаты предлагают привлекать ответственности фейки любых госорганах россии действущих рубежом,2022-03-18 08:02:43
mash,мо рф публикует кадры уничтожения складов бронетехники всу беспилотником форпост,2022-03-18 07:47:58
mash,египет временно отменил штрафы российских туристов просрочку периода безвизового пребывания шармэшшейхе руководитель ростуризма догузова,2022-03-18 07:21:06
mash,ограничения авиасообщения аэропортах юге россии продлены 26 марта,2022-03-18 06:45:43
mash,apple не продавать россии iphone se устройства последней презентации appstore работает обновления ios продолжают приходить российским юзерам,2022-03-17 23:08:28
mash,рф отменяет голосование гуманитарной резолюции украине сб оон 18 марта запрашивает срочное заседание совбеза биолабораториям сша украине небензя,2022-03-17 22:51:09
mash,постпред россии совбезе оон высказался происходящем украине — российских военных чернигове инциденты речь смерти гражданина сша городе следствие бесконтрольной раздачи,2022-03-17 22:44:37
mash,палата представителей сша поддержала законопроект приостановке нормальных торговых отношений россией белоруссией,2022-03-17 21:24:40
mash,инциденты подобные удару точкойу донецку должны расследоваться оон,2022-03-17 21:09:43
mash,иркутской области бабушка потеряла 4000 долларов откладывала свадьбу внучке знаете вернули 70летняя жительница усольясибирского копила карте началась суета побежала снимать,2022-03-17 20:00:27
mash,полуночи 18 марта граждан лнр днр украины белоруссии снимаются отдельные ковидные ограничения перемещение границу рф фсб,2022-03-17 19:42:44
mash,мариупольские блогеры призывали бежать драмтеатра города дней взрыва происходит изюме наших аптеках импортные лекарства самые громкие темы дня нашем стриме,2022-03-17 19:11:46
mash,константин эрнст покидает совет директоров мтс,2022-03-17 19:11:21
mash,дети раненые огнестрельным ранением девочка оперировали пулями кесарево делали взрывами освобождённая волноваха жители рассказывают выживали появления российской армии словам людей,2022-03-17 18:47:27
mash,свежий брифинг мо рф,2022-03-17 18:32:00
mash,ходе освобождения марьинки погибли иностранных наёмника народная милиция днр власти республики называют имена майкл хокер слева фото логан шрум круз,2022-03-17 18:20:41
mash,переживающие американцы ньюйорка собрали примерно 400 бронежилетов отправки украину не переживающие американцы узнали ночью украли здания комитета украинского конгресса америки,2022-03-17 17:32:22
mash,потеряем повторим посадочный модуль обеспечим ракетойносителем ангара нового стартового комплекса космодрома восточный проведем самостоятельно исследовательскую экспедицию всяких европейских друзей поджатыми,2022-03-17 16:53:49
mash,минске нашли повешенным польского солдата эмиля чечко сбежавшего белоруссию миграционного кризиса сообщает белорусский ск чечко известен скандальными разоблачениями польских пограничников,2022-03-17 16:26:02
mash,подмосковье сотрудники склада wildberries украли 20 видеокарт nvidia 3070 ti стоят 200к рублей охотники фиолетовых футболках взломали сейф одном складов,2022-03-17 15:41:35
mash,момент уничтожения украинского су25 предположительно черниговом,2022-03-17 15:23:16
mash,минобороны рф публикует документы 2015 подтверждающие пентагон финансировал военнобиологические проекты украине данным министерства лаборатории украинского минобороны киеве одессе львове харькове,2022-03-17 15:09:11
mash,генштаб украины запретил публиковать фотографии разрушений объектов тылу обнародовать потери ракетных ударов вкс рф среди личного состава всу,2022-03-17 14:18:22
mash,владимир путин проводит совещание ситуации крыму накануне годовщины присоединения основное — прошедшие доказали насколько правильным свободный сознательный выбор крымчан воссоединиться,2022-03-17 14:00:45
mash,организация human rights watch призывает украину уважать права военнопленных перестать публиковать видео не нарушать женевскую конвенцию,2022-03-17 13:49:53
mash,спецкор полетал коптере центре украинской обороны города изюма побродил улицам мосты взорваны отступлении телевышка выведена строя всушники попрежнему наблюдать передвижением,2022-03-17 13:36:02
mash,американская баскетболистка не признала вину контрабанде наркотиков россию химкинский суд продлил арест месяца 32летнюю олимпийскую чемпионку баскетболу бритни грайнер феврале,2022-03-17 13:04:35
mash,михаил мишустин выступил совещании правительства самое главное — мае начнутся выплаты детей 8 16 семьях низкими доходами выплаты начисляться период,2022-03-17 13:00:15
mash,18 марта граждане россии белоруссии смогут перемещаться границах союзного государства ограничений мишустин,2022-03-17 12:50:24
mash,нато не вмешиваться конфликт украине военным способом — канцлер фрг олаф шольц,2022-03-17 12:40:04
mash,цб рф 1 мая увеличит максимальный размер операции системе быстрых платежей телефону кидать 600 рублей 1 миллиона,2022-03-17 12:16:56
mash,рф не принять внимание требование международного суда оон остановить военную операцию украине — дмитрий песков,2022-03-17 12:10:45
mash,не сопротивляйся равно сильнее сексработница калининграда засудила клиента изнасилование ограбление ольга безопасности героини поменяли познакомилась эдгаром кузнецовым марте 2021го 19,2022-03-17 11:56:44
mash,тяжёлой артиллерийской установки малка 203 мм позициям всу районе харькова,2022-03-17 11:00:38
mash,минфин выплатил 1172 миллиона долларов российским еврооблигациям карнавала дефолта не,2022-03-17 10:52:05
mash,дяди вани вместо макдака не компания русское поле опровергла причастность регистрации бренда русского фастфуда дней лентач рамках импортозамещения придумал прикольных,2022-03-17 10:48:19
mash,предположительно видео паром alsalmy флагом оаэ идёт ко дну 30 милях иранского порта эселуйе судно перевозило автомобили причины бедствия пострадавшие,2022-03-17 10:34:18
mash,федеральная антимонопольная служба проводит антикартельные проверки крупнейших российских производителей сахара виной резкое повышение цен необоснованное сокращение белого рафинированного золота рынке,2022-03-17 10:06:43
mash,китай выступает санкций сша отношении россии дестабилизирующих мировой рынок защищать интересы предприятий министерство коммерции кнр,2022-03-17 09:41:09
mash,брифинг минобороны рф — вс рф уничтожили склад боеприпасов ровенской области хранились ракеты комплекса точкау — российская авиация сутки уничтожила,2022-03-17 09:29:19
mash,дмитрий медведев опубликовал пост своём тгканале пишет — телеграм оказался востребован скомпрометировавшие известные social media — экспансия нато нашим границам,2022-03-17 09:18:45
mash,минобороны рф показывает кадры уничтожения военных складов всу российскими су25,2022-03-17 08:34:57
mash,вьетнам открыл границы туристов восстановил 14дневный безвизовый въезд числе граждан россии,2022-03-17 08:18:07
mash,силы днр освободили 95 населённых пунктов территории республики эдуард басурин,2022-03-17 08:07:21
mash,джо байден назвал владимира путина военным преступником 30 секунд не готов назвать российского президента местная журналистка дважды спрашивала согласен байден,2022-03-16 23:01:43
mash,предложение отправке украину миротворческой миссии представят ближайшем саммите нато премьер польши,2022-03-16 21:12:21
mash,не можете представить чувства пенсионер освобождённой волновахи радуется гуманитарке рассказывает боец днр рискуя жизнью добывал сигареты просил передать родным привет,2022-03-16 20:47:31
mash,похоже боец ребёнок фасаде волоколамке — рук русских хацкеров опубликовали присланное видео огромным экраном котором минуты появилась патриотическая картинка связались,2022-03-16 20:31:11
mash,минобороны россии опровергло заявление украинской стороны авиударе драмтеатру мариуполе министерстве утверждают боевики батальона азов совершили кровавую провокацию заминировали здание театра,2022-03-16 20:06:46
mash,еспч приостановил рассмотрение жалоб россии,2022-03-16 19:54:34
mash,украинский ведущий заявивший эфире уничтожать русских детей извинился слова тираду доктрину адольфа эйхмана считает неуместной первую очередь человечным,2022-03-16 19:23:01
mash,джо байден высказался ситуации украине — сша неделе передадут украине оборонную помощь 1 млрд долларов включает 800 систем пво 20,2022-03-16 19:15:31
mash,свежий брифинг мо рф — сбу поддержке западных стран готовит украине провокацию применением ядовитых веществ обвинить россию — утром высокоточным,2022-03-16 19:03:01
mash,смерть основателей азова награда голову журналистанационалиста план прекращения огня алкосанкции рф обсуждаем самые горячие темы дня нашем стриме подключайтесь телеграме,2022-03-16 18:59:42
mash,японии мощное землетрясение — света осталось 2 зданий повреждены аэс фукусима1 фукусима2 власти проводят оценку ущерба сообщают появлении цунами префектуре,2022-03-16 17:42:22
mash,ск рф возбудил фейках вс рф отношении ники белоцерковской блогера belonika основателя издания собака ru предпринимателя грозить 10 тюрьмы белоцерковская,2022-03-16 17:34:18
mash,кот степан потеряли юзеры инсты нашёлся франции популярный хвостатый 2021 родом украины военной операции хозяйка регулярно скидывала апдейты живы кот,2022-03-16 16:59:43
mash,ркн ограничил доступ сайту bbc news,2022-03-16 16:37:20
mash,волоколамка — крупном медиафасаде города европы 2 минуты появилась картинка — солдат ребёнком укутанным флаг днр композиция похожа монумент воиносвободитель,2022-03-16 16:21:01
mash,владимир путин ситуации экономике — запада не получилось организовать экономический блицкриг рф — новых реалиях потребуются структурные изменения экономики россии,2022-03-16 16:06:07
mash,путин ситуации украине — киев 8 игнорировал саботировал минские соглашения конце 2021 публично отказался исполнения — обозримом будущем пронацистский режим,2022-03-16 15:56:03
mash,подобные готовы родную продать разрешили прихожей высшей касты совещании членами правительства владимир путин не осуждает любителей вилл майами устриц фуагра,2022-03-16 15:49:03
mash,здания совета европы страсбурге спускают российский флаг,2022-03-16 15:13:34
mash,sotheby ’ s christie ’ s bonhams отменяют запланированные июнь аукционы русского искусства лондоне the art newspaper эх,2022-03-16 15:12:16
mash,комитет министров совета европы исключил россию состава организации,2022-03-16 14:49:57
mash,70летнего пенсионера севастополя ударили гражданскую позицию виновника задержали силовики нашли полу квартире сонного напуганного рассказал совершил поступок пьян,2022-03-16 14:05:52
mash,bmw volkswagen приостанавливают работу заводов всей европе изза нехватки деталей импортировались украины — financial times речь идет кабельных жгутах практически,2022-03-16 14:03:58
mash,роскомнадзор заблокировал 32 ресурса bellingcat признан иноагентом белорусское еврорадио эстонцев postimees израильских издания,2022-03-16 13:30:46
mash,канал украина 24 показал бегущую строку зеленский якобы призывает военных сложить оружие сдаться канале объявили не чём всём виноваты русские,2022-03-16 12:59:07
mash,роман абрамович перестраховался передал активы партнёру введения санкций — wsj информации газеты олигарх 24 февраля переписал компанию norma investments ltd,2022-03-16 12:49:59
mash,демилитаризация украины австрийскому шведскому варианту сохранением собственной армии наличия иностранных военных баз обсуждается переговорах делегаций москвы киева рассматриваться качестве компромиссного,2022-03-16 12:14:47
mash,япония лишает россию статуса благоприятствуемой нации торговле премьерминистр фумио кисида решение позволит поднять пошлины российские товары,2022-03-16 12:11:56
mash,абабай камень гигант дагестане замечен камень новость прямиком цумадинского района чёрное нечто похожее йети прочих левиафанов крадётся склону круто кадром,2022-03-16 11:58:16
mash,переговорах киев предлагает украины австрийский шведский вариант нейтралитета демилитаризованное государство собственной армией заявил мединский,2022-03-16 11:09:48
mash,автоваз объявил месяц отпусков полгода запланированного руководство ресурсов заводы тольятти ижевске продолжали стабильно цены растут иностранные комплектующие стали дороже людей,2022-03-16 10:56:38
mash,мариуполе ликвидировали основателей идеологов нацбатальона азов запрещён порицаем — николая кравченко позывной крук кравченко известен среди прочего своими выступлениями обещал,2022-03-16 10:35:21
mash,минобороны публикует видео захваченное украинское оружие передают днр лнр бойцы учатся обращению американскими британскими противотанковыми комплексами all you need is,2022-03-16 10:25:43
mash,полиция севастополя задержала мужчин ударивших пенсионера букву z машине оказался 36летний местный житель следователи обыскали жильё устанавливаются обстоятельства инцидента второго,2022-03-16 09:25:29
mash,утренний брифинг минобороны рф,2022-03-16 09:20:23
mash,количество пострадавших взрыва точкиу макеевке увеличилось 6 трое дети коммунальщики расчищают прилёта,2022-03-16 08:06:34
mash,временем президент казахстана токаев анонсировал изменения политической системе страны — казахстан перейдет суперпрезидентской республики президентской сильным парламентом — глава государства,2022-03-16 07:47:11
mash,минобороны публикует видео атаки ударных беспилотников иноходец укреплениям технике всу,2022-03-16 07:41:01
mash,пасе проголосовала выход россии совета европы 216 депутатов высказались организации заявили рф не государствомчленом,2022-03-16 07:02:35
mash,поёт выбивает страйки боулинге гоняет ралли стреляет велосипеда велосипеда учит министров баскетболу испытывает истребители сжигает шмаль печи падает лошади пишет,2022-03-15 22:33:41
mash,не должны сюда приезжать грёбаная ловушка американский наёмник рассказывает приехал защищать украину вместо ожидаемой героики встретился суровой реальностью военную базу,2022-03-15 21:51:32
mash,результате ракетного обстрела района макеевки пострадали человека среди ребёнок сцкк днр upd среди пострадавших 2 ребёнка девочка 10 тупой травмой,2022-03-15 21:32:36
mash,украинские вс использовали комплекс точкау ракета прилетела микрорайон солнечный макеевке днр сообщили представительстве республики сцкк видео предполагаемое прилёта словам местных,2022-03-15 21:15:00
mash,самое популярное 2022 тревожность сняли нём документалку не сорваться яму депрессии уныния поговорили психологами мастерами духовного делимся советами,2022-03-15 21:01:51
mash,байден подписал утвержденный конгрессом бюджет остаток включает помощь украине размере 136 млрд долларов,2022-03-15 20:50:58
mash,придерживаться доктрины адольфа эйхмана сделаю зависит дети не жили эфир украинском канале 24 ведущий фахрудин шарафмал цитирует оберштурмбаннфюрера сс адольфа,2022-03-15 20:07:47
mash,ес запретил поставлять россию люксовые автомобили дороже 50 евро мотоциклы дороже 5 евро,2022-03-15 19:26:23
mash,ес запретил ввоз россию духов бытовой техники алкоголя товаров ценой 300 евро единицу,2022-03-15 19:21:53
mash,члены конгресса сша готовят законопроект разрешит американским властям конфисковать имущество россиян попавших санкции вырученные средства направить помощь украине сенатор шелдон,2022-03-15 19:11:52
mash,евросоюз ввёл пакет санкций рф попали 15 физических юридических лиц среди константин эрнст роман абрамович гендир российского яндекса тигран худавердян,2022-03-15 19:00:12
mash,севастополе 70летнего пенсионера избили букву z машине валерий иванович советское занимался охраной горбачёва развала ссср предлагали сбу категорически отказался событий,2022-03-15 18:54:25
mash,валютные спекулянты метро золотые слитки авито смогут украина договориться неделюдве успеют россии закрыть youtube обсуждаем главные темы дня прямом эфире,2022-03-15 18:35:20
mash,останкинский суд оштрафовал марину овсянникову ворвавшуюся эфир программы антивоенным плакатом 30 рублей судили не протокол составлен видеообращение записанное перформанса призывает,2022-03-15 18:03:46
mash,кризисменеджмент самых маленьких правительство сша наняло тиктокеров обвинить россию росте цен бензин пишет foxbusiness рассказывает историю тиктокерши элли зейлер девушки,2022-03-15 17:55:10
mash,выходе совета европы вынуждена денонсировать европейскую конвенцию правах человека депутат госдумы слуцкий,2022-03-15 17:48:11
mash,решение выходе совета европы принято соответствующее письмо министра иностранных сергея лаврова вручено генеральному секретарю организации выходит совета европы собственной воле,2022-03-15 17:46:08
mash,запрещает въезд премьерминистру канады джастину трюдо стоплист попали 300 канадских парламентариев никаких носочков,2022-03-15 17:40:05
mash,керчи проходит акция памяти погибших донецке 14 марта накануне удар ракетой точкау войсками всу центру города унёс жизни 21 человека,2022-03-15 17:32:14
mash,55летний оператор fox news пьер закржевский раненый вчера украине скончался больнице сообщает генеральный директор канала сюзанна скотт пьер фотографом зоне,2022-03-15 17:30:23
mash,брифинг мо рф — прошедшие сутки поступило 114 тысячи заявок эвакуацию россию украины — населенные пункты пяти областей украины днр,2022-03-15 17:09:04
mash,премьер мишустин распорядился приостановить соглашение бермудскими островами надзору самолётами создать условия регистрации самолётов российском реестре снять риски пассажирских перелётов,2022-03-15 17:01:22
mash,полный стоплист российского мида ведомство сделало заявлений — данный шаг предпринятый порядке встречной реакции неизбежным следствием крайне русофобского курса взятого,2022-03-15 16:59:01
mash,ввела персональные санкции байдена блинкена мид рф списке сын джо байдена хантер пресссек белого дома псаки хиллари клинтон,2022-03-15 16:43:00
mash,apple включила карты качестве возможного способа оплаты учетной записи apple id,2022-03-15 16:05:10
mash,французский шинный гигант michelin приостанавливает экспорт производственную деятельность рф,2022-03-15 16:00:29
mash,саудовская аравия ведёт переговоры китаем продаже нефти юани — bloomberg доллар признан валютой международных расчётов 1944 решениями конференции бреттонвудсе торговые,2022-03-15 15:56:29
mash,педерасты ввели санкции россии оружие поставляют блдь работаете алексею мытищ 51 решил превратить местный барбершоп брадобрейную мужчине не понравилось стене,2022-03-15 15:17:28
mash,нато данный момент не рассматривает введении украиной бесполётной зоны постпред сша заявил идея поставки украину польских миг29 несостоятельна,2022-03-15 14:43:14
mash,признать украине не войти нато владимир зеленский,2022-03-15 14:42:53
mash,великобритания ввела персональные санкции мишустина шойгу иванова медведева решетникова хуснуллина захаровой соловьёва симоньян кеосаяна скабеевой красовского эрнста новые ограничения введены,2022-03-15 14:19:50
mash,привет ильшата гафурова москвы постит сторис запрещённом официально инстаграме сизо постмодернизм наступил обвиняемый заказном убийстве бывший ректор кфу находится изоляторе,2022-03-15 14:09:57
mash,упавший румынии беспилотник исследовательским прилетел украины — румынский министр обороны вчера местная полиция коммуны думитра примерно ста километрах границы украины,2022-03-15 13:32:09
mash,переговоры россии украины начались — член украинской делегации арахамия,2022-03-15 13:02:13
mash,ашан французские компании останутся россии глава союза французских предпринимателей medef жоффруа ру де безьё,2022-03-15 13:00:03
mash,россии заблокировано 20 популярных сервисов vpn роскомнадзор намерен продолжить работу — депутат хинштейн сайте роскомнадзора появлялась информация блокировке 6 популярных,2022-03-15 12:56:07
mash,бабушки стоят кассе не оплатить еду приехали лечить детей не оплатить лечение студенты остались помощи российские клиенты немецких банков говорят,2022-03-15 12:19:21
mash,совокупности обвинения прокурор просит алексею навальному 10 лишения свободы делу мошенничестве оскорблении суда штрафом 12 миллиона рублей учетом отмены условного,2022-03-15 11:54:53
mash,британия запрещает экспорт предметов роскоши россию вводит дополнительный 35процентный налог импорт ряда товаров,2022-03-15 11:34:35
mash,аэрофлот возобновит полеты армению 22 марта азербайджан 21 марта рейсы выполняться отечественных ssj100,2022-03-15 11:31:12
mash,киеве вводится комендантский сегодняшнего вечера 2100 утра четверга 800 городу запрещено передвигаться спецпропусков,2022-03-15 11:18:24
mash,дагестанском детском саду 3летняя девочка упала лестницы — реанимации тяжелом состоянии произошло махачкале частном саду — версии следствия воспитательницы не,2022-03-15 10:59:11
mash,ес выкатил пакет санкций внутри — запрет сделки некоторыми государственными предприятиями — запрет услуги оценке кредитоспособности доступ любым услугам отношении,2022-03-15 10:42:32
mash,тренер футбольной сборной валерий карпин рассказал артём дзюба не поедет ближайшие сборы футболист хочет выступать национальную команду украине родственников поэтому,2022-03-15 10:34:28
mash,украинские железные дороги начинают национализацию российских вагонов украине пишут местные сми,2022-03-15 10:21:09
mash,брифинг минобороны рф — херсонская область взята полный контроль вс рф — прошедшие сутки авиацией средствами пво вкс россии сбито,2022-03-15 09:44:15
mash,глава днр денис пушилин возложил цветы месту падения украинской точкиу сегодняшний объявлен донецке днём траура,2022-03-15 09:35:34
mash,туркменистане президент сердар бердымухамедов сын гурбангулы победил выборах набрав 7297 голосов ушла эпоха,2022-03-15 09:02:38
mash,табачная компания imperial brands передаст бизнес российской компании,2022-03-15 08:47:43
mash,подмосковье отменили масочный режим социальную дистанцию,2022-03-15 07:18:02
mash,япония вводит санкции 17 россиян среди депутаты госдумы бизнесмены сообщает мид японии,2022-03-15 02:34:01
mash,сша вводит санкций отношении 11 высокопоставленных представителей оборонного сектора россии,2022-03-15 01:58:37
mash,переговоры россии украины возобновятся 15 марта заявил владимир зеленский,2022-03-15 01:52:12
