лентач,сотрудник эрмитаж сломать нос посетитель прямо главный музей питер рассказать фитнесблогерша анастасия миронов избитый парень эрмитаж заявить парняга пытаться попасть,2021-10-30
лентач,томск умереть бабушка мужик день ухаживать красный зона вид врач причина смерть коронавирус сообщать телеканал слово медработник утром состояние женщина,2021-10-30
лентач,питерский суд мужик час выступать последний слово писать фонтанка евгений парамонов обвинять эпизод мошенничество ндс сумма лям свой многочасовой слово,2021-10-30
лентач,рокнролл кожаный мешок робопёс boston dynamics закосплеить клип rolling stones start me up выйти,2021-10-30
лентач,удар скреп питер задержать инстаблогерша ирина волков сняться стринг фон исаакиевский собор завести уголовка оскорбление чувство верующий сообщать региональный ск,2021-10-30
лентач,хроника коронавирус россия зафиксировать максимум заболеваемость пандемия сутки сентябрь смертность россия вырасти сравнение период заявить вицепремьер татьяна голиков основный причина,2021-10-30
лентач,умереть известный диктор игорь кирилл вести программа центральный телевидение один самый узнавать телеведущий ссср кириллов причина смерть не уточняться,2021-10-30
лентач,роскомнадзор потребовать youtube выпилить видео правозащитный проект gulаgunеt рассказ бывший заключить иркутский сизый пытка инсценировка роскомнадзор уведомление прийти представитель проект,2021-10-30
лентач,дед потребовать выдавить жулик лесной рыбный отрасль росфинмониторинг признать реально,2021-10-29
лентач,директор росфинмониторинг юрий чиханчин заявить встреча путин современный террорист получать финансирование игровой валюта онлайнигра интернет играть какойнибудь стрелялка условно говорить,2021-10-29
лентач,советник красноярский губернатор назвать житель регион ноющий куча дерьмо плаксивый сброд получить штраф,2021-10-29
лентач,microsoft обогнать apple капитализация стать дорога компания мир гдеть грустить тим кук,2021-10-29
лентач,мвд заявить наслать место разделка тушить лось карабин охотничий билет валерий рашкина не визитка ярош,2021-10-29
лентач,житель томск переодеться врач показать быт местный больница изнутри уволить работа стать поступать угроза классика,2021-10-29
лентач,трогательный история казахстан школьник прислать занятие юбка знак солидарность самоубийство восьмиклассник мальчик прийти школа юбка совершить суицид разговор психолог,2021-10-29
лентач,держать трейлер второй сезон ведьмак нетфликс,2021-10-29
лентач,цб выявить тип игровой финансовый пирамида,2021-10-29
лентач,явно не блогер суд вынести приговор андрей пыж диггер ведущий ютубканал urbanturizm обвиняться незаконный получение сведение составлять государственный тайна данные,2021-10-29
лентач,блогер руслан бобиева муроджонзод руслани подруга анастасия чистов приговорить месяц колония фотография имитация оральный секс фон храм василий блаженный признать,2021-10-29
лентач,саратовский область задержать депутат госдума кпрф валерий рашкина нетрезвый вид управлять автомобиль багажник наслать тушить лось,2021-10-29
лентач,хроника коронавирус россия зафиксировать максимум смерть коронавирус человек беглов потребовать силовик наказать иа панорама шуточный новость повышение стоимость проезд локдаун,2021-10-29
лентач,учёный смоделировать зрение акула узнать хищник нападать серфингист доска похожий любимый блюдо,2021-10-29
лентач,мвд белоруссия признать телеграмканал nexta nextalive luxta экстремистский формирование говориться сообщение сайт ведомство,2021-10-29
лентач,супруг развод не прийти соглашение ипотечный квартира накидать варик,2021-10-29
лентач,заводский суд кемерово приговорить фигурант первый уголовный дело пожар зимний вишня реальный срок передавать интерфакс гендиректор компаниисобственник трц зимний вишня,2021-10-29
лентач,погибший колесо ласточка подросток заплатить рубль ремонт вмятина поезд потребовать росгосстрах писать новый газета трагедия произойти подмосковный солнечногорск подросток переходить,2021-10-29
лентач,перепись население россиянин указывать самый разный национальность интервью вождь чудской племя человек называть скиф,2021-10-28
лентач,цукерберг объявить компания facebook менять название meta четверг upd переименовать компания название принадлежащий соцсеть facebook instagram мессенджер whatsapp остаться прежний,2021-10-28
лентач,интернет зафорситься мем скала джонсон который жёстко делать разный вещь подборка,2021-10-28
лентач,сечин покритиковать существующий капитализм назвать помеха поиск выход кризис,2021-10-28
лентач,адвокат иван павлов объявить розыск дело разглашение данные следствие сообщить свой телеграмканал павлов вести журналист советник глава роскосмос иван сафронов,2021-10-28
лентач,сценарист актёр офис би джей новак внезапно обнаружить фотка множество товар мир судить фото оказаться бесплатный фотосток актёр решить не,2021-10-28
лентач,новосибирский область чиновник администрация районный депутат подать иск пенсионерка репостил страничка вк видос плохой состояние дорога город проблема вывоз мусор,2021-10-28
лентач,полицейский москва не ходить работа рассказывать болеть завести уголовка,2021-10-28
лентач,занимательный текст саудовский аравия государство который стремительный технологический прогресс сочетаться средневековый закон строительство футуристический мегаполис название neom публичный казнь площадь,2021-10-28
лентач,роскомнадзор подать суд музтво пропаганда лгбт телеканал грозить штраф приостановление работа сутки изз недавний премия музтво даня милохина явиться костюм,2021-10-28
лентач,гугл запустить инструмент удаление выдача фотография ребёнок подросток запрос удаление фотография подать ребёнок родитель опекун специальный форма,2021-10-28
лентач,умереть валерий степанов судья мем полностью оправдать дело работать адвокат последний день лечиться коронавирус смерть сообщить адвокат рубен маркарьян f,2021-10-28
лентач,хроника коронавирус россия зафиксировать суточный максимум число заболеть число умерший нерабочий день начинаться москва подмосковье калининградский ростовский смоленский область хакасия,2021-10-28
лентач,девушка доверить кот выбрать акция покупка произойти полгода,2021-10-28
лентач,программист сергей савельев передать правозащитник видео пытка саратовский больница заочно арестовать писать znak вменять неправомерный доступ компьютерный информация мвд готовить,2021-10-28
лентач,британский физика выяснить останавливать дюна,2021-10-28
лентач,фсо хотеть запретить ездить красный площадь александровский сад самокат велосипед ролик проект приказ опубликовать портал нормативный правовой акт пояснительный записка,2021-10-27
лентач,парень питер тайком повесить портрет военный галерея эрмитаж решить хороший выход пожаловаться прокуратура оскорбление ветеран ветеран отечественный война,2021-10-27
лентач,осторожно приводить любовь электроника моделирование дрель дилдый фаллоимитатор функция нагрев почитать занимательный история отечественный сексмашин прям маркет продаваться,2021-10-27
лентач,основатель проект gulаgunеt владимир осечкин обратиться открытый письмо путин заявить продолжить публиковать документ пытка потребовать расследовать обращение последний остановить преследование,2021-10-27
лентач,кулстори томск мужик вид врач проникнуть красный зона местный больница день ухаживать бабушка обратиться генпрокуратура рассказать трэш увидеть,2021-10-27
лентач,фас завести apple злоупотребление доминировать положение рынок ведомство считать компания запрещать разработчик информировать клиент внутри приложение возможность оплата покупка предел,2021-10-27
лентач,путин назначить детский омбудсмен сенатор пензенский область мария львовубелов писать тасс львовойбелов замужем православный священник ребёнок пятеро четверо приёмный опекать,2021-10-27
лентач,мобильный связь новостройка стать благодаря новый подход зачастую конструкция современный здание мешать прохождение радиосигнал базовый станция находиться улица девелопер mr,2021-10-27
лентач,соцсеть обсуждать видео конфликт преподаватель студент красноярский железнодорожный институт препод схватить парняга шея попытаться выгнать аудитория пользователь разделиться лагерь один,2021-10-27
лентач,марин кохать обвинять убийство рэпер энди картрайт перевести сизый домашний арест сообщать фонтанка ссылка объединить прессслужба судно санктпетербург утверждать александр,2021-10-27
лентач,эксперт число бывший силовик объяснять пользоваться facepay московский метро идея,2021-10-27
лентач,астраханский психиатрический больница сбежать террорист банда шамиль басаев объявить розыск,2021-10-27
лентач,алкомаркет москва получить уведомление управа префектура район столица приостановка работа октябрь ноябрь сообщать ведомость ссылка сотрудник алкогольный компания слово собеседник,2021-10-27
лентач,вциома выяснить россиянин довольный свой материальный положение данные государственный исследовательский центр показатель,2021-10-27
лентач,хроника коронавирус россия зафиксировать максимум смерть коронавирус медицинский наблюдение изз коронавирус находиться млн россиянин заявить министр здравоохранение михаил мурашко пик,2021-10-27
лентач,учёный прислать парадоксальный вывод катехина зелёный чай дело не являться антиоксидант наоборот способствовать окисление заключаться польза,2021-10-27
лентач,брать микрокредит хорошенько последствие пройти тест узнать чувствовать граница который не переходить,2021-10-27
лентач,илона маск самый богатый человек история подсчёт forbes состояние оцениваться млрд предыдущий рекорд установить джефф безосом июль млрд,2021-10-27
лентач,госдума первый чтение одобрить решение правительство продлить заморозка накопительный часть пенсия правительство уверять не уменьшить объём пенсионный право россиянин,2021-10-26
лентач,патриарх кирилл предложить альтернатива капитализм коммунизм экономический социальный отношение строить модель русский монастырь около заявить предстоятель рпц интервью журнал forbes,2021-10-26
лентач,житель севастополь запретить выезжать город справка вакцинация не пытаться покинуть севастополь,2021-10-26
лентач,эй лентач строить маршрут приложение ловить удобный обновление яндекскарта прокачаться алиса зависнуть пробка попросить рассказать шутейка поиграть город алиса пробка,2021-10-26
лентач,суд петербург обязать тсж убрать граффити хармс стена дом жить находиться дом сохранение выступать местный житель бывший питерский губернатор,2021-10-26
лентач,ркн время включить телеграм livejournal реестр соцсеть внести платформа должный блокировать запретить информация,2021-10-26
лентач,дуров запустить реклама телега пост показывать крупный канал реклама не должный превышать символ запретить внешний ссылка фото нюанс минимальный рекламный,2021-10-26
лентач,глава ск бастрыкин поручить организовать проверка высказывание моргенштерный празднование день победа музыкант извиниться слово похоже не помочь,2021-10-26
лентач,короткометражка сервис знакомство mamba провести фестиваль короткометражный фильм mamba film festival молодой режиссёр продемонстрировать идея онлайнзнакомство youtube канал мамба доступно,2021-10-26
лентач,кукуха лукашенко продолжать улетать белорусский медик прийтись уговаривать лукашенко надеть респиратор ковидгоспиталь,2021-10-26
лентач,сша заблудиться гора турист целый игнорил звонок спасатель звонить незнакомый номер,2021-10-26
лентач,российский чиновник создать суперприложение полмиллиарда рубль разумеется повышение информационный безопасность независимость санкционный риск,2021-10-26
лентач,не обойтись взрыв газ многоквартирный дом балтийск калининградский область видео пострадать подмосковный видный госпитализация никто не потребоваться напомнить вчера взрыв,2021-10-26
лентач,суд амстердам признать скифский золото собственность украина вывезти крым февраль выставка амстердамский музей март произойти знать изз возникнуть юридический коллизия,2021-10-26
лентач,несколько студент школа телевидение останкино отчислить лайк коммент инст скрин переписка видео общение представитель учебный заведение коротко неизвестный девушка возмутиться,2021-10-26
лентач,хроника коронавирус россия зафиксировать максимум смерть коронавирус рост смертность коронавирус россия связать дельта штамм риск летальный исход заражение вариант возрасти,2021-10-26
лентач,учёный назвать срок повторный заражение коронавирус переболеть прислать вывод победа пандемия коллективный иммунитет не хватить,2021-10-26
лентач,долговой нагрузка россиянин серьёзно вырасти платёж кредит тратить треть доход,2021-10-26
лентач,девушка пострадать взрыв набережный челны умереть больница писать тасс ссылка прессслужба мэрия трое пострадать реанимация врач оценивать состояние тяжёлый мчс,2021-10-25
лентач,введение qrкод ломануться прививка пункт вакцинация стать собираться огромный очередь комуть приходиться часами пользователь соцсеть делиться фотка видос,2021-10-25
лентач,почитать история турецкий предприниматель активист осман кавал называть турецкий навальный кавал сидеть тюрьма эрдоган поручить объявить персона нона грат посол,2021-10-25
лентач,взрыв дом набережный челны главное час изпод обломок вытащить четыре человек находиться реанимация предварительно обломок никто погибнуть результат взрыв предварительно,2021-10-25
лентач,житель тюмень отсудить бывший жена рубль клевета сторис инст,2021-10-25
лентач,фильм разжимать кулак кира коваленко выдвинуть оскар россия сообщать тасс ссылка председатель российский оскаровский комитет павел чухрая картина получить гранпереть,2021-10-25
лентач,собрать данный момент известно взрыв дом набережный челны,2021-10-25
лентач,дед присвоить российский гражданство уругвайский актриса певица наталия орейро сын,2021-10-25
лентач,взрыв пострадать человек эвакуировать сообщать тасс данные мчс взрыв произойти квартира четвёртый этаж пятиэтажка жилец дом не,2021-10-25
лентач,причина взрыв предварительный данные стать утечка газ сообщать мчс,2021-10-25
лентач,набережный челны произойти взрыв жилой дом число пострадать причина произойти неизвестный,2021-10-25
лентач,держать интервью митрополит тихон шевкуновое называть духовник путин внутри матьучёный красный террор виноватый интеллигенция дед спасать россия государтвенник,2021-10-25
лентач,турция семеро российский турист задержать обвинение поджог лес россиянин утверждать заметить пожар попытаться потушить позвонить арестовать турист грозить семь лишение,2021-10-25
лентач,москва не планироваться продление нерабочий день ноябрь сообщить местный оперштаб,2021-10-25
лентач,заключить ульяновск похитить млн рубль женщина сайт знакомство,2021-10-25
лентач,песок объяснить рост цена еда инфляция внешний влияние,2021-10-25
лентач,хроника коронавирус россия выявить заболеть ковид сутки максимум пандемия путин рекомендовать регион обеспечить сотрудник выходной вакцинация сохранение зарплата ввести запрет,2021-10-25
лентач,американский учёный выяснить последний тысяча мозг уменьшиться размер,2021-10-25
лентач,блогер рассказать история жена угрожать коллектор изз микрокредит оформить мошенник объяснять подобный ситуация,2021-10-25
лентач,умереть джеймс майкл тайлера известный роль официант гантер друг сообщать tmz последний актёр бороться рак простата,2021-10-25
лентач,астроном сфотографировать один самый молодой планета предел солнечный система экзопланета масса юпитер расположить световой год земля закончить формироваться писать учёный,2021-10-24
лентач,сша желать виза россиянин отнести бездомный национальность порекомендовать получать варшава американский госдеп внести россиянин желать миграционный виза сша категория homeless,2021-10-24
лентач,умереть режиссёр особенность национальный охота александр рогожкин сообщать фонтанка рогожкин снять особенность национальный рыбалка особенность национальный рыбалка зимний период первый,2021-10-24
лентач,белорусский пропагандон глубоко лизнуть лукашенко заявить не прятаться ковид бункер не использовать ботокс жёстко ответить выдача очередной миллиардный кредит,2021-10-24
лентач,правительство не поддержать законопроект наказание невыполнение предвыборный обещание законопроект выглядеть не реалистично депутатсправедливоросс олег нил предлагать невыполненный предвыборный обещание возбуждать,2021-10-24
лентач,хроника коронавирус власть петербург объявить локдаун октябрь ноябрь приостанавливаться общепит объект розничный торговля аптека продовольственный магазин закрываться фитнесцентр бассейн аквапарк,2021-10-24
лентач,спасть фёдор емельяненко победить нокаут первый раунд американец тимоти джонсон бой продолжаться минута секунда,2021-10-24
лентач,власть петербург объявить локдаун октябрь ноябрь приостанавливаться общепит объект розничный торговля аптека продовольственный магазин кафе ресторан навынос доставка закрываться фитнесцентр,2021-10-23
лентач,стритарт художник zoom создать петербург барельеф горгон медуза лицо лукашенко название зло просуществовать недолго поклассик уничтожить питерский коммунальщик,2021-10-23
лентач,мвд объяснить смерть житель кубань жаловаться избиение полиция приступ эпилепсия сообщать тасс житель станица тбилисский краснодарский край георгий кавелидзе задержать,2021-10-23
лентач,вино дизель отвести алтарь дочь пол уокер дизель являться крёстный отец мидоу уокер девушка выйти замуж актёр луи торнтонааллан невеста,2021-10-23
лентач,фестиваль екатеринбург бухой солист агат кристи вадим самойлов сцена выступить тупорылый либеральный херня лгбт ельцинцентр проходить выступление назвать контрпропаганда антигосударственный,2021-10-23
лентач,оскорбление чувство верующий ск завести уголовка модель лолита богданов засветить сиська фон храм василий блаженный сообщать тасс видос сделать зафорситься,2021-10-23
лентач,появиться видос взрыв пороховой завод рязань результат трагедия погибнуть рабочий,2021-10-23
лентач,мвд объявить розыск бывший заключить программист сергей савельев передать проект gulagu net гб видео изнасилование саратовский тюремный больница савельев покинуть,2021-10-23
лентач,хроника коронавирус обновить рекорд заболеваемость суточный смертность коронавирус минздрав разрешить россиянин одновременно прививаться ковид грипп ведомство считать совместный применение эффективность,2021-10-23
лентач,пистолет алек болдуин застрелить оператор вручить помощник режиссёр минута несчастный случай заверить актёр патрон холостой писать associated press ссылка судебный,2021-10-23
лентач,приамурья грузовик столкнуться поезд железнодорожный переезд благовещенский локомотив товарный вагон сойти рельс писать интерфакс ссылка прессслужба забайкальский железный дорога водитель,2021-10-23
лентач,создать трамп соцсеть truth social взломать официальный запуск писать the new york times хакер группировка anonymous получить доступ бетаверсия соцсетка,2021-10-22
лентач,трэш нижневартовск ребёнок выстрелить голова травмат детский больница реанимация пистолет зачемтый принести дедушка сопровождать пацан лечение,2021-10-22
лентач,лентач оставлять чаевой допустить заправка наверняка бывало рад наличка оставить чай помощь телефон механика заправиться оплатить топливо яндексзаправка карта навигатор,2021-10-22
лентач,бывший директор черкизовский рынок тельман исмаил получить убежище черногория писать интерфакс ссылка адвокат милош вуксанович отпустить изпод арест бизнесмен задержать,2021-10-22
лентач,алек болдуин впервые прокомментировать трагедия произойти съёмка фильм ржавчина актёр случайно застрелить оператор галина хатчинс ранить режиссёр джоэл соуза слово,2021-10-22
лентач,держать небольшой интервью дмитрий муратов главред новый газета лауреат нобелевский премия рассказать отношение награда случиться предстоящий изменение жизнь общение дед,2021-10-22
лентач,знать московский коливинга стоить месяц твитор узнать удивиться угорать,2021-10-22
лентач,жительница краснодар рассказать сын впасть умереть сутки провести местный отдел полиция успеть сообщить мент избивать заставлять признаться убийство,2021-10-22
лентач,пройти большой дть точка эксперт банк поделиться облегчить ваш работа смело бизнес находиться полный безопасность команда точка проанализировать риск операция,2021-10-22
лентач,талиб террористический организация запретить территория рф обезглавить спортсменка молодёжный сборная афганистан волейбол пригрозить семья рассказать тренер,2021-10-22
лентач,трейлер gta trilogy the definitive edition сравнение графония появиться подробность изменение геймлей раскладка управление геймпадов аналогичный gta v улучшить стрельба,2021-10-22
лентач,появиться первый скриншот gta trilogy the definitive edition опубликовать сайт rockstar вскоре открытие предзаказ ah shit here we go again,2021-10-22
лентач,даркнуть выложить база данные автовладелец москва подмосковье строка,2021-10-22
лентач,москва ветер сорвать строительный лес кремль обломить зубец начаться,2021-10-22
лентач,цб повысить ключевой ставка пп ключевой ставка минимальный процентный ставка цб давать кредит коммерческий банк срок один неделя коррелировать процент,2021-10-22
лентач,выясниться движение признать иноагент изз рубль гражданка армения мужской имя,2021-10-22
лентач,россия объявлять локдаун эксперт рассказывать вырасти цена недвижимость продукт,2021-10-22
лентач,хроника коронавирус россия зафиксировать суточный максимум число заболеть число умерший москва подмосковье ввести нерабочий день октябрь ноябрь закрытый мфц кафе,2021-10-22
лентач,кения стать популярный производство бумага слоновий навоз,2021-10-22
лентач,рязанский область загореться цех производство порох минимум человек погибнуть не пострадать писать тасс baza писать семь погибнуть upd количество погибнуть,2021-10-22
лентач,алек болдуин случайно убить оператор ранить режиссёр съёмка вестерн актёр стрелять холостой оружие сработать неправильно,2021-10-22
лентач,важный новость голландский фотограф снять бежать трава сова пикча стать основа фотожаба,2021-10-21
лентач,пропасть режиссёр ералаш найтись сизый наслать коллекция детский порно режиссёр ералаш илья белостоцкий подозревать педофилия провести сизый сообщать тасс ссылка,2021-10-21
лентач,дед выступить заседание клуб валдай собрать главное иноагент обещать посмотреть размытый критерий постоянно давать поручение администрация президент депутат госдума совершенствовать,2021-10-21
лентач,правительство запустить система борьба инфляция тестовый режим позволять оценить влияние мировой цена социально значимый товар россия,2021-10-21
лентач,путин пообещать изучить размытый критерий закон иноагент доработка,2021-10-21
лентач,запад ребёнок внушать мальчик девочка наоборот ужаснуться дед валдайский форум заявить путь здоровый консерватизм подробный,2021-10-21
лентач,короткометражка мамба не томный сервис знакомство mamba провести фестиваль короткометражный фильм mamba film festival цель проект стать поддержать молодой режиссёр,2021-10-21
лентач,сергей михалок разбить нос зритель концерт ляпис полтава пьяненький мужик выйти сцена хотеть сыграть гитара музыкант не понравиться передавать агентство,2021-10-21
лентач,питер наслать свалка служебный документ мвд персональный данные горожанин например копия паспорт ведомство объяснить архив некачественно утилизировать,2021-10-21
лентач,миасс мент судебный пристав разогнать бабушка встать защита сквер свой дом решить построить больший контейнерный площадка участок мусорк выбрать администрация,2021-10-21
лентач,трамп заявить намерение создать собственный социальный сеть противостоять больший технологический компания ранее заблокировать аккаунт хотеться пошитпостить,2021-10-21
лентач,полиция проверка видео onlyfansмодель обнажить грудь фон храм василий блаженный москва видос друг,2021-10-21
лентач,аналогичный мера вслед москва ввести московский область,2021-10-21
лентач,собянин ввести москва временный локдаун qrкод октябрь столица не непродовольственный магазин кинотеатр музей ресторан полный список ограничение,2021-10-21
лентач,хроника коронавирус россия зафиксировать суточный максимум число заболеть число умерший минпросвещение объявить период октябрь ноябрь российский школа объявить каникулы россия,2021-10-21
лентач,суд запретить продажа россия смартфон samsung изз дело запрет сервис samsung pay писать риа новость запретить продажа модель выпустить samsung,2021-10-21
лентач,решить брать квартира вторичка почитать какой уловка идти продавец,2021-10-21
лентач,учёный mit выяснить мозг человек не искать краткий планирование маршрут,2021-10-21
лентач,тюменский область боксёр фамилия медведев смочь отбиться нож медведь напасть компания мужчина,2021-10-20
лентач,любовь соболь объявить розыск сообщать тасс ссылка база мвд,2021-10-20
лентач,новосибирск охранник пятёрочка избить подросток школьник оказаться больница перелом позвоночник прессслужба компания заявить мальчик виноватый,2021-10-20
лентач,мошенник развести профессор философия рггу квартира дача уговорить кредит представиться сотрудник центробанк полицейский,2021-10-20
лентач,ивановский область задержать кот пытаться пронести марихуана территория колония наркота изъять кот удаться сбежать морда кстати реально протокольный,2021-10-20
лентач,благовещенск пристав выгнать бездомный реабилитационный центр благодать приют закрыть месяц изз невыполненный предписание мчс район город находиться приют нужный коммуникация,2021-10-20
лентач,дед подписать указ нерабочий день вступить сила,2021-10-20
лентач,биток обновить исторический максимум данные coindesk стоимость криптомонета преодолеть отметка,2021-10-20
лентач,мвд принять вооружение пистолет лебедев время заменить пистолет макаров,2021-10-20
лентач,навальный дать премия имя сахаров сообщать член европарламент андрюс кубилюс европейский народный партия,2021-10-20
лентач,главное совещание путин кабмин путин поддержать предложение голиков введение нерабочий день октябрь ноябрь сохранение зарплата необходимость продлить ноябрь сообщить дед,2021-10-20
лентач,путин поддержать предложение голиков введение нерабочий день октябрь ноябрь необходимость продлить ноябрь заявить дед,2021-10-20
лентач,россиянин не чувствовать защита закон среди причина называть вольный трактовка закон власть закон существующий не коррупция россиянин считать чиновник практически,2021-10-20
лентач,делегация талибан террористический организация запретить территория рф прибыть официальный визит москва участие дипломатический встреча,2021-10-20
лентач,суд оштрафовать юрий дудеть рубль дело пропаганда наркотик сообщить риа новость суд жалоба накатать директор лига безопасный интернет екатерина мизулин,2021-10-20
лентач,хроника коронавирус россия подряд зафиксировать максимум смерть коронавирус собянин ввести новый ковидный ограничение москва октябрь февраль житель столица старший хронический,2021-10-20
лентач,forbes ссылка источник ресторанный рынок оказаться распоряжение редакция проект указ мэр утверждать власть москва хотеть ввести краткосрочный локдаун нерабочий неделя,2021-10-20
лентач,держать объяснение специалист гарантировать высокий кредитный рейтинг одобрение кредит,2021-10-20
лентач,не герой носить плащ футбольный фанат нидерланды пронести матч бокал пиво заход не уронить,2021-10-20
лентач,песок рассказать путин доложить пытка издевательство заключить российский колония,2021-10-19
лентач,патриарх кирилл заявить предотвращение колумбайнов школьник преподавать основа религия,2021-10-19
лентач,млн пользоваться подписка яндекс плюс входить кинопоиск яндексмузыка кешбэк балл самый популярный подписка россия наверняка многий ваш знакомый честь событие,2021-10-19
лентач,архангельский правозащитник сергей мохнаткин назначить посмертный психиатрический экспертиза умереть разбирательство дело идти правозащитник обвинять неуважение суд дезорганизация работа колония,2021-10-19
лентач,ск проверять алтайский рабочий перевязать георгиевский ленточка мешок песок грозить уголовка публичный осквернение символ воинский слава,2021-10-19
лентач,фбр проводить обыск дом олег дерипаск вашингтон сообщать nbc ссылка источник данные телеканал связать дело предвыборный кампания трамп upd представитель,2021-10-19
лентач,бывший сотрудник фсб жена отобрать квартира москва тысяча бакс хранить российский зарубежный счёт суд решить добро супруг получить незаконно,2021-10-19
лентач,собянин ввести новый ковидный ограничение москва октябрь февраль житель столица старший хронический заболевание должный соблюдать самоизоляция гулять свежий воздух не,2021-10-19
лентач,еспча обязать россия выплатить евро модератор чеченский телеграмканал признать власть экстремистский запретить рф салман тепсуркаев сентябрь похитить заставить сесть бутылка,2021-10-19
лентач,центробанк отказаться возвращать изъять вещдок миллион доллар евро рубль сослаться утеря именной сохранный расписка,2021-10-19
лентач,мишустин поручить свой первый зам андрей белоусов министр экономический развитие максим решетников подготовить новый мера поддержка бизнес пандемия,2021-10-19
лентач,путин предложение голиков представить завтра заседание кабинет министр,2021-10-19
лентач,мишустин поддержать предложение голиков ввести нерабочий день весь россия октябрь ноябрь включительно,2021-10-19
лентач,вицепремьер татьяна голиков заявить введение qrкод регион недостаточно фон пандемия предложить обратиться путин ввести октябрь ноябрь нерабочий день ряд регион,2021-10-19
лентач,успех team spirit стать интересно получать игрок киберспорт каков бюджет команда владеть стоять киберспортсмен обстоять россия рассказывать,2021-10-19
лентач,израильский дайвера найти день средиземный море полностью целый меч,2021-10-19
лентач,хроника коронавирус россия коронавирус умереть суточный максимум пандемия петербург ноябрь начать постепенно вводить qrкод посещение мероприятие общественный место писать тасс,2021-10-19
лентач,интернет зафорситься мем злой двойник знаменитость кот леопольд предлагать враждебно скорсез снимать фильм плохой парень,2021-10-19
лентач,держать тест который угадать стоять квартира разный город россия предупреждать больно,2021-10-19
лентач,местный мвд заявить форма надеть угодный курс ситуация проверить отдел полиция не понимать форма угодный надеть проводиться проверка рассказать рбк,2021-10-19
лентач,телевидение белоруссия показывать назначение должность новый сотрудник кгб не мочь показывать лицо называть имя не любить светиться говориться сюжет какиеть,2021-10-19
лентач,казань мент ворваться кризисный центр мамин забрать девушка дагестан сообщать новый газета ссылка глава благотворительный фонд благой дело алий байназаров,2021-10-19
лентач,умерший оставить наследство вклад банк объяснять правильно вступить наследство,2021-10-18
лентач,главный новинка который почемуть не показать презентация салфетка монитор,2021-10-18
лентач,александр ii отдать аляска американец млн доллар примерно бакс квадратный километр подробно рассказывать русский осваивать территория решить продать,2021-10-18
лентач,представить macbook pro вернуть magsafe зарядка который поколение заменить thunderbolt вернуть hdmi слот sdкарта появиться чёлка изз уменьшить рамка экран,2021-10-18
лентач,петербург ноябрь начать вводить qrкод посещение мероприятие общественный место писать тасс ноябрь qrкод нужный бассейн фитнесцентр театр цирк концертный зал,2021-10-18
лентач,apple проводить очередной преза представить новый поколение air pods обещать объёмный звук сенсор защита вода больший батарея стоить проца maх,2021-10-18
лентач,бастрыкин наехать следователь ленобласть устроить публичный разнос назвать понаехать велеть убираться регион следака увезти скорый повод стать жалоба пенсионерка обвинить,2021-10-18
лентач,редкий искусство помогать россия стартовать федеральный проект поддержка пациент редкий заболевание орфать заболевание редкий малоизученный стоимость лекарство терапия паллиативный помощь,2021-10-18
лентач,песок выразить надежда навальный выжить колония рассказать телеканал france снимать документальный фильм дед ответить бояться кремль оппозиционный политика,2021-10-18
лентач,путин поздравить команда team spirit победа чемпионат dota послание киберспортсмен опубликовать сайт кремль путь финал продемонстрировать яркий лидерский качество сплочённость,2021-10-18
лентач,нижегородский суд признать мужской государство экстремистский организация передавать медиазона лидер организатор сообщество грозить срок рядовой участник подтянуть уголовка запретить символика,2021-10-18
лентач,кек томск мент познакомиться парень сайт знакомство выпросить нюдс шантажировать,2021-10-18
лентач,россия рекордно подорожать овсянка,2021-10-18
лентач,ноябрь приостанавливать работа представительство нато заявить глава мид сергей лавров прекратить информбюро альянс москва не близкий перспектива возможный какиеть перемена,2021-10-18
лентач,кулстори ставропольский край испытание право ношение краповый берет возникнуть конфликт боец центр спецназначение витязь военнослужащий чечня боец витязь ряд сообщение,2021-10-18
лентач,подросток устроить стрельба школа посёлок сарс пермский край пострадать остановить школьник суметь директор завести учительский отобрать оружие объяснить ребёнок школа,2021-10-18
лентач,хроника коронавирус россия максимум заболеваемость коронавирус пандемия случай малый средний бизнес пострадать ограничение изз коронавирус отказывать выплата зарплатный субсидия сообщать,2021-10-18
лентач,россия заблокировать соцсеть китай отвечать эксперт,2021-10-18
лентач,добиться год блогерш составить список важный достижение нарваться критика ваш список,2021-10-18
лентач,грета тунберг отрикроллить участник акция climate live стокгольм отметить песня рик эстлить never gon na give you up хотеть показать,2021-10-18
лентач,российский киберспортивный команда team spirit выиграть the international dota обыграть китайский тим psglgd победитель получить доллар,2021-10-17
лентач,машинистка спасти парень пытаться роскомнадзорнуться метро москвич решить свести счёты жизнь прыгнуть поезд станция метро филёвский парк машинистка оперативно среагировать,2021-10-17
лентач,песок заявить пророческий способность солнцеликий президент неоднократно выступать такой пророческий заявление никто не пугать сфера разоружение сфера безопасность изменение климат,2021-10-17
лентач,володин заявить отбирать нобелевский премия недостойный лауреат написать свой телеграмканал совершенно очевидный нобелевский премия дискредитировать доверие возможно смочь вернуть введение,2021-10-17
лентач,пересильда шипенко снять съёмочный план фильм вызов сообщить константин эрнст добавить фильм выйти течение не видео момент извлечение киноэкипаж капсула,2021-10-17
лентач,хроника коронавирус россия сутки выявить случай заражение коронавирус рекордный число заражение четвёртый подряд максимум пандемия смертность опуститься тысяча уровень коллективный,2021-10-17
лентач,россия впервые официально отмечаться отец поздравить бать,2021-10-17
лентач,режиссёр клим шипенко актриса юлия пересильда вернуться мкс земля корабль юа гагарин приземлиться казахстан киношник сопровождать космонавт олег новицкий несмотря,2021-10-17
лентач,студия warner bros выкатить трейлер бэтмена мэтт ривз роберт паттинсон главный роль премьера март,2021-10-16
лентач,музей вена завести аккаунт onlyfans знак протест политика соцсеть выпиливать фотография работа известный художник изз обнажённый натура инициатор венский совет,2021-10-16
лентач,якутск пациент наркодиспансер напасть нож сосед палата погибнуть пятеро ранить передавать тасс предварительный информация причина нападение стать беда башка нападать,2021-10-16
лентач,белорусский мвд заявить подписчик оппозиционный телеграмканал преследовать не простой человек банальный интерес любопытство читать запретить канал опасаться нечего следовать отписаться,2021-10-16
лентач,екатеринбург умереть отравление суррогатный алкоголь высокий содержание метанол писать тасс шмурдяк незаконно разливать один городской рынок предприниматель заниматься задержать прошлый,2021-10-16
лентач,апелляционный суд французский город ренна отклонить иск алексей олег навальный компания ива рош сообщать le telegramme навальный обвинить эксдиректор подразделение,2021-10-16
лентач,кстати росбалт собрать комбо,2021-10-16
лентач,тело четыре российский турист наслать сауна отель gloria албанский посёлок керрет писать albanian daily news среди погибнуть двое мужчина женщина,2021-10-16
лентач,хроника коронавирус россия впервые пандемия зарегистрировать тысяча смерть коронавирус сутки обновить суточный максимум число заболеть роспотребнадзор сократить максимальный срок предоставление,2021-10-16
лентач,бунт заключить владикавказ главное час силовик войти колония штурм местный уполномоченный право человек тамерлан цгоев сообщить заключить провести переговоры выслушать,2021-10-16
лентач,елизавета ii совет врач решить полностью отказаться алкоголь не связать какимтый заболевание королева хотеть встретить пребывание трон хороший форма передавать,2021-10-16
лентач,личный дать перепись население впервые передать госуслуга эксперт считать обязательно привлечь мошенник почитать cход распознать сайтдублёр,2021-10-15
лентач,банк россия стать вводить комиссия стягивание деньга карта банк,2021-10-15
лентач,заключить владикавказ устроить бунт разный данные беспорядок принять участие дать тасс дать baza предварительно буча разгореться изз конфликт заключить администрация,2021-10-15
лентач,стартовать продажа новый станция минь модуль яндекс станция появиться ledэкран улучшиться звук модуль делать обычный телевизор умный открывать доступ каталог,2021-10-15
лентач,кстати пятница минюст внести реестр иноагент издание росбалт republic сообщаться сайт ведомство,2021-10-15
лентач,минобороны заявить эсминец сша пытаться нарушить граница рф японский море российский корабль смочь вытеснить американский судно,2021-10-15
лентач,британия депутат парламент зарезать встреча избиратель,2021-10-15
лентач,женщина зеленоград поймать делать закладка мент предложить когонибудь сдать указать сын мать грозить один уголовка,2021-10-15
лентач,яндекс новость стать самостоятельно помечать материал смииноаегнт писать проект сетевой свобода,2021-10-15
лентач,омск суд взыскать активист млн рубль качество компенсация польза мвд сверхурочный работа расход горючий акция январь,2021-10-15
лентач,дед высказаться талибан террористический организация запретить территория рф взаимодействовать торопиться официальный признание октябрь кстати пригласить москва переговоры,2021-10-15
лентач,хроника коронавирус россия зафиксировать суточный максимум число заболеть число умерший москва разыграть квартира среди горожанин сделать прививка коронавирус последующий неделя,2021-10-15
лентач,тик ток зафорситься мемас мускулистый каркарыч ловить подборка,2021-10-15
лентач,стартовать всероссийский перепись население подробный разъясняловый пройти отказаться участие результат,2021-10-15
лентач,рисунок бэнксить любовь мусорный бак разрезание потайной шредер известный девочка воздушный шар уйти молоток лондон рекордный работа художник млн фунт,2021-10-14
лентач,москва десяток напасть офис правозащитный центр мемориал инцидент произойти показ фильм агнешка холланд гарета джонс примерно минута фильм зал ворваться,2021-10-14
лентач,сезон нхл стартовать ждать овечкин красивый шайба держать инф трансляция мобилка ноут яндексспорт видеосервис wink яндексспорт показывать игра регулярный чемпионат,2021-10-14
лентач,минздрав попросить медиковпенсионер работа изз высокий нагрузка медицинский система вызвать коронавирус,2021-10-14
лентач,последний расти не цена ставка вклад рассказывать выгодно открывать вклад стоить подождать,2021-10-14
лентач,россия последний месяц произойти крупный скандал изз шутка стендапкомик оскорбить какаять шутка возможно вовсе не держать совет клинический психолог справиться,2021-10-14
лентач,минюст внести список смииноагент правозащитный организация якутия мнение ранее иноагент признать руководитель организация степан петров мнение один,2021-10-14
лентач,рязанский область задержать подозревать ритуальный убийство подросток оказаться отчим пацан знакомый,2021-10-14
лентач,джаред лето исполнить мечта неизлечимый больной поклонница россия позвонить девушка видеосвязь поздравить день рождение видос,2021-10-14
лентач,ноябрь возобновить авиасообщение таиланд багамы тунис нидерланды швеция норвегия страна отменить ограничение полёт австрия швейцария финляндия оаэ египет подробный,2021-10-14
лентач,пермский стрелка тимур бекмансуров арестовать месяц сообщать тасс заседание суд мера пресечение пройти прямо больница находиться незадолго ск сообщить бекмансур,2021-10-14
лентач,объявить миграционный амнистия гражданин узбекистан который запретить въезд страна связать нехватка трудовой мигрант,2021-10-14
лентач,хроника коронавирус обновить антирекорд максимум заболеть сутки максимум суточный смертность пандемия первый доза вакцина получить миллион россиянин заявить минздрав рфпить,2021-10-14
лентач,екатеринбург окутать смог изз гореть торфяник улица хрен не видно жаловаться трудно дышать город перекрыть кольцевой автодорога приостановить движение участок,2021-10-14
лентач,канадский блогер показать месяц привести форма спортзал диета понадобиться скакалка,2021-10-14
лентач,анастасия васильев альянс врач дать ограничение свобода санитарный дело писать медиазона суд запретить выходить дом ночь посещать массовый мероприятие выезжать,2021-10-14
лентач,хотеться тачка деньга не хватать кредит объяснять отличаться обычный автокредит кредит остаточный стоимость выгодный,2021-10-14
лентач,умереть директор чернобыльский аэс виктор брюханов руководить электростанция момент основание катастрофа взрыв осудить статья нарушение правило техника безопасность,2021-10-13
лентач,норвежский город конгсберг мужик стрелять лука прохожий убитый раненый сообщать reuters предварительный данные лучник успеть застрелить трое задержать полиция не,2021-10-13
лентач,фейсбук выпилить пост блогер виталий егоров ракета расписать хохлом докопаться слово хохлом алгоритм соцсеть счесть враждебный высказывание егоров пригрозить дополнительный,2021-10-13
лентач,ректор шанинка сергей зуев отправить домашний арест сообщать прессслужба тверской суд москва задержать октябрь дело эксзамминистра просвещение марина раковый следствие,2021-10-13
лентач,эксперт счесть недостижимый цель правительство повышение качество жизнь россиянин,2021-10-13
лентач,актёр звёздный путь самый пожилой человек космос ракета запустить космический компания blue origin,2021-10-13
лентач,иркутский область директор школа уволить изз поддержка оппозиционный кандидат госдума чинуша заявить женщина не команда единый россия,2021-10-13
лентач,обложка сегодняшний ведомость ведомость выпустить коллекционный выпуск ребрендинг mailru накануне mailru group начать ребрендинг vk команда поменять лого сделать выразительный,2021-10-13
лентач,мальчик покупать авто онлайнигра мужчина покупать авто онлайн автор запустить новый услуга безопасный сделка практически полностью переводить процеесс куплипродажа подержать,2021-10-13
лентач,дед выступить пленарный сессия российский энергетический неделя ответить вопрос оппозиция признавать обладатель нобелёвка дмитрий муратов иноагент,2021-10-13
лентач,стрелка задержать писать предварительный данные не пострадать upd мвд подтвердить задержание парень ведомство уточнить ружьё страйкбольный,2021-10-13
лентач,москва подросток камуфляж устроить стрельба школа воробьевый гора сообщать предварительный данные стрелять воздух школа оцепить район объявить план сирена парень,2021-10-13
лентач,спойлер россиянин подъехать белоруссия ввести уголовный ответственность подписчик экстремистский канал телега заявить телеграмканал главное управление борьба организовать преступность республика экстремистский,2021-10-13
лентач,оон прогнозировать мировой кризис оценка организация близкий будущее столкнуться нехватка вода,2021-10-13
лентач,появиться видео момент дтп участие собчак столкновение жёсткий,2021-10-13
лентач,департамент информационный технология москва попытаться опровергнуть инф передача полиция фотка mos ru получиться рамка развитие портал mos ru повышение качество,2021-10-13
лентач,мэрия москва передавать фотография пользователь mos ru система распознавание лицо который использовать полиция писать коммерсантъ,2021-10-13
лентач,хроника коронавирус россия коронавирус умереть человек суточный максимум пандемия путин призвать наращивать темп вакцинация административный оклик заявить выступление госдума роспотребнадзор,2021-10-13
лентач,путин назначить поклонской посол рф кабоверде расположить архипелаг несколько сотня километр северозападный побережье африка няшмяша стать единственный член фракция единоросс,2021-10-13
лентач,компания disney выкатить трейлер перезапуск фильм дом пользователь соцсеть затея ремейк не оценить шутка мемас прилагаться,2021-10-13
лентач,центробанк назвать самый популярный уловка помощь банк навязывать клиент дополнительный страховой услуга,2021-10-13
лентач,кулстори турист москва отправиться автостоп крым итог оказаться рабство дагестанский ферма,2021-10-13
лентач,минстрой утвердить новый категория ветхий жилфонд дом ограниченно пригодный проживание ведомство считать такой постройка вполне несмотря крен трещина повреждение передавать,2021-10-12
лентач,росфинмониторинг предложить позволить мвд фсб блокировать денежный перевод решение суд например связанный проведение несогласованный митинг,2021-10-12
лентач,телеграм заблокировать канал основатель мужской государство владислав поздняков нарушение правило магазин apple google попытаться зайти айфон телефон android появиться соответствовать,2021-10-12
лентач,корона вовсю бушевать яндекс go решить усилить мера борьба инфекция ревакцинировать водитель курьер сервис активно информировать близкий пункт повторно привиться,2021-10-12
лентач,комик россия заставлять извиняться шутка дважды один интернет откопать видос роастбаттлый ариана лолаева александр шутить девушка нога осетинский пирог шутка,2021-10-12
лентач,первый заседание новый госдума пройти депутат успеть напредлагать новый законопроект рассказывать какой закон появиться россия близкий будущее,2021-10-12
лентач,появиться трейлер перезапуск дом релиз ноябрь,2021-10-12
лентач,кот ося вернуть музей анна ахматов позвонить девушка подобрать ося арка попросить приехать коллега прыгнуть машина схватить переноска встретить молодой,2021-10-12
лентач,youtube заблокировать канал лидер мужской государство владислав поздняков серьёзный нарушение правило отношение дискриминационный высказывание видос канал выйти поздняков заявлять видосик,2021-10-12
лентач,правительство заявить хотеть вернуть россия полмиллиона соотечественниковэмигрант предлагать посылать сотрудник мид мвд ссср кампания возвращение эмигрант родина ничто хороший возвращенец,2021-10-12
лентач,песок объяснить связать рост цена россия,2021-10-12
лентач,умереть зинаида корнев ветеран санктпетербург вдохновиться пример британский ветеран том мур собирать врач сентябрь исполниться мур умереть февраль возраст,2021-10-12
лентач,работа госдума созыв первый заседание открыть терешков,2021-10-12
лентач,хроника коронавирус россия коронавирус умереть человек суточный максимум пандемия песок заявить страна непозволительно уровень вакцинация коронавирус назвать введение штраф отказ,2021-10-12
лентач,задержать ректор шанинка сергей зуев сообщать медуза ссылка неназванный источник данные издание задержание связать дело бывший замминистра просвещение марина раковый,2021-10-12
лентач,толстой енот тёма кемерово называть самый популярный енот россия лям подписчик тикток выкладывать видос тёма чилита кушать развлекаться,2021-10-12
лентач,умереть официальный представитель ск владимир маркин писать тасс причина смерть не называться известно последний тяжело болеть,2021-10-12
лентач,начинающий инвестор сдавать тест покупать сложный финансовый продукт закон вступить сила октябрь подробно рассказывать представлять самый тестирование подготовиться,2021-10-12
лентач,госдума куча депутат московский жильё снимать хата казённый счёт недвижимость рубеж миллион банк среди бездомный печально известный ирина яровой николай,2021-10-12
лентач,питер учительница биология ольга щеголев вынудить уволиться школа консерватория имя римскогокорсаков изз блог сексуальный просвещение писать фонтанка некоторый родитель директор,2021-10-11
лентач,голиков предложить минздрав ввести специальный медосмотр школьник проверять курение писать рбк искать угарный газ выдыхать воздух планировать помощь специальный прибор,2021-10-11
лентач,необычный киношный ролик сбер который показываться трансформироваться образ известный банк официальный дата основание согласно указ император сегодняшний экосистема робот победить,2021-10-11
лентач,минстрой оценить закончиться рост цена жильё спойлер не скоро,2021-10-11
лентач,красноярск полицейский наряд приехать выгонять поселиться подъезд бомж мент решить шумок поссать подъезд попасть камера видеонаблюдение обама жить,2021-10-11
лентач,водитель везти собчак сочи попасть дтп отправить домашний арест собчак пассажир вызвать допрос качество свидетель,2021-10-11
лентач,прошлый неделя проект gulagu net начать публиковать архив видео запечатлеть пытка изнасилование заключить собрать рассказ человек колония иркутск жертва издевательство,2021-10-11
лентач,махачкалинский школа девятиклассник смертельно ранить нож одноклассник драка прессслужба мвд опубликовать видео допрос школьник,2021-10-11
лентач,не входить лидер число запрос гугл удаление контент стать абсолютный лидер подсчитать бибиси,2021-10-11
лентач,лауреат нобелевский премия экономика стать американоканадский исследователь дэвид карда эмпирический вклад экономика труд американец джошуа ангристый гвидо имбенс методологический вклад,2021-10-11
лентач,димона проснуться накатать колонка бомбалейл тема украина,2021-10-11
лентач,хроника коронавирус москва запустить бесплатный экспресстест коронавирус общественный место мфц сообщить заместитель мэр столица вопрос социальный развитие анастасия раков отметить,2021-10-11
лентач,холодос лежать пицца остаться выходной лайфхак разогреть стать максимально приблизить вкус свежеть,2021-10-11
лентач,держать подборка совет помочь не тратить лишний деньга продукт не отправлять еда мусор,2021-10-11
лентач,число погибнуть отравление суррогатный алкоголь оренбургский область увеличиться сообщать тасс половина умереть момент оказание медицинский помощь рассказать вицегубернатор министр здравоохранение,2021-10-10
лентач,собчак свой телеграмканал прокомментировать дтп участие сочи факт дтп возбудить уголовный нарушение правило дорожный движение повлечь неосторожность гибель человек статья,2021-10-10
лентач,важно видео содержать сцена жестокий насилие gulagu net опубликовать новый кадр пытка заключить саратовский тюремный больница запись мужчина лежать кровать,2021-10-10
лентач,сочи автомобиль ксения собчак попасть дтп лоб лоб столкнуться mercedes volkswagen результат погибнуть пассажирка volkswagen подруга водитель госпитализировать собчак находиться,2021-10-10
лентач,хроника коронавирус власть хантымансийский автономный округ принять решение введение октябрь обязательный вакцинация ряд категория гражданин частность медик коммунальщик работник образование,2021-10-10
лентач,мензелинск татарстан потерпеть крушение легкомоторный самолёт let turbolet борт находиться человек парашютист член экипаж спасатель удаться вытащить самолёт семеро выжить,2021-10-10
лентач,отмечаться всемирный психический здоровье,2021-10-10
лентач,музей анна ахматов питер искать кот ося камера видеонаблюдение попасть неизвестный девушка забрать арка ведущий сад фонтанный дом вероятно девушка,2021-10-09
лентач,владивосток растяжка название фестиваль отвалиться буква получиться злободневный арт фото провинциальный телевидение,2021-10-09
лентач,неделя дагестанец не задаться кадр один воинский часть хабаровский край первый часть видео мужчина военный форма вдыхать порошок приговаривать чтоть,2021-10-09
лентач,дело сбыт суррогатный алкоголь оренбуржье арестовать три число фигурант достигнуть семь количество жертва палёнка продолжать расти данный момент умереть пострадать,2021-10-09
лентач,погоня триста томск экипаж дпс преследовать тракторист задержать удаться выезд город врезаться берёзка предварительный данные тракторист пьяный,2021-10-09
лентач,хроника коронавирус россия коронавирус умереть суточный максимум пандемия впервые середина декабрь россия выявить случай заболевание коронавирус сутки росстат опубликовать статистика,2021-10-09
лентач,польский город лодзь завершить мир мурал ведьмак польский иллюстратор якуб ребелок изобразить смотреть вдаль геральт здание высота метр приурочить международный,2021-10-09
лентач,самарский область доменикнуть торетто местный разлив пытаться уехать коп камаз полицейский успеть покатать поле итог гонщик всетаки задержать выясниться водить,2021-10-09
лентач,петербург платный парковка временно стать бесплатный отзыв лицензия банк,2021-10-08
лентач,инстрагра прилечь пользователь несколько страна свидетельствовать дать downdetector facebook whatsapp тупить,2021-10-08
лентач,мид обвинить три сотрудник посольство сша кража личный вещь россиянин потребовать снять дипломатический иммунитет ведомство утверждать американец спереть рюкзак посетитель,2021-10-08
лентач,посол евросоюз заявить намеренно затягивать взаимный признание covidсертификат обвинять ес,2021-10-08
лентач,оренбургский область отравление суррогатный алкоголь умереть следователь наслать точка продавать палёнка склад разливать собрать главное upd число погибнуть возрасти сообщать,2021-10-08
лентач,бывший вицепрезидент группа компания пик александр лефель арестовать месяц писать тасс решение принять тверской суд москва лефель подозревать хищение рубль,2021-10-08
лентач,каждый пятница один минюст внести реестр иноагент издание bellingcat mnews директор центр защита право сми галина арапов российский журналист среди,2021-10-08
лентач,добрый новость парень мексика укусить бродячий собака вместо прогнать собанить приютить соцсетка показывать измениться питомец,2021-10-08
лентач,старший дочь рамзан кадыров айшат кадыров стать министр культура чечня сообщать риа новость ссылка спикер парламент чечня магомед даудов осень,2021-10-08
лентач,минэкономразвития назвать товар подорожать россиянин конец,2021-10-08
лентач,собянин поручить руководство метрополитен выделить роман ковалёв миллион рубль писать тасс напомнить трое дагестанец избить мужчина вагон метро заступиться девушка,2021-10-08
лентач,москва задержать вицепрезидент группа компания пик александр лефель подозревать мошенничество особо крупный размер сообщать риа новость upd заява лефель написать,2021-10-08
лентач,школа краснодар учительница агрессивно поговорить ученица предъявлять учиться халява угрожать набить морда видос,2021-10-08
лентач,чот орать нимношк неоднозначный промостраница macbook air получиться apple русскоязычный версия удалить украинский оставаться,2021-10-08
лентач,лауреат нобелевский премия стать человек россиянин,2021-10-08
лентач,хроника коронавирус россия коронавирус умереть максимум пандемия ямал нижегородский область вводить обязательный вакцинация коронавирус отдельный категория гражданин сообщать местный власть,2021-10-08
лентач,число жертва отравление суррогатный алкоголь оренбургский область достигнуть госпитализировать писать тасс трое подозревать сбыт дрянь задержать,2021-10-08
лентач,девушка подмосковье пострадать авария не иметь страховка смочь добиться компенсация страховой виновник комментарий юрист ситуация,2021-10-08
лентач,хакер связанный россия украсть сведение будущий санкция сша рф дать американский контрразведка писать reuters,2021-10-07
лентач,журнал time глобальный сбой фейсбук поместить обложка марк цукерберг номер выйти колонка американский бизнесмен роджер макнами утверждать компания не исправить,2021-10-07
лентач,жительница город азов ростовский область рассказать местный тв изз коммунальный авария микрорайон день оставаться вода местный чиновник пофига получиться не,2021-10-07
лентач,альфабанк запустить petfriendly офис домашний животное большой такой,2021-10-07
лентач,памфилов объяснить открытый видеотрансляция избирательный участок не,2021-10-07
лентач,журналист the insider выкатить расследование пытка красноярский единый помещение камерный тип регион привозить нарушитель тюремный распорядок расследователь считать превратить полигон,2021-10-07
лентач,врачтерапевт назвать популярный народный средство простуда не бесполезный навредить больной качество бонус рассказать помогать,2021-10-07
лентач,житель домбаровский район оренбургский область умереть отравление суррогатный алкоголь писать тасс возраст погибнуть реанимация следователь выяснять гадость пить взять ск,2021-10-07
лентач,песок рассказать путин знать посвятить песня некоторый слушать праздничный радиолентач,2021-10-07
лентач,нобелевский премия литература присудить танзанийский писатель,2021-10-07
лентач,страховщик назвать самый угонять автомобиль москва петербург российский марка топ,2021-10-07
лентач,убить анна политковский истечь срок давность дело заказчик убийство не назвать почитать думать коллега политковский,2021-10-07
лентач,хроника коронавирус центр гамалея планировать клинический испытание единый вакцина коронавирус грипп конец писать известие ссылка директор центр александр гинцбург воронежский,2021-10-07
лентач,сменить музыкальный сервис непросто изз отсутствие возможность экспортировать музыка не проблема перенести музыка spotify apple music boom vk сервис помочь,2021-10-07
лентач,мужик москва мошенник украсть налоговый вычет рассказывать защитить ситуация всётаки случиться,2021-10-07
лентач,группа расследователь the case breakers якобы установить личность серийный убийца зодиак мнение маньяк оказаться маляр умереть,2021-10-07
лентач,дед исполняться вспомнить классика,2021-10-07
лентач,избитый московский метро дагестанец парень выложить фото больница близкий работа вряд выйти трое отморозок задержать,2021-10-06
лентач,январь сентябрь суд признать банкрот раз россиянин период прошлое,2021-10-06
лентач,белоруссия задержать комментарий убитый кгбшник ск белоруссия заявить проходить статья разжигание социальный рознь оскорбление представитель власть трагедия шокировать общество большинство,2021-10-06
лентач,хованский продлить срок арест месяц писать овдинфо напомнить блогер обвинять оправдание терроризм изз песня захват заложник мюзикл нордост июнь находиться,2021-10-06
лентач,вести бизнес не переплачивать налог предприниматель новый нефть налоговый служба стоить задача любой способ пополнить отощать бюджет канал налог сбор,2021-10-06
лентач,нато решить вдвое сократить представительство россия аккредитация лишиться сотрудник миссия альянс считать агент российский разведка чтоть подобный отравление скрипаль,2021-10-06
лентач,неизвестный открыть стрельба школа тимбервью арлингтон штат техас данные телеканал nbc ранить некоторый сми писать погибнуть информация не подтвердить школа,2021-10-06
лентач,объём выдача ипотечный кредит россия вырасти данные итог текущий ипотечный портфель составить триллион рубль прошлое триллион рубль больший прирост произойти,2021-10-06
лентач,издание агентство обнаружить зарубежный недвижимость бывший жена замминстр юстиция олег свириденко курировать реестр иноагент чиновник развестись жена журналист утверждать развод,2021-10-06
лентач,дагестанский гуниб изз сильный ливень обрушиться старинный крепостной стена ворота шамиль сообщать тасс обойтись пострадать гунибский крепость построить являться объект,2021-10-06
лентач,московский метро трое дагестанец избить пассажир заступиться девушка произойти октябрь синь ветка видос разойтись сми соцсеть предупреждать трэшачок сообщать телеграмканал,2021-10-06
лентач,мужчина воронежский область подозревать массовый убийство нападение местный отделение полиция выйти кома дать первый показание,2021-10-06
лентач,начальник тюремный больница саратовский область трое сотрудник региональный ведомство уволить отрицательный мотив сообщить фсин направить документ увольнение начальник уфсин россия,2021-10-06
лентач,песок прокомментировать закрытие бюро комсомольский правда белоруссия,2021-10-06
лентач,правозащитный организация солдатский мать прекращать помощь военный призывник изз фсб,2021-10-06
лентач,нобелевский премия химия присудить бенжамин лист дэвид макмиллан развитие асимметрический органокатализ,2021-10-06
лентач,хроника коронавирус россия зафиксировать рекордный суточный смертность ковид кремль связать высокий смертность ковид россия недостаточный уровень вакцинация цифра плохой вызывать,2021-10-06
лентач,правозащитный проект gulagu net опубликовать видео издевательство заключить саратовский тюремный больница важно видео содержать сцена жестокий насилие голый мужчина закрытый,2021-10-06
лентач,интернет появиться мемас эдди брок хотеть выбросить курица веном собрать небольшой подборка,2021-10-06
лентач,держать памятка какой фраза вычислить телефонный мошенник,2021-10-06
лентач,ровно октябрь умереть стив джобс,2021-10-05
лентач,комсомольский закрывать представительство белоруссия ранее сайт кп заблокировать территория республика журналист издание геннадий можейко отправить сизый автор заметка андрей зельцер,2021-10-05
лентач,ск саратовский область возбудить уголовный надругательство группа мужчина заключить тюремный больница сообщать риа новость ссылка ведомство ранее начальник уфсин саратовский,2021-10-05
лентач,коми полковник полиция сделать уполномоченный право человек,2021-10-05
лентач,спонсор сосед начать стучать батарея новый станция минь яндекс прокатить звук мощность звук колонка увеличить раз вт появиться версия диодный,2021-10-05
лентач,совфед предлагать создать система подсчёт прибыль зарубежный itгигант территория россия почитать,2021-10-05
лентач,начальник уфсин саратовский область алексей федот подать рапорт отставка публикация пытка заключить тюремный больница писать интерфакс ссылка источник,2021-10-05
лентач,воркутинский школа физрук замахнуться девятиклассник слово брать ебальник разбивать одноклассник снять видео запостиль соцсеть школьник увидеть учитель физкультура играть баскетбол,2021-10-05
лентач,эй лентач предприниматель наверняка рассказать успех миллион альф поделиться сделать не кардинально сменить деятельность сорвать куш никто не послушать доказать,2021-10-05
лентач,ркн потребовать влепить facebook оборотный штраф отказ удаление запретить контент годовой выручка компания точный сумма определить суд,2021-10-05
лентач,нижегородский прокуратура потребовать признать мужской государство экстремистский сообщество писать медиазона ссылка картотека нижегородский областной суд иск подать исполнять обязанность прокурор,2021-10-05
лентач,союз состыковаться мкс автоматический режим не получиться изз отказ система сближение курс прийтись переходить ручной управление передавать риа новость вроде,2021-10-05
лентач,держать способ существенно сэкономить жкх не тратить покупка энерго водосберегающий прибор внимательность,2021-10-05
лентач,сбер сообщить починить приложение,2021-10-05
лентач,суд обязать мвд установить идрака мирзализаде разумный срок нежелательность пребывание россия вместо пожизненный сообщить адвокат сергей бадамшин опубликовать доказательство который,2021-10-05
лентач,пострадать авария автомобиль ловить инструкция правильно утилизировать,2021-10-05
лентач,песок прокомментировать видео пытка изнасилование заключить тюремный больница саратов,2021-10-05
лентач,выйти тизер сериал дракон приквел игра престол действие разворачиваться сотня событие оригинальный проект рассказывать падение дом таргариен гражданский война,2021-10-05
лентач,нобелевский премия физика дать сюкурый новаторский вклад понимание комплексный физический система половина награда получить сюкурый манабэ клаус хассельман физический моделирование,2021-10-05
лентач,новость духовный страна планета основатель gulagu net заявить получить гб видео пытка тюрьма ролик архив предоставить медиазона,2021-10-05
лентач,байконур мкс стартовать корабль актриса юлия пересильда режиссёр клим шипенко течение сутки создание первый история художественный фильм снятой предел земля,2021-10-05
лентач,хроника коронавирус россия рекорд число умерший коронавирус сутки скончаться сегодняшний день возобновлять регулярный авиасообщение джибути дания новый зеландия юар перу,2021-10-05
лентач,сервис фейсбук валяться телега прислать миллион новый пользователь дуров успеть потроллить компания цукерберг собрать мемас тема,2021-10-05
лентач,сбой фейсбук сервис длиться час компания пояснить причина сбой стать неудачный изменение конфигурация магистральный маршрутизатор распределять трафик центр обработка данные,2021-10-05
лентач,мошенник разводить доверчивый россиянин имя автоваз устраивать розыгрыш автомобиль победитель отправлять фишинговый сайт,2021-10-05
лентач,причина сбой работа фейсбук обновление протокол динамический маршрутизация сообщать независимый журналистрасследователь брайан кребс ссылка член команда компания восстановление представитель фб,2021-10-05
лентач,часть пользователь начать подниматься facebook instagram whatsapp работать,2021-10-05
лентач,интернет продолжать падать downdetector сообщать сбой netflix zoom tinder bank of america snapchat gmail viber upd ютуба похоже падать,2021-10-05
лентач,саратовский область завести уголовка полицейский майнил крипта прямо здание мвд,2021-10-04
лентач,сбой интернет главное час работа facebook принадлежащий instagram whatsapp произойти глобальный сбой сервис лежать примерно москва причина сбой неясный сбой,2021-10-04
лентач,вишенка торт дать миллиард пользователь фейсбук выставить продажа даркнуть сообщать privacy affairs данные издание крупный слив данные пользователь история facebook,2021-10-04
лентач,рубрика аааа сотрудник facebook не попасть офис решение проблема сервис изз отказ система безопасность писать журналистка the new york times,2021-10-04
лентач,вслед интернет навернуться акция крупный itкомпания facebook просесть apple microsoft цукерберг потерять млрд опуститься список forbes сообщать издание,2021-10-04
лентач,целое ситуация примерно,2021-10-04
лентач,песок прокомментировать сбой интернет выдохнуть,2021-10-04
лентач,интернет продолжать штормить сбоить тикток немножко вк собрать известно сбой данный момент,2021-10-04
лентач,телега чтоть не пользователь жаловаться проблема звонок поддержка говорить мессенджер работать медленно держаться лагаета изз массово прислать телега падение instagram,2021-10-04
лентач,цик подавать суд журналист публикация выборы слово памфилов иск немало,2021-10-04
лентач,instagram facebook whatsapp приуныть данные сервис downdetector пользователь мир жаловаться проблема доступ,2021-10-04
лентач,путин официально утвердить отец третий воскресение октябрь отмечать число указ опубликовать портал правовой информация жареный суп,2021-10-04
лентач,путин принять отставка владимирский губер владимир сипягин депутат госдума лдпр временно исполнять обязанность назначить бывший депутатединоросс александр авдеев дед освободить,2021-10-04
лентач,замминистра промышленность россия василий шпак похвастаться волшебный прибор подавлять коронавирус помощь электромагнитный волна новинка рассказать форум микроэлектроника алушта прибор не,2021-10-04
лентач,апдейт перевод чиновничий не измениться оставаться попов нечётко выразиться напоминать ввести ограничение подтвердить прессслужба роспотребнадзор,2021-10-04
лентач,пояснение отмена массовый мероприятие весь россия глава роспотребнадзор анна попов массовый мероприятие остановить весь страна проводиться зависимость тенденция эпидпроцесс количество,2021-10-04
лентач,роспотребнадзор связь пандемия массовый мероприятие весь россия отменить,2021-10-04
лентач,инф досье пандора прокомментировать эрнст напомнить данные журналист гендиректор первый канал секретный партнёр сделка покупка кинотеатр советский эпоха прилегать территория,2021-10-04
лентач,охренель,2021-10-04
лентач,объявить лауреат нобелевский премия область физиология медицина вручить исследование рецептор температура прикосновение,2021-10-04
лентач,очередной безумный уголовка миасс бездомный пытаться высушить носка вечный огонь завести реабилитация нацизм сделать вмешательство ск изначально мвд завести статья,2021-10-04
лентач,хроника коронавирус человек старший коронавирус россия привить сообщить минздрав владимир врач скорый помощь привезти пациент коронавирус здание областной администрация изз,2021-10-04
лентач,типичный история австралия съёмка документалка крокодил прямо полёт сцапать дрон видосик интересный получиться,2021-10-04
лентач,утро держать важный инструкция прикрепиться новый поликлиника переезд,2021-10-04
лентач,иностранный агент равно не забывать,2021-10-03
лентач,досье пандора путин лично не упоминаться файл досье фигурировать близкий подруга дед якобы третий дочь светлана кривоногий данные the guardian,2021-10-03
лентач,международный консорциум журналистоврасследователь опубликовать досье пандора причастность ряд мировой лидер офшорный схема расследование участвовать журналист страна число издание история опубликовать,2021-10-03
лентач,врач литва удалить желудок мужчина килограмм гвоздь шуруп писать the guardian мужик госпитализировать острый боль рентген показать желудок кусок металл,2021-10-03
лентач,полиция задержать александр лазарев подозревать убийство три студентка оренбург сообщать тасс мужчина ранее судить убийство,2021-10-03
лентач,тяжёлый видео приют лохматый подмосковный чехов отравиться собака погибнуть владелец приют винить некачественный корм покупать корм полтора позавчера привезти некондиция,2021-10-03
лентач,питерский мост глупость появиться достойный преемник индия аэропорт дели мост застрять целый самолёт лайнер продать инцидент произойти доставка новый владелец,2021-10-03
лентач,обычный история питер тиктокхаус пицца ножевой ранение компания питерский тиктокхаус решить заказать пицца курьер перепутать адрес доставить заказ соседний квартира,2021-10-03
лентач,хроника коронавирус сутки коронавирус россия умереть рекорд пандемия министр здравоохранение михаил мурашко заявить не остаться барьер препятствовать регистрация спутник v,2021-10-03
лентач,штат миссури мужик решить продать автомобильный катализатор опубликовать объявление фейсбук случайно спалиться запчасть кадр попасть пакет метамфетамин ложка шприц короче,2021-10-03
лентач,космический аппарат европейскояпонский миссия bepicolombo отправить земля первый снимок поверхность меркурий сообщать esa фотография северный полушарие сделать расстояние километр сближение,2021-10-02
лентач,черногория суд арестовать бывший директор черкизона тельман исмаиловый бизнесмен находиться сизый решение черногорский власть выдача россия писать тасс ссылка адвокат,2021-10-02
лентач,курский область депутатединоросс объяснить избиратель заседание дмитровский сельсовет обсуждать строительство свинарник жилой дом местный житель прислать высказаться привести журналистка телекомпания,2021-10-02
лентач,американец билл фишер город грандфоркс северный дакота найти капот машина килограмм орех спрятать дикий белка сообщать местный издание grand forks,2021-10-02
лентач,хроника коронавирус чувашия октябрь ввести qrкод посещение заведение общепит спортзал сообщаться telegramканал глава республика олег николаев путин посмертно наградить борьба,2021-10-02
лентач,задержать журналист белорусский редакция комсомольский правда геннадий можейко писать тuть автор публикация айтишник андрей зельцер изз сентябрь заблокировать сайт кп,2021-10-02
лентач,шиза лукашенко интервью cnn заявить случай атака запад вечный президент атаковать постоянно бомбить лишать слово лицо независимость вечный президент защищать,2021-10-02
лентач,путин наградить орден заслуга отечество iv степень виолончелист сергей ролдугин ролдугин получить награда вклад развитие отечественный культура искусство многолетний плодотворный,2021-10-02
лентач,трехпроцентный биполярочка заявить гарантировать безопасность полёт белоруссия отметить посадить любой самолёт бояться летать наш территория лично ваш компания ваш страна,2021-10-01
лентач,путин призвать использовать дизайнерский идея ученик родитель капремонт школа,2021-10-01
лентач,задерживать саакашвили,2021-10-01
лентач,исаакиевский собор петербург пройти венчание дальний потомок император александр ii князь георгий романов первый бракосочетание представитель императорский династия россия объяснять,2021-10-01
лентач,октябрь россия вступать сила куча новый закон правило подборка,2021-10-01
лентач,задержание задержание черногория задержать бывший директор черкизовский рынок тельман исмаил сообщать местный сми россия исмаилов заочно предъявить обвинение убийство предприниматель,2021-10-01
лентач,михаил саакашвили задержать грузия заявить премьер страна экспрезидент покинуть грузия страна завести уголовный дело два саакашвили заочно вынести приговор реальный,2021-10-01
лентач,пс хотеть современный искусство не простой виртуальный яндекскарт появиться корабль будущее придумать уральский индустриальный биеннале говорить вдохновляться чертёж малевич роман,2021-10-01
лентач,минюст признать иноагент ооо журналистинострать агент просьба сми сообщать тасс ссылка министерство организация создать журналистка людмила савицкий признанный смииноагент,2021-10-01
лентач,франция поиск вычислить маньяк кличка рябой оказаться бывший жандарм франсуа вер перестать убивать жениться депутат сентябрь следователь выйти маньяк совершить,2021-10-01
лентач,минск суд ликвидировать белорусский хельсинкский комитет последний зарегистрировать правозащитный организация страна пятница идти скучно старый тварь распоясаться,2021-10-01
лентач,блогер руслан бобиева устроить скандальный фотосессия фон кремль арестовать сутки неповиновение полиция освобождение депортировать таджикистан писать тасс подруга анастасия чистов,2021-10-01
лентач,новость сверхдержава пожарский школа симферопольский район закрыть ремонт туалет ребёнок вынудить ходить аварийный уличный сортир выгребной яма прочить трэш писать,2021-10-01
лентач,мвд объявить федеральный розыск эксзамминистра просвещение марин раков который обвинять мошенничество госконтракт бывший чиновница вызвать допрос внезапно исчезнуть,2021-10-01
лентач,хроника коронавирус нынешний волна коронавирус россия тяжёлый ситуация стабилизироваться середина декабрь заявить тасс педиатринфекционист евгений тимаковый московский мэрия потратить рубль,2021-10-01
лентач,фсб выкатить список данные разглашение признать иноагент например перечень попасть инф дедовщина преступление армия сведение проблема роскосмос,2021-10-01
лентач,мошенник научиться воровать apple pay google pay,2021-10-01
лентач,британец решить поиздеваться автолюбитель топливный кризис поехать кататься лошадь возле заправка trolling in the uk,2021-10-01
