nexta live,генпрокуратура беларуси направила верховный суд заявление признании nexta наших каналов террористической организацией,2022-03-24 10:52:32
nexta live,youtube разблокировал каналы гостелерадиофонда основным требованием роскомнадзора угрожал видеохостингу полной блокировкой,2022-03-24 10:40:31
nexta live,заместитель министра обороны украины анна маляр сообщила уничтоженный военный корабль бердянске перевозить 20 танков 45 бронетранспортёров 400 десантников кораблём орск,2022-03-24 10:34:53
nexta live,дмитрий кулеба киев ведёт переговоры гарантиям безопасности сша британией германией францией турцией,2022-03-24 10:27:58
nexta live,польша не исключает высылки российского посла решение не принято,2022-03-24 10:25:14
nexta live,глава мид украины дмитрий кулеба призвал страны ес не подчиняться унизительным требованиям кремля не расплачиваться российские энергоресурсы рублями,2022-03-24 10:08:23
nexta live,western union сегодняшнего дня прекращает денежные переводы беларусь россию,2022-03-24 09:56:22
nexta live,акции российских компаний поднялись открытии мосбиржи индекс биржи вырос 10,2022-03-24 09:45:51
nexta live,генштаб всу публикует новое видео уничтожения российской военной техники,2022-03-24 09:39:41
nexta live,журналист александр невзоров россии завели уголовное заявил намерении страну намекнул случае ареста обнародован компромат российское руководство,2022-03-24 09:32:05
nexta live,президент литвы гитанас науседа обратился украинскому народу литовский приветствует украинских героев сражается каждую пядь земли являетесь примером бессмертного подвига слава,2022-03-24 09:23:29
nexta live,apple запретила использовать карты apple pay,2022-03-24 09:14:56
nexta live,потери оккупантов состоянию 24 марта,2022-03-24 09:05:20
nexta live,вмс украины сообщает порту бердянска уничтожен десантный корабль орск черноморского флота рф,2022-03-24 08:48:50
nexta live,русские корабли уходят бердянска привычном направлении,2022-03-24 08:36:17
nexta live,тайное исчезновение шойгу министр обороны сергей шойгу не появляется публичном пространстве ходили упорные слухи шойгу готовит военный переворот россии сделал,2022-03-24 08:28:20
nexta live,сообщают оккупированном бердянске утонул российский корабль сильно дымят пытаются скрыться уничтожен склад боеприпасами топливом,2022-03-24 08:21:07
nexta live,социолог игорь эйдман отъезде анатолия чубайса,2022-03-24 08:15:04
nexta live,момент взрыва порту бердянска,2022-03-24 07:53:23
nexta live,береговая охрана японии уведомила возможном ракетном пуске стороны кндр сообщается северная корея выпустила неопознанный снаряд сторону японского моря,2022-03-24 07:49:01
nexta live,сообщают порту бердянска подбили российские корабли ждём официального подтверждения опровержения,2022-03-24 07:45:20
nexta live,тасс не уполномочен заявить агентство reuters удаляет российский пропагандистский ресурс тасс контентного рынка изза необъективного освещения войны украине,2022-03-24 07:42:32
nexta live,международное рейтинговое агентство fitch ratings 15 апреля аннулирует рейтинги попавших санкции российских компаний,2022-03-24 07:39:34
nexta live,выглядит мариуполь спустя месяц войны,2022-03-24 07:30:51
nexta live,большинство пожаров возле чернобыльской аэс ликвидировано эфире телемарафона сообщил исполняющий обязанности министра защиты окружающей среды природных ресурсов украины руслан силец,2022-03-24 07:25:23
nexta live,горит порт бердянска предположительно оккупанты взорвали цистерны топливом,2022-03-24 07:09:55
nexta live,войны оккупанты разрушили харькове 998 жилых домов 145 нежилых зданий,2022-03-24 07:04:47
nexta live,генштаб всу сообщает новой сводке херсонской области захватчики приступили открытому террору несогласных оккупацией,2022-03-24 06:36:47
nexta live,глава мид австралии не исключила возможность высылки российских дипломатов канберры,2022-03-24 06:23:58
nexta live,мэр ньюйорка эрик адамс торжественно поднял украинский флаг флагшток центре города висеть победы украины,2022-03-24 06:06:28
nexta live,главное часу журналистка the insider оксана баулина погибла киеве автоконцерн renault приостановил производство москве данным пентагона украинские военные оттеснили российских,2022-03-24 01:59:59
nexta live,‼госдеп сша признал действия рф украине военными преступлениями,2022-03-24 01:53:08
nexta live,группа хакеров anonymous сообщает удалось взломать данные центрального банка россии согласно сообщению ближайшие 48 часов группа опубликует 35000 файлов банка,2022-03-24 01:39:24
nexta live,посол сша оон линда томасгринфилд прокомментировала российскую резолюцию сб оон имела наглость выдвинуть резолюцию просьбой международному сообществу гуманитарный кризис создала,2022-03-24 01:23:15
nexta live,цензура сведениям сервиса роскомсвобода общей сложности требованию генпрокуратуры 16 марта заблокированы 49 информационных ресурса,2022-03-24 01:01:45
nexta live,пво всу сообщает уничтожении 11 воздушных целей противника 23 марта 2022 согласно заявлению уничтожено 7 самолётов 1 вертолёт 1 беспилотник,2022-03-24 00:47:35
nexta live,‼великобритания направит украине 6 единиц оружия включая противотанковые ракеты сообщили канцелярии премьерминистра,2022-03-24 00:36:51
nexta live,‼cnn данным пентагона украинские военные оттеснили российских сил киева 25 километров российские войска находятся расстоянии 55 километров востоку центра киева,2022-03-24 00:29:43
nexta live,‼пояснение российской резолюции сб оон проекте резолюции содержался призыв прекращению огня эвакуации мирного населения зон боёв большинство членов сб отказались,2022-03-24 00:21:01
nexta live,традиционное обращение президента украины владимира зеленского,2022-03-24 00:10:21
nexta live,‼оон войны украину покинули 35,2022-03-24 00:06:06
nexta live,магатэ подтверждает обращение украины ситуации чаэс украинские сми сообщают российские войска не пропускают спасателей месту пожаров,2022-03-23 23:55:57
nexta live,киевской области находится 12 российских военных заявил советник главы опу алексей арестович 3 тысячи окружены 4 тысячи отсечены находятся неприятном,2022-03-23 23:42:18
nexta live,‼сб оон не принял проект российской резолюции украине cтоит отметить члены совбеза россии китая воздержались резолюция россии носила исключительно гуманитарный,2022-03-23 23:36:01
nexta live,оставим комментариев,2022-03-23 23:27:01
nexta live,российские войска обстреляли блокпост славутиче сообщил мэр города юрий фомичёв тяжёлый почувствовали боевыми действиями обстрелян блокпост продвижение противника нашу сторону,2022-03-23 23:15:50
nexta live,сотрудникам крупнейшей российской чартерной авиакомпании azur air объявили простое 6 месяцев,2022-03-23 23:07:01
nexta live,генеральный штаб вооружённых сил украины принимая внимание практический опыт гуманитарного разминирования донбассе прошедшие годы заявил состоянию сегодняшний нанесла ущерб украине,2022-03-23 22:52:01
nexta live,пентагоне заявили сша не видят признаков беларусь готовится присоединиться ко вторжению россии украину,2022-03-23 22:36:24
nexta live,подписчики сообщают мощном взрыве харькове распоряжении редакции имеется видео настоящий момент опубликовать не можем,2022-03-23 22:25:23
nexta live,украине заявили планах обменять пленных моряков острова змеиный украинский плен попали 11 российских моряков обменять военнослужащих острова змеиный заявила министр,2022-03-23 22:20:43
nexta live,мэр чернигова показал выглядит освобождения российскими войсками,2022-03-23 22:15:12
nexta live,производственная деятельность площадки группы renault москве сегодняшнего дня приостановлена немногим ранее французский автопроизводитель renault отказывался уходить российского рынка опасаясь серьёзных,2022-03-23 22:09:01
nexta live,ирина верещук результатах работы гуманитарных коридоров 23 марта удалось эвакуировать 4554 человека,2022-03-23 21:59:37
nexta live,президент сша байден вылетает европу экстренную встречу нато g7,2022-03-23 21:55:07
nexta live,киев посетил министр обороны литвы арвидас анушаускас встретился главой минобороны украины алексеем резниковым выразил поддержку украинскому народу,2022-03-23 21:41:01
nexta live,‼объём фонда национального благосостояния россии февраль сократился рублях 675 млрд 12935 трлн руб долларах 20 млрд 1548 млрд сообщает министерство,2022-03-23 21:29:08
nexta live,работает карма депутат инициативе заблокировали дождь медузу попал слив личных данных яндекседы,2022-03-23 21:17:31
nexta live,губернатор белгородской области своём телеграмканале опубликовал фото последствий разорвавшегося снаряда,2022-03-23 21:08:23
nexta live,роскомпозор заблокировал новостной агрегатор newsgoogle,2022-03-23 20:50:43
nexta live,войны российские войска разрушили харькове 998 жилых домов 145 нежилых зданий сообщил мэр харькова игорь терехов словам коммунальные службы волонтёры,2022-03-23 20:45:06
nexta live,журналистка the insider оксана баулина погибла киеве погибла обстрелом киеве ходе исполнения редакционного задания снимала разрушения обстрела российскими войсками подольского,2022-03-23 20:33:42
nexta live,скоро закончится отвечаем тревожит человечество нашем спецвыпуске думаете длиться напишите комментариях,2022-03-23 20:12:25
nexta live,представитель турции оон обвинил россию военных преступлениях постоянный представитель турции оон феридун синирлиоглу заявил агрессия россии украины является грубейшим нарушением,2022-03-23 20:06:06
nexta live,газета wall street journal ссылкой источники утверждает зеленский советовал байдену временно не вводить ограничительные меры абрамовича поскольку помочь переговорах,2022-03-23 20:02:49
nexta live,‼сша завтра объявят новых санкциях политических фигур бизнесменов рф заявил,2022-03-23 19:58:59
nexta live,фармкомпания sanofi заявила прекращает новые поставки не связанные жизненно необходимыми лекарствами вакцинами россию беларусь sanofi является лидирующих мировых фармацевтических корпораций,2022-03-23 19:54:33
nexta live,роскосмос заключать международные контракты рублях сообщил рогозин заключать контракты роскосмос сотрудничества отказались страны космического,2022-03-23 19:41:01
nexta live,генсек нато беларусь продолжает способствовать российскому вторжению украину йенс столтенберг заявил беларусь соучастником вторжения украину продолжает предоставлять россии территорию воздушное,2022-03-23 19:33:23
nexta live,западные лизингодатели потребовали россии вернуть 500 самолётов заявил министр транспорта россии виталий савельев запросы поступили возврат 500 самолётов иностранного производства,2022-03-23 19:21:17
nexta live,‼годовая инфляция рф 12 18 марта ускорилась 1453 1254 неделей ранее,2022-03-23 19:11:45
nexta live,оперативная информация генштаба вооруженных сил украины 1800 киевскому украинские военные продолжают оборонительную операцию российских войск нанося противнику значительные потери сорвав,2022-03-23 18:56:05
nexta live,германия намерена предоставить украине 2 тысячи ручных гранатомётов сообщает агентство dpa ссылкой собственные источники,2022-03-23 18:52:13
nexta live,военные чечни уверенно врываются список самых сильных армий,2022-03-23 18:46:38
nexta live,96 работников россии отправили простой фоне ухода западного бизнеса заседании совета федерации заявила вицеспикер верхней палаты парламента рф галина карелова,2022-03-23 18:35:40
nexta live,россии запустили туры узбекистан картами visa mastercard стоимость тура ташкент 23 000 рублей человека ночи цену включены трансфер проживание отеле,2022-03-23 18:29:01
nexta live,временем россии школах начали размещать стенды фотографиями участников войны украине скрепы держатся скрепы не рухнут…,2022-03-23 18:20:06
nexta live,‼швеция предоставит украине 5000 единиц противотанкового оружия сообщили минобороны швеции,2022-03-23 18:14:16
nexta live,общественной палате россии призвали главу ск бастрыкина проверить лайк ройзмана пост призывами молиться азов уничтожать врагов член общественной палаты максим,2022-03-23 18:11:01
nexta live,нато общие потери россии достигать 3040 брифинге сообщил представитель нато отметив потери российской армии украине убитыми составлять 7 15 общие,2022-03-23 18:03:01
nexta live,одна журналистка ушла пропагандистского первого канала бывшая телеведущая собкор первого канала франции жанна агалакова дала прессконференцию париже не вопроса продолжать,2022-03-23 17:52:16
nexta live,совет федерации россии одобрил закон уголовном наказании распространение недостоверной информации публичную дискредитацию госорганов рф работающих рубежом штрафы правонарушения составят 5,2022-03-23 17:45:06
nexta live,журналистка директор сайта риамелитополь светлана зализецкая заявила похищении 75летнего отца утверждает российские военные ворвались журналистки мелитополе находились родители провели обыск,2022-03-23 17:36:01
nexta live,россии отобрали право проведения чемпионат 2022 плаванию даты соревнований останутся прежними fina ведёт переговоры новым потенциальным хозяином международная федерация плавания,2022-03-23 17:23:48
nexta live,представитель ес оон олаф скуг заявил кризис беженцев украине растёт скоростью не виданной мировой,2022-03-23 17:15:21
nexta live,депутаты парламента литвы предложили приравнять георгиевскую ленточку букву z нацистским коммунистическим символам первая европе выступает инициативой законодательном уровне,2022-03-23 17:06:01
nexta live,рпц назвала имена погибших российских солдат костромской области митрополит костромской нерехтский ферапонт благословил поминовение погибших воиновкостромичей приложил распоряжению список имён,2022-03-23 16:56:40
nexta live,провокации начались российские пропагандисты сообщают сёлах белгородской области введён режим чс изза взрыва снаряда запущенного стороны украины пострадавшие заявляют сми,2022-03-23 16:48:05
nexta live,военной базой мнению российских генералов являлся художественный музей мариуполе благо оригинальные работы художников успели вывезти военных действий музее находились копии,2022-03-23 16:46:01
nexta live,фсбшный ютуб не перестаёт удивлять пользователи rutube смогут авторизоваться госуслуги случае смогут публиковать видео предварительной модерации заявил замглавы комитета госдумы,2022-03-23 16:36:46
nexta live,гимнаст иван куляк вышел церемонию вручения медалей соревнования параллельных брусьях буквой z груди попал одну неприятную ситуацию путинга лужниках фотографы,2022-03-23 16:30:33
nexta live,‼прямо начинается экстренное заседание генассамблеи оон ситуации украины трансляцию русском языке,2022-03-23 16:16:19
nexta live,главное часу польша высылает 45 российских дипломатов изза подозрения шпионаже лукашенко закрывает украинское консульство бресте высылает большую дипломатов беларуси останется,2022-03-23 16:02:59
nexta live,песков подтвердил чубайс уволился собственному желанию предположительно находится турции,2022-03-23 15:49:40
nexta live,активисты greenpeace провели акцию протеста балтийском море призывая ес отказаться российских энергоносителей,2022-03-23 15:36:39
nexta live,финляндия не выдаст лицензию аэс которую строит росатом заявил 22 марта министр экономического развития мика линтиля ходе дискуссии парламенте страны,2022-03-23 15:32:26
nexta live,столтенберг использование химического оружия украине совершенно неприемлемо идущие последствия,2022-03-23 15:23:55
nexta live,жители энергодара сняли флагштока сожгли красное знамя оккупантов,2022-03-23 15:20:55
nexta live,страны балтии призвали ес закрыть автодороги грузовиков россии беларуси,2022-03-23 15:15:49
nexta live,посольстве россии польше прямо наблюдают дым,2022-03-23 15:14:29
nexta live,международная организация труда приостанавливает сотрудничество россией,2022-03-23 14:57:53
nexta live,выглядит рынок харькове,2022-03-23 14:55:17
nexta live,байден заявил возможное применение россией химического оружия представляет реальную угрозу,2022-03-23 14:52:06
nexta live,щербаков обиделся не пропустили парк развлечений грозится отомстить помощью путина upd видео старое смысл равно понятен володя приготовил подарочек говоришь,2022-03-23 14:48:16
nexta live,лукашенко закрывает украинское консульство бресте выгоняет дипломатов беларуси останется сотрудников украинской дипмиссии остальные должны покинуть страну ближайшее,2022-03-23 14:36:55
nexta live,путин принял решение кратчайшие сроки перевести расчёты поставки газа европу рубли,2022-03-23 14:26:33
nexta live,гоблин готовит передел собственности крыму аксёнов собирается отжать отели принадлежащие украинским владельцам преступное прошлое гауляйтера крыма даёт,2022-03-23 14:21:51
nexta live,молодёжь сумской области приватизировала российский бтр катается нём окрестностям,2022-03-23 14:15:07
nexta live,всём виноват чубайс bloomberg сообщает анатолий чубайс ушёл поста помощника президента уехал россии,2022-03-23 14:07:29
nexta live,тельавиве активисты пометили автомобили сотрудников российского посольства,2022-03-23 14:05:28
nexta live,украина опровергает сообщение российского мид обмене пленными,2022-03-23 14:02:58
nexta live,лондоне произошла утечка газа аквацентре олимпийском парке район оцеплен эвакуирован потерпевшие,2022-03-23 14:01:12
nexta live,nestlé приостанавливает работу брендов kitkat nesquik россии,2022-03-23 13:51:32
nexta live,гур публикует запись разговора генерала мизинцева военного преступника руководящего осадой мариуполя послушайте какими выражениями чудовище разговаривает своими подчинёнными,2022-03-23 13:50:45
nexta live,брифинг арестовича ситуации сегодняшний,2022-03-23 13:43:30
nexta live,богатый бизнесмен украины ринат ахметов заявил заводы мариуполе не оккупацией каких условиях,2022-03-23 13:39:49
nexta live,всу взяли кольцо оккупантов окопавшихся ирпене буче гостомеле,2022-03-23 13:33:24
nexta live,центре москвы неизвестный кинул коктейль молотова стену кремля,2022-03-23 13:31:09
nexta live,мариуполь высоты птичьего полёта,2022-03-23 13:18:33
nexta live,украины чтит героев полтавской области проходят похороны погибшего офицера пво виктора сушкова сбившего вражескую ракету ценой жизни,2022-03-23 13:13:25
nexta live,украинским госслужащим официально разрешили использовать знаменитую фразу военный корабль поскольку стала символом борьбы оккупантами не считается нарушением этических норм,2022-03-23 13:02:19
nexta live,кабмин украины период военного разрешил водителям категории управлять транспортными средствами категории с1,2022-03-23 12:57:24
nexta live,российский посол польше подтвердил получение ноты требованием выдворении 45 дипломатов заподозренных шпионаже,2022-03-23 12:45:48
nexta live,знал своём стремлении выделиться владимир жириновский не переходил красную черту случайно проговаривался слышал коридорах высших эшелонов власти долгое сходило рук,2022-03-23 12:45:14
nexta live,обращение владимира зеленского парламенту японии,2022-03-23 12:40:36
nexta live,ес одобрил соглашение украиной позволяющее предоставлять секретную информацию числе спутниковые снимки,2022-03-23 12:36:06
nexta live,полиция возобновляет работу ирпене,2022-03-23 12:30:31
nexta live,мид рф угрожает вооружённым конфликтом нато случае введения украину миротворцев альянса,2022-03-23 12:26:32
nexta live,представители российской монархической династии романовых выступили сдержанным заявлением осуждением войны украине,2022-03-23 12:20:13
nexta live,мид рф сообщает киев провели обмена пленными,2022-03-23 12:08:26
nexta live,россии наступают лихие двадцатые нижнем новгороде убит семьёй известный бизнесмен василий мельников владелец компании медстом предпринимателя жену двоих малолетних детей,2022-03-23 11:59:51
nexta live,украине погиб 121 ребёнок 167 детей получили ранения разной степени тяжести данные генпрокуратуры 28й войны,2022-03-23 11:40:17
nexta live,российские журналисты заметили министр обороны шойгу не появлялся публичном пространстве 11 марта отдыхает тыве,2022-03-23 11:27:51
nexta live,россии резко вырос спрос сейфы оружие патроны рбк ссылкой данные производителей,2022-03-23 11:23:04
nexta live,российский посол вызван мид польши польские спецслужбы составили список 45и российских дипломатов высланы страны ближайшее,2022-03-23 11:17:47
nexta live,журналист роман цимбалюк сообщил российский военнослужащий переехал танком командира отправлял сослуживцев верную смерть перееханный полковник зализывает раны белорусском госпитале оккупантов,2022-03-23 11:11:15
nexta live,киев шевченковский район последствия утренних обстрелов города россияне обстреляли частный сектор элитный жилой комплекс,2022-03-23 11:00:12
nexta live,польские спецслужбы задержали госслужащего уличённого шпионаже пользу россии работал загсе сливал россиянам ценные сведения гражданах польши иностранцах проживающих стране,2022-03-23 10:47:53
nexta live,общие потери оккупантов 23 марта,2022-03-23 10:30:03
nexta live,неофициальной информации 40 российских дипломатов высланы польши изза шпионажа пользу рф сообщает польский портал onet ссылкой источники,2022-03-23 10:17:46
nexta live,мариуполем убит командир 810й бригады морской пехоты армии рф полковник алексей шаров,2022-03-23 10:12:08
nexta live,михаил подоляк обратился западным странам просьбой увеличить поставки оружия украину,2022-03-23 10:05:24
nexta live,генпрокуратура рф покидает международную ассоциацию прокуроров,2022-03-23 09:53:00
nexta live,железный занавес депутатов депутатам госдумы единой россии запретили покидать страну разрешения главы фракции необходимости выехать рубеж специальное заявление кстати не,2022-03-23 09:48:08
nexta live,госдума создала комиссию расследованию фактов вмешательства иностранных государств внутренние дела россии вмешивается дела иностранных государств не упомянул,2022-03-23 09:37:06
nexta live,ирина верещук запланированную 23 марта работу гуманитарных коридоров,2022-03-23 09:25:31
nexta live,новые спутниковые снимки блокадного мариуполя блокаде находятся ста жителей города живут постоянной угрозой обстрелов воды еды медикаментов,2022-03-23 09:15:38
nexta live,ходе вражеского обстрела киева повреждены дома святошинском шевченковском районах обстрел попали многоэтажки тц частный сектор,2022-03-23 09:01:35
nexta live,броварами оккупантами уничтожено десятков тонн продукции продовольственных складах предварительный ущерб составляет 600 гривен воевать продуктами россии не впервой,2022-03-23 08:47:36
nexta live,приложение netflix исчезло app store google play россии,2022-03-23 08:44:31
nexta live,городе рубежное российский снаряд попал многоэтажку сообщил сергей гайдай глава луганской ова ходе обрушения погибло человека числе двое детей,2022-03-23 08:43:35
nexta live,сенаторы сша обсуждают законопроект блокировке золотых резервов рф сумму 132 миллиарда долларов,2022-03-23 08:36:58
nexta live,чернигове оккупанты разбомбили мост десну соединял киевом доставлялась гуманитарная помощь проводилась эвакуация мирных жителей,2022-03-23 08:24:43
nexta live,сообщается оккупанты ударили градами одному районов киева,2022-03-23 08:20:02
nexta live,прессалкаше мид рф мария захарова заявила обсуждение подписания мирного договора россии японии невозможно якобы изза недружественной политики токио,2022-03-23 08:18:23
nexta live,утренняя сводка генштаба всу,2022-03-23 08:08:19
nexta live,японский производитель цифровой бытовой техники sharp приостановил поставки россию связи войной украине,2022-03-23 08:01:20
nexta live,нардеп третьякова сообщает оккупанты уничтожают склады продовольствием поставить мирное население грань голода,2022-03-23 07:54:28
nexta live,черновцах убрали аллеи звёзд именную звезду российской певицы ани лорак родившейся городе вместо осудить агрессию россии игру молчанку наплевав родную,2022-03-23 07:50:03
nexta live,сша союзники изучают исключения россии g20,2022-03-23 07:30:06
nexta live,новых спутниковых снимках аэродрома чернобаевке российских вертолётов аэродроме всу накрывали огнём технику оккупантов 8 похоже россиян чтото начало доходить пусть,2022-03-23 07:25:16
nexta live,евгений чичваркин рассказал какие профессии считает самыми перспективными россии,2022-03-23 07:18:11
nexta live,украине вводится ежедневный мониторинг цен социально значимые товары обеспечить доступность населения,2022-03-23 07:03:10
nexta live,суд оштрафовал алексея венедиктова украиноязычную программу волнах ликвидированного эха москвы поводом штрафа послужило якобы нарушение лицензии языком вещания назван,2022-03-23 06:44:45
nexta live,депутат госдумы луговой заявил предложит ужесточить ответственность называемых иностранных агентов напомним андрей луговой является ключевым подозреваемым жестоком убийстве александра литвиненко,2022-03-23 06:27:44
nexta live,останется прогноза погоды европейская организация спутниковой метеорологии eumetsat прекращает делиться метеорологическими данными россией метеорологические данные сыграть важную роль планировании химических,2022-03-23 06:18:36
nexta live,крупнейших французских банков crédit agricole полностью приостанавливает деятельность россии,2022-03-23 06:06:10
nexta live,главное часу белорусскоукраинской границе скопление наступательных вооружений зафиксировано движение границе эшелона военной техникой кгб беларуси утверждают ликвидировали резидентуру украинском посольстве,2022-03-23 02:01:58
nexta live,тростянце сумской области масштабный пожар не тушить изза обстрелов уличных боёв сообщил глава сумской ова дмитрий живицкий обращаемся ко жителям,2022-03-23 01:39:15
nexta live,украли самолеты поэтому границу не выпустят полетаем сдадим разборку министр транспорта рф,2022-03-23 01:27:11
nexta live,оперативная информация генштаба всу состоянию 0000 донецком луганском направлениях противник пытался продвинуться закрепиться не вышло режим лукашенко продолжает оказывать войскам,2022-03-23 00:59:11
nexta live,насильники генеральная прокуратура украины возбудила первое уголовное изнасиловании женщины российским солдатом броварском районе сообщила депутат верховной рады инна совсун слухи,2022-03-23 00:27:09
nexta live,владимир зеленский бороться можем последнего храбро открыто площадках полной энергией результат нашими силами не устанем отдохнем победим,2022-03-23 00:02:53
nexta live,эшелон военной техникой движется белорусскоукраинской границе выехал 2140 речицы данный момент стоит калинковичах конечная станция хойники платформах перевозят пяти единиц,2022-03-22 23:42:16
nexta live,мид украины заявления минска шпионаже осложнят отношения украиной беларусью белорусская записала шпионы сотрудников украинского посольства минске официально представляют разные ведомства,2022-03-22 23:38:35
nexta live,европейская организация эксплуатации метеорологических спутников перестала делиться метеоданными россией опасаются рф использовать данные планировании атак украине применением химического биологического оружия,2022-03-22 23:32:37
nexta live,владимир зеленский завтра выступит парламентом японии 1300 киевскому,2022-03-22 23:19:14
nexta live,депутат херсонского облсовета сергей хлань апреле оккупанты планируют ввести обращение рубли,2022-03-22 23:07:57
nexta live,киеве ожидают телефонного разговора владимира зеленского лидером кнр си цзиньпином глава офиса президента андрей ермак,2022-03-22 22:55:58
nexta live,cnn момента недавнего разговора джо байдена си цзиньпином кнр не поставляет рф оружие не помогает военном плане,2022-03-22 22:38:34
nexta live,мвд украины показало видео задержания киеве российских диверсантов комендантского часа шла активная чистка города дрг пособников российских оккупантов поймали одном,2022-03-22 22:22:29
nexta live,заместитель командира полка азов ситуации мариуполе состоянию 22 марта,2022-03-22 22:18:48
nexta live,данным всу потери армии рф украине 26 дней войны превосходят потери советской армии 10 войны афганистане,2022-03-22 22:03:23
nexta live,дома восстановятся людей не восстановишь погибших маргарита морозова детстве пережила блокаду ленинграда прячется обстрелов харьковской квартирке,2022-03-22 21:46:43
nexta live,бывший посол сша россии предлагает не платить россии нефть путин не прекратит войну,2022-03-22 21:29:00
nexta live,чеченцы добровольческого батальона имени шейха мансура вступили бой военными рф,2022-03-22 21:20:06
nexta live,запуск российских крылатых ракет калибр оккупированного севастополя,2022-03-22 20:56:47
nexta live,обращение белорусам евгения жукова известного позывным маршал бывшего заместителя командира батальонов 79й николаевской отдельной аэромобильной бригады героического десантника защитников донецкого,2022-03-22 20:40:30
nexta live,белорусская биатлонистка дарья домрачева высказалась войне украине свете всей ситуации конфликта украине тяжело приятном переживаю верю скоро закончится наступит сожалению,2022-03-22 20:36:10
nexta live,последствия удара павлограду,2022-03-22 20:08:41
nexta live,еврокомиссия предложила выделить бюджета еc миллиарда евро странам евросоюза принимают беженцев украины урсула фон дер ляйен,2022-03-22 20:02:08
nexta live,кгб беларуси утверждают ликвидировали резидентуру украинском посольстве говорят чекисты меньшей мере 10 сотрудников посольства половина штата кадровыми сотрудниками главного управления,2022-03-22 19:55:11
nexta live,сбитый мариуполем самолёт оказался сотым коллекции всу украинские войска зашли вторую сотню самолёта сбиты днепропетровской областью,2022-03-22 19:43:10
nexta live,армия оккупантов разбомбила железнодорожную станцию днепропетровской области ракетным ударом уничтожена станция павлоград2 разрушено железнодорожное полотно пути бомбежки рельсов сошли 15,2022-03-22 19:23:07
nexta live,французская totalenergies приняла решение не заключать не продлевать контракты закупку российской нефти нефтепродуктов,2022-03-22 19:18:53
nexta live,google вывозит сотрудников московского офиса компании не исключают претензии youtube повлечь прекращение работы google россии bloomberg,2022-03-22 19:10:15
nexta live,путинская армия обстреляла район оболонь киеве загорелись здания грузовик пожар тушили часа информация жертвах пострадавших уточняется,2022-03-22 19:06:45
nexta live,данным следствия невзоров 9 марта 2022 публичной странице сети инстаграм 19 марта 2022 канале youtube опубликовал заведомо ложную информацию умышленном,2022-03-22 18:44:12
nexta live,всу сбили российский самолёт кошмарил мариуполь сбрасывал бомбы осаждённый рушил инфраструктуру,2022-03-22 18:41:56
nexta live,cnn ссылкой неназванные источники нато беларусь вступить полномасштабную войну украины стороне рф,2022-03-22 18:38:40
nexta live,ск рф возбудил уголовное журналиста александра невзорова,2022-03-22 18:34:36
nexta live,россии заканчиваются танки танкисты не удивительно планам вместо должна закончиться маленькая победоносная закончится напишите мысли комментариях роликам узнайте думают,2022-03-22 18:28:51
nexta live,арестович чернобаевке,2022-03-22 18:17:28
nexta live,российские пранкеры обсудили статус украины министром обороны великобритании лексус вован позвонили бену уоллесу имени премьерминистра украины дениса шмыгаля заявили украина,2022-03-22 18:11:15
nexta live,рособрнадзор изза рисков распространения коронавируса перенёс проведение всероссийских проверочных работ школах осень ранее сообщалось всероссийские проверочные работы отложили изза дефицита,2022-03-22 18:09:29
nexta live,лукашенко нападёт украину устранён личная охрана лукашенко усилена 30 предпринимаются экстраординарные меры защите диктатора возможного использования пзрк перелётов стране обоснован,2022-03-22 18:01:34
nexta live,отметки появились паспортах белорусов контроля границе украины польши,2022-03-22 17:39:52
nexta live,украине ввести уголовную ответственность распространение информации перемещении техники позициях всу фото видео соцсетях грозит 5 8 тюрьмы сделано группой корыстных,2022-03-22 17:31:34
nexta live,белорусскоукраинской границе скопление наступательных вооружений maxar опубликовал новые снимки гомельской области сбу оценивают вероятность вторжения беларуси украину достаточно высокую речь,2022-03-22 17:24:40
nexta live,белорусская девочка отправила дрон украину отдаёт помощь украинцам дрон копила девочку зовут варя родители прислали фото хочу поделиться героев варя,2022-03-22 17:10:46
nexta live,нормализация отношений германии россией исключена главе рф оставаться путин bild заявил сопредседатель правящей партии сдпг доверенное канцлера шольца ларс клингбайль,2022-03-22 17:04:55
nexta live,хакеры anonymous слили базу данных nestle отказалась уходить россии 10 гб данных электронной почты паролей клиентов крупнейшей пищевой компании мире,2022-03-22 16:56:07
nexta live,киев почётным гражданином парижа мэрия французской столицы впервые истории присвоила статус городу,2022-03-22 16:51:52
nexta live,стыдно страшно напала украину олег куваев смутые мрачные времена настали юмор уходит подполье курсе коменты набегут рашисты не успею вычищать,2022-03-22 16:36:02
nexta live,мариуполь полк азов уничтожает танки боевые бронированные машины пехоту российских оккупантов,2022-03-22 16:21:20
nexta live,латвии проповеди войне украине загорелась церковь пожар начался пастор спросил сможем простить людей отдавших приказ убивать,2022-03-22 16:19:06
nexta live,франция отправила украине технику оборудование спасателей 11 пожарных машин 16 машин скорой помощи 49 тонн медицинского неотложного оборудования сообщает мид,2022-03-22 16:12:09
nexta live,главное часу российского оппозиционера алексея навального осудили 9 колонии строгого режима адвокатов задержали суда отпустили нидерландах заморожены российские активы 400,2022-03-22 16:00:04
nexta live,брифинг арестовича ходе российского вторжения,2022-03-22 15:33:58
nexta live,киевом пропал известный фотожурналист макс левин сотрудничал международными новостными агенствами выходил связь 13го марта,2022-03-22 15:32:22
nexta live,осталось харьковской квартиры 95летнего узника немецких концлагерей бориса романченко убитого российскими оккупантами собственном доме останки собрали мешок,2022-03-22 15:21:51
nexta live,адвокатов ольгу михайлову вадима кобзева задержали комментарии журналистам поводу процесса алексеем навальным,2022-03-22 15:16:02
nexta live,риге протестуют водители яндекстакси,2022-03-22 15:12:33
nexta live,адвокатов навального задержали входа колонию посадили автозак,2022-03-22 15:07:39
nexta live,хочу президенту зеленскому италия стороне украины процессе италия хочет украину ес заявил глава правительства италии марио драги,2022-03-22 15:04:15
nexta live,the guardian завод renault возобновляет работу москве конкуренты уходят российского рынка,2022-03-22 14:58:20
nexta live,сообщается российские оккупанты буче ирпене гостомеле отрезаны снабжения попали котёл,2022-03-22 14:51:29
nexta live,лукашенко проговорился болезни путина диктатор взболтнул лишнего случайно коечто намекнул подробности делитесь вашим мнением поводу увиденного комментариях,2022-03-22 14:45:40
nexta live,винницкой области сбили российскую крылатую ракету искандер глава винницкой ова сергей борзов,2022-03-22 14:40:55
nexta live,алексей навальный осуждён 9 колонии новому делу мошенничестве оскорблении суда,2022-03-22 14:26:49
nexta live,киеве сбили вражескую ракету остатки плавают днепре,2022-03-22 14:13:30
nexta live,мариуполем уничтожили российский катер раптор,2022-03-22 14:11:44
nexta live,российские вербовщики ищут людей кредитными долгами украинская разведка сообщает изза катастрофической деморализованности войск противника желающих поехать утилизацию украину становится российским,2022-03-22 13:51:43
nexta live,страны балтии планируют запретить российским кораблям заходить порты,2022-03-22 13:30:54
nexta live,министр финансов нидерландов сообщила стране заморожены российские активы 400 евро,2022-03-22 13:26:05
nexta live,российская агентура пытается разжечь вражду украинцами венграми закарпатье рассылая подобного рода смссообщения наивная попытка учесть народы украины едины,2022-03-22 13:22:51
nexta live,песков отказался комментировать потери российской армии украине заявив прерогатива исключительно министерства обороны,2022-03-22 13:05:48
nexta live,шойгу отстранил исполнения обязанностей командующего 6й общевойсковой армии генераллейтенанта владислава ершова обвинив огромных потерях личного состава сообщает журналист роман цымбалюк,2022-03-22 13:02:03
nexta live,италии заморожены активы попавших санкции российских олигархов сумму 800 евро,2022-03-22 12:53:59
nexta live,оккупанты вывесили флаг окна полуразрушенного здания сбу херсоне,2022-03-22 12:52:50
nexta live,видео освобождённого украинскими войсками макарова киевской области,2022-03-22 12:51:20
nexta live,oriflame останавливает инвестиции россию продажу продукции онлайн незарегистрированных покупателей,2022-03-22 12:39:26
nexta live,гордон обратился лично путину связи заведением россии уголовного дела,2022-03-22 12:35:02
nexta live,заявление избранного президента лидера демократических сил беларуси светланы тихановской возможном втягивании белорусской армии войну 1 александр лукашенко совершил государственную измену,2022-03-22 12:27:40
nexta live,единственная дочь владимира машкова шокирована поддерживает войну украине мария машкова мирно живёт своими детьми сша выступает путингах поддержку убийств мирных,2022-03-22 12:09:48
nexta live,российский солдат не захотел умирать бессмысленной бойне сдал танк украинцам окончании войны получит 10 долларов возможность податься гражданство,2022-03-22 11:59:36
nexta live,подонка осадой мариуполя лично руководит генералполковник михаил мизинцев ранее возглавлявший операцию сирии сообщает спикер оперативного штаба одесской ова сергей братчук,2022-03-22 11:42:47
nexta live,потеряла изза санкций 78 самолётов арестовали границей,2022-03-22 11:30:53
nexta live,главред новой газеты дмитрий муратов передаёт нобелевскую медаль аукцион пользу беженцев украины,2022-03-22 11:17:38
nexta live,замглавы мид рф рябков заявил преодолеет экономические трудности оснований тревоги,2022-03-22 11:13:08
nexta live,крупнейший мире контейнерный перевозчик maersk полностью покидает россию,2022-03-22 11:06:13
nexta live,фсбшная соцсеть не уймётся,2022-03-22 10:51:47
nexta live,екатеринбурге владелец местного бара вывесил баннер артистами выступившими войны украине итог приехали титушки сорвать upd видео баннер срывает сотрудник бара,2022-03-22 10:41:45
nexta live,абсолютный чемпион боксу джордж камбосос отреагировал решение василия ломаченко отказаться поединка ради защищать украину василий уважаю твое решение понимаю молиться,2022-03-22 10:27:16
nexta live,бензовозов горят нефтебазе структуры лукойла нижегородской области рф,2022-03-22 10:15:59
nexta live,япония не пришли консенсусу поводу курильских островов отказалась обсуждать японией мирный договор контексте судьбы курильских островов решение исторически оправданное назревшее,2022-03-22 10:06:39
nexta live,nestle unilever сообщили цена товары россии подняться 45 1 апреля,2022-03-22 10:00:57
nexta live,прогнулись vk требованию генпрокуратуры заблокировал страницу оппозиционера ильи яшина,2022-03-22 09:50:01
nexta live,российским властям настолько плевать голодную оборванную армию украине задачу снабжению оккупационных войск сгущёнкой носками поставили ростовскими школьниками,2022-03-22 09:39:46
nexta live,войны украине погибло 117 детей ранено 155 сообщили генпрокуратуре,2022-03-22 09:35:48
nexta live,ирина верещук запланированной работе гуманитарных коридоров,2022-03-22 09:33:15
nexta live,яндекс оспаривать решение блокировке яндекстакси латвии ранее балтийской стране аннулировали регистрацию,2022-03-22 09:18:59
nexta live,гсчс опубликовала фото последствий вчерашнего обстрела населённых пунктов коростеньском районе житомирской области,2022-03-22 09:14:06
nexta live,мэр борисполя призвал мирных граждан возможности покинуть облегчить работу вооружённых сил,2022-03-22 09:06:27
nexta live,праге появился стритарт сильным посылом маленькая девочка защищает европейских американских мультипликационных персонажей укрыв украинским флагом задумке автора картина должна показать,2022-03-22 08:59:39
nexta live,ночью оккупанты обстреливали градами сёла криворожском районе днепропетровской области,2022-03-22 08:45:01
nexta live,японская транснациональная корпорация nec приостановила оформление новых заказов продукцию услуги россии nec является крупнейших мировых телекоммуникационных компаний,2022-03-22 08:34:19
nexta live,пополнение извинистане командиров донецких сепаратистов александр ходаковский неосторожно высказался кадыровских тиктоквойсках заявив не приспособлены боевым задачам бородатым позёрам не понравилось,2022-03-22 08:24:53
nexta live,гостомеле оккупанты сожгли конюшню лошадьми большинство животных сгорело заживо,2022-03-22 08:05:43
nexta live,конгресс предложил запретить правительству сша вести дела компаниями оставшимися россии,2022-03-22 07:58:30
nexta live,генштаб всу сообщает изза огромных проблем обеспечением войск запасы боеприпасов продовольствия противника подходят концу информации генштаба осталось не дня войны,2022-03-22 07:50:32
nexta live,признала провал украине стала началом конца путинской россии странаагрессор не готова такому отчаянному сопротивлению сохранится рф границах войны напишите комментариях,2022-03-22 07:39:26
nexta live,ужгороде демонтировали монумент 300летию воссоединения украины россией,2022-03-22 07:34:21
nexta live,территории украины необходимо разминировать 825 тысячи км2 сообщает ассоциация сапёров украины,2022-03-22 07:25:00
nexta live,знаменитая итальянская рокгруппа måneskin отменяет российскую тура солидарности народом украины,2022-03-22 07:06:39
nexta live,компания maxar опубликовала спутниковые снимки ирпеня мариуполя чернигова состоянию 21е марта снимки городов идут порядку,2022-03-22 06:52:14
nexta live,заместитель руководителя патрульной полиции киева алексей белошицкий сообщил зафиксировано очередное использование оккупантами запрещённых фосфорных боеприпасов краматорске,2022-03-22 06:23:40
nexta live,оценке гсчс 24 февраля украине полностью разрушено 651 жилое здание частичным разрушениям подверглось 3780 домов здания известно данный момент,2022-03-22 06:12:19
nexta live,главное часу оон войны украине погибли мирных жителей числе 75 детей владимир зеленский заявил компромиссы достигнутые переговорах рф вынесены референдум,2022-03-22 02:01:16
nexta live,главное нового интервью зеленского украинскому телеканалу суспильне личной встречи путиным невозможно узнать хочет остановить войну готов путиным угодно встрече путиным,2022-03-22 01:51:01
nexta live,президент сша джо байден обсудил войну украине президентом франции макроном канцлером германии шольцом премьером италии драги премьером британии джонсоном,2022-03-22 01:38:01
nexta live,извинистанские войска добрались союзников,2022-03-22 01:23:01
nexta live,таблички таким содержанием начинают появляться дверях подъездов активистов журналистов россии выступающих войны украине,2022-03-22 01:02:07
nexta live,генштаб всу подвёл итоги 26 дня российского вторжения информации штаба украинские военнослужащие отбили течение суток 13 нападений противника различных направлениях,2022-03-22 00:51:18
nexta live,всенародная любовь требует креативных решений россии диджей путинге лужниках оказался вовсе не выдавал мужчина фотографии сотрудник президентского полка фсо россии,2022-03-22 00:24:21
nexta live,передала международный красный крест данные 500 военнопленных украинцах готовы обменять солдат российской армии оказавшихся плену сообщила уполномоченный правам человека рф,2022-03-22 00:04:47
nexta live,сми сообщают россии остановился единственный стране производитель танков уралвагонзавод основная причина нехватка комплектующих связи отсутствием поступлений комплектующих иностранного производства перестал,2022-03-21 23:42:01
nexta live,русская певица ртом чечерина срезает флаг украины захваченном энергодаре ветром голову надуло…,2022-03-21 23:24:01
nexta live,зоны боёв эвакуированы 8000 рассказала ежедневном брифинге журналистов вицепремьер украины ирина верещук 8 гуманитарных коридоров работали 7 одном случае российские,2022-03-21 23:02:01
nexta live,комсомольская опубликовала пояснение поводу статьи появившейся сайте,2022-03-21 22:44:31
nexta live,россии задержан сахарный спекулянт величие россии проследить строке…,2022-03-21 22:34:01
nexta live,путинского холопа поставили одним комментарием,2022-03-21 22:18:31
nexta live,член команды алексея навального георгий албуров сообщает путин сменил 1000 личных сотрудников изза опасений отравленным,2022-03-21 22:07:55
nexta live,роскомнадзор ограничил доступ сайту euronews,2022-03-21 21:57:56
nexta live,глава дипломатии ес жозеп боррель заявил ближайшую неделю новых санкций россии не совет европы продолжит обсуждение возможных ограничений путину дали,2022-03-21 21:40:29
nexta live,банковская группа bnp paribas приостанавливает операции рф сообщает bloomberg,2022-03-21 21:26:29
nexta live,закончится война…,2022-03-21 21:21:24
nexta live,‼на сайте комсомольской правды появилась информация результате военных действий территории украины погибло 9861 16153 человека получили ранения издание ссылается министерство,2022-03-21 21:11:01
nexta live,маргарита не воюет съездите репортаж,2022-03-21 21:06:01
nexta live,оон войны украине погибли 925 мирных жителей 1496 получили ранения среди погибших 75 детей территориях донецкой луганской областей находившихся контролем,2022-03-21 20:54:01
nexta live,творчества главы чр кадырова,2022-03-21 20:41:41
nexta live,владимир зеленский заявил окончательно компромиссы переговорах украиной россией решать всеукраинский референдум пояснял переговорным группам говорите обо изменениях историческими не денемся,2022-03-21 20:31:01
nexta live,приговор тирана подписан собственноручно самое близкое окружение путина которое годами спонсировало яхты дворцы готово руки винтовки осталось бункерному царю смотрите,2022-03-21 20:08:25
nexta live,ск рф возбудил уголовное отношении украинского журналиста дмитрия гордона трём статьям россии дмитрий гордон январе 2014,2022-03-21 19:57:01
nexta live,‼эвакуационные автобусы детьми мариуполя подверглись обстрелам дети тяжёлом состоянии сообщил глава запорожской ова александр старух,2022-03-21 19:49:55
nexta live,певица вера брежнева покинула россию настоящее занимается волонтёрской деятельностью польше бывшая участница группы виа гра опубликовала cторис склада люблине распределяется,2022-03-21 19:39:05
nexta live,российские войска продолжают заниматься киднеппингом харьковской области похитили главу села циркуны николая сикаленко сообщил глава региональной администрации олег синегубов херсонской,2022-03-21 19:13:01
nexta live,сервисов apple масштабный сбой всей россии пользователи сообщают проблемах icloud appstore другими приложениями,2022-03-21 19:03:19
nexta live,‼власти сша поставляют украину комплексы пво советского производства тайно приобретены десятков сообщает газета the wall street journal ссылкой источник администрации,2022-03-21 18:57:02
nexta live,агентство fitch дало прогноз российской экономике спойлер путинской россии плохо ввп упасть 8 инфляция достигнет 18 доллар концу стоить 135,2022-03-21 18:44:20
nexta live,спортивный арбитражный суд отказал российскому футбольному союзу переносе стыковых матчей участием сборной россии право сыграть чемпионате,2022-03-21 18:31:23
nexta live,временем верховной раде готовят закон дополнительный налог украине компаний продолжающих россией сообщил нардеп ярослав железняк желание спонсировать военную сферу агрессора,2022-03-21 18:22:01
nexta live,лицемер видом хочет показать человеческие жизни являются главной ценностью,2022-03-21 18:12:07
nexta live,президент украины владимир зеленский прокомментировал ультиматумы стороны россии,2022-03-21 18:03:51
nexta live,мид украины публикует список компаний продолжают территории россии самым поддерживают действия агрессора войне украины,2022-03-21 17:51:25
nexta live,минобороны рф публикует кадры атаки тц окраине киева словам представителя министерства тц заброшенным нём хранились боеприпасы оружие,2022-03-21 17:37:32
nexta live,дипломатическая продолжается действия мирного доброго мида мире попала япония заявили нынешних условиях не намерена продолжать переговоры мирному договору японией выходит,2022-03-21 17:27:04
nexta live,госпогранслужба украины войны страну вернулись 400 украинских граждан 7580 мужчины заявил официальный представитель ведомства андрей демченко словам цели приезда спрашивают,2022-03-21 17:18:01
nexta live,покупка рекламы instagram facebook расцениваться россии финансирование экстремизма,2022-03-21 17:09:04
nexta live,борщевой набор россии нынче не массовой панике продолжают скупать средства личной гигиены несмотря возросшие цены,2022-03-21 16:55:10
nexta live,возглавляет переговорную группу россии…,2022-03-21 16:48:25
nexta live,источник bloomberg правительство великобритании готовится временно управление британское дочернее предприятие газпрома gazprom marketing trading retail столкнувшееся трудностями изза отказа бизнеса,2022-03-21 16:38:03
nexta live,главное часу ес выделит украине дополнительно 1 миллиард евро приобретение вооружений евросоюз приступил рассмотрению заявки украины вступление ес украине пообещали,2022-03-21 16:18:23
nexta live,пикантные факты жизни скабеевой говорят сливной бачок способен самые рьяные пропагандисты стесняются обсуждать курилках собрали самые пикантные факты жизни ольги,2022-03-21 16:09:34
nexta live,международная федерация шахмат полгода дисквалифицировала россиянина сергея карякина поддержал российскую военную операцию украине,2022-03-21 15:58:36
nexta live,суд запретил россии instagram facebook экстремистскую деятельность,2022-03-21 15:51:49
nexta live,путина нашли яхту 700 бумаге шехерезада никому не принадлежит тихо стоит итальянском порту путин владеет яхтой подставных лиц утверждает команда,2022-03-21 15:50:28
nexta live,премьерминистр украины шмыгаль государство выплатит каждому переселенцу 2 000 гривен ежемесячной помощи 3 000 гривен выплачены каждого ребёнка изза войны,2022-03-21 15:43:42
nexta live,роскосмос заказов британская компания oneweb заключила соглашение американской spacex запуск спутников запуск состояться,2022-03-21 15:32:43
nexta live,делает путин зло американские добровольцы рассказывают приехали украину спасли украинские солдаты подорвалась мине выздоровления собираются строй,2022-03-21 15:27:27
nexta live,российский истребительбомбардировщик зашёл воздушное пространство польши произошло заявления руководства польши возможном направлении польских миротворцев украину обеспечения безопасности мирных жителей провоцирует,2022-03-21 15:16:20
nexta live,ввяжется беларусь войну путин настаивает лукашенко опасается не жаль белорусские жизни садист армия развернуться диктатора подробности нашем новом видео,2022-03-21 15:04:29
nexta live,харькове погиб 96летний узник фашистских концлагерей борис романченко пережил бухенвальд пенемюнде дорамиттельбау бергенбельзен убит российской ракетой квартире операции денацификации,2022-03-21 14:58:42
nexta live,сбу волынской области задержан белорусский шпион собирал информацию размещении передвижении техники всу мобилизации регионе,2022-03-21 14:51:26
nexta live,дмитрий мазепин продал контрольный пакет акций ооо базовая химическая компания уралхим 52 не является контролирующим лицом уралкалия говорится сообщении сайте,2022-03-21 14:39:11
nexta live,очередной раунд онлайнпереговоров украины россии длился полтора часа завершения рабочие группы член украинской делегации давид арахамия,2022-03-21 14:28:50
nexta live,кодовые слова зубр аист украине пообещали амнистию российским военным добровольно сдадутся плен плену украине находится 500 1000 российских солдат,2022-03-21 14:26:35
nexta live,анналена бербок ес выделит украине дополнительно 1 миллиард евро приобретение вооружений правительство фрг позаботится немецкие производители оружия быстро исполнили заказы,2022-03-21 14:03:48
nexta live,российские оккупанты открыли огонь жителям херсона вышли митинг раненые,2022-03-21 13:58:25
nexta live,житомирскую область впервые российского вторжения обстреляли градов человека погибли сообщил председатель житомирской ова оккупанты атаковали село селец,2022-03-21 13:52:09
nexta live,евросоюз приступил рассмотрению заявки украины вступление ес сообщил еврокомиссар вопросам присоединения политике добрососедства оливер вархейи начали подготовкой мнения основе заявки,2022-03-21 13:46:08
nexta live,сотрудников leroy merlin погиб обстрела российскими войсками тц киеве магазин находившийся торговом центре уничтожен обстрелом пожаром французская компания не ушла,2022-03-21 13:32:05
nexta live,газпром не забронировал мощности трубопровода ямалевропа транзита газа апреле,2022-03-21 13:28:18
nexta live,войны ликвидировано не шести российских генералов среди чьи былые заслуги явно намекают смерть могла отнюдь не случайной вовсе не героической,2022-03-21 13:04:52
nexta live,суд отклонил иск идрака мирзализаде оспаривал запрет въезд россию 14,2022-03-21 12:58:30
nexta live,cоветник главы офиса президента украины алексей арестович ситуации данный момент,2022-03-21 12:55:35
nexta live,правительство польши предлагает обложить налогом компании работающие рф заявил пресссекретарь польского правительства пётр мюллер международные корпорации крупные компании не могли,2022-03-21 12:45:06
nexta live,украинцы уничтожили стоявший школьном дворе российский зенитный ракетный комплекс бук,2022-03-21 12:18:24
nexta live,оккупанты воруют вывозят рф машины бытовую технику продукты генштаб всу,2022-03-21 12:16:29
nexta live,случае запрета meta граждане не привлекаться ответственности пользуются facebook instagram прокурор использование продуктов компании meta физическими юридическими лицами не признано,2022-03-21 11:58:00
nexta live,прекращения огня переговоров россии украины не песков,2022-03-21 11:53:47
nexta live,евросоюз заявляет масштабных военных преступлениях россии мариуполе такими словами жозеп боррель начал встречу глав мид ес брюсселе обсуждают новые санкции,2022-03-21 11:49:59
nexta live,кадыровцев называют не иначе тиктоквойсками войне отличились видеосъёмками зверствами мирного населения главная задача зачистка убийство бегущих поля боя русских солдат,2022-03-21 11:45:28
nexta live,комендантский киеве области начнётся 2000 продлится 700 23 марта послезавтра магазины аптеки заправки заведения завтра не городу сможет передвигаться транспорт,2022-03-21 11:39:49
nexta live,спасатели ликвидируют последствия обстрела одесской области,2022-03-21 11:36:22
nexta live,утренний ким николаеве активизировались диверсанты помогающие российской армии области идут бои украинская армия получила трофейной техники,2022-03-21 11:33:42
nexta live,харьков российский снаряд разрывается людьми стоят очереди супермаркет,2022-03-21 11:21:24
nexta live,посольство рф германии находиться площади зеленского появилась петиция переименование адреса посольства рф берлине расположено unter den linden 6365 авторы петиции,2022-03-21 11:18:01
nexta live,зеленский гражданам германии видите стремление европой стремление которое сражаемся поле боя которое можете завоевать своём обществе собственным мнением словом давлением,2022-03-21 10:53:02
nexta live,минобороны украины потерях российских войск 21 марта,2022-03-21 10:37:20
nexta live,не предупреждений несла горячий чай коридоре ударная волна спину не знаю осталась жива жители киева обстреле уничтожил торговый центр,2022-03-21 10:33:44
nexta live,многодневной паузы мосбирже открылись торги российскими гособлигациями индекс цены облигаций финансового займа снизился 94 9821 пункта обновив минимум декабря 2014,2022-03-21 10:29:27
nexta live,результате утренних обстрелов корабельной артиллерии рф одессе разрушены домов спикер одесской ова сергей братчук раненых погибших,2022-03-21 10:17:20
nexta live,кадры упавшего самолёта,2022-03-21 10:14:58
nexta live,самолёт летел куньмина гуанчжоу борту находились 133 человека,2022-03-21 10:12:47
nexta live,пассажирский boeing 737 авиакомпании china eastern упал юге китая,2022-03-21 10:08:10
nexta live,умер писатель поэт юз алешковский,2022-03-21 10:05:53
nexta live,daily mail борис джонсон планирует поездку киев издание пишет британский премьер попросил помощников изучить практичность целесообразность визита украинскую столицу переговоров,2022-03-21 09:56:45
nexta live,3 млн украинцев бежали украины европу вынужденных внутренних переселенцев изза войны покинувших города работу 1112 млн сообщил советник главы офиса,2022-03-21 09:52:00
nexta live,предварительным данным погибли результате ночного ракетного обстрела оккупантами подольского района столицы офис генерального прокурора информация уточняется,2022-03-21 09:43:59
nexta live,ирина верещук запланированной работе гуманитарных коридоров,2022-03-21 09:26:30
nexta live,одессой украинские военные подбили российский корабль,2022-03-21 09:19:22
nexta live,последствия ракетного удара тц киеве,2022-03-21 09:15:58
