риа новости,минфин сша отложил запрет импорт морепродуктов рф 23 июня,2022-03-25 01:23:01
риа новости,австралия вводит санкции президента белоруссии лукашенко,2022-03-25 00:28:59
риа новости,сенсация стыках чемпионат действующие чемпионы европы итальянцы не вышли мундиаль проиграв 01 северной македонии полуфинале стыкового минитурнира итальянцы пропустят чемпионат,2022-03-25 00:15:21
риа новости,сша ес намерены активнее бороться не использовала цифровые валюты попыток уклониться санкций введенных западом изза украины говорится заявлении байдена фон,2022-03-24 23:17:48
риа новости,сша исключили санкций россии финансовые сделки необходимые работы дипмиссий третьих стран москве,2022-03-24 22:48:46
риа новости,сша разрешили американским сми проводить финансовые операции крыму днр лнр,2022-03-24 22:42:39
риа новости,29й спецоперации рф украине главное минобороны россии заявило утру российские подразделения полностью взяли контроль изюм харьковской области рф создает выхода,2022-03-24 22:39:06
риа новости,минобороны рф сообщило телефонном разговоре шойгу коллегой армении обсуждалась текущая ситуация регионе районах выполнения задач российскими миротворцами нагорном карабахе армянском,2022-03-24 22:00:09
риа новости,страны нато ходе бомбардировок югославии 1999 сбросили 10 тыс тонн взрывчатки тротиловом эквиваленте 5 превышает мощность атомной бомбы сброшенной хиросиму,2022-03-24 21:52:43
риа новости,европе начали всерьез задумываться последствиях ситуации украины собственных санкционных решений продовольственного рынка правительство греции устанавливает контроль объемами запасов ряда ключевых,2022-03-24 21:24:58
риа новости,президент польши заявил варшаве всей европе америки военном экономическом измерениях,2022-03-24 21:21:11
риа новости,турчак ходе общения жителями донбасса заявил мариуполь восстанавливать восстанавливать закончить операцию строители навалимся сделаем восстановим отвечая жительниц города пункте временного,2022-03-24 21:21:06
риа новости,14 тыс работников находятся отпуске сохранения зарплаты показатель практически не менялся марта сообщили минтруде рф,2022-03-24 21:09:24
риа новости,сша не являются хозяевами планеты однополярному миру пришел заявил дмитрий медведев зампредседателя совбеза дал большое интервью риа новости rt котором,2022-03-24 21:00:01
риа новости,венедиктов заявил риа новости сотрудники полиции знают угрозах поступают ранее сообщил неизвестные подкинули квартиры голову свиньи наклеили стикер гербом украины,2022-03-24 20:50:43
риа новости,годовщину бомбардировок 1999 столице сербии проходит массовая акция нато собравшиеся скандируют сербы русские братья навек,2022-03-24 20:39:55
риа новости,генсек нато заявил отношения рф событий украине не прежними сохранять контакты ряду тч снижению рисков,2022-03-24 20:36:06
риа новости,рф создает выхода иностранных судов украинских портов открытое море гуманитарный коридор 20 милях юговосточнее порта ильичевск сообщили наццентре управления обороной,2022-03-24 20:30:06
риа новости,российские маркетплейсы ozon wildberries яндексмаркет попросили распространить меры поддержки itотрасли рынок электронной коммерции говорится письме кабмин копия риа новости,2022-03-24 20:28:20
риа новости,эрдоган заявил саммита нато подавляющего большинства лидеров стран блока преобладает мнение методы санкций отношении россии бесполезны,2022-03-24 20:27:16
риа новости,байден утверждает путин пытается развалить нато намерением,2022-03-24 20:27:11
риа новости,шарль мишель переизбран председателем евросовета 2019,2022-03-24 20:26:16
риа новости,трамп подал иск хиллари клинтон обвинив попытке повлиять выборы 2016 путем ложных заявлений сговоре россией,2022-03-24 20:21:21
риа новости,байден назвал реальной перспективу глобального дефицита продовольствия изза событий украине санкций вводимых россии,2022-03-24 20:20:09
риа новости,москалькова заявила риа новости состоялся обмен российских гражданских моряков судна millenial spirit украинских моряков судна сапфир,2022-03-24 20:18:47
риа новости,байден следует украине пожертвовать какойто территорией урегулирования решать киеву минуту не считает украине придется отказываться части территорий ради урегулирования конфликта,2022-03-24 19:48:41
риа новости,байден высказался исключение россии g20 предложил предоставить украине возможность участия встречах двадцатки,2022-03-24 19:45:39
риа новости,байден признал последствия санкций рф лягут числе страны европы,2022-03-24 19:42:32
риа новости,москалькова подтвердила риа новости обмен украинской стороной формуле 10 10,2022-03-24 19:35:05
риа новости,трюдо заявил ближайшие дни недели канада поставит украине дополнительные летальные вооружения,2022-03-24 19:29:37
риа новости,решение саммита нато продолжить оказывать поддержку киевскому режиму подтверждает заинтересованность альянса продолжении конфликта заявил мид рф,2022-03-24 19:28:22
риа новости,парламент австрии запретил вещание rt территории страны сославшись освещение спецоперации украине,2022-03-24 19:23:39
риа новости,канада вводит санкции отношении 160 членов совфеда рф заявил премьер трюдо,2022-03-24 19:17:34
риа новости,латвии заявили не смогут покупать газ рф рубли сославшись контрактом не предусмотрена возможность платить валюте евро,2022-03-24 19:14:26
риа новости,джонсон заявил британия изучит просьбу зеленского предоставить самолеты танки логистически сложно,2022-03-24 19:12:33
риа новости,компания nord stream 2 подаст заявление банкротство швейцарии сообщили западные сми ссылкой главу фирмы варнига,2022-03-24 19:09:00
риа новости,шольц заявил страны запада продолжат поставлять украине оружие,2022-03-24 19:06:50
риа новости,авиакомпания подтвердила риа новости планы открытию рейсов сочи каир 7 апреля,2022-03-24 19:03:55
риа новости,эрдоган заявил продолжит переговоры путиным зеленским организации встречи,2022-03-24 19:02:51
риа новости,решение продаже газа недружественным странам рубли вынудит запад отказаться части антироссийских санкций считает турецкий эксперт экономике профессор огуз оян,2022-03-24 18:59:21
риа новости,g7 созывает внеочередную сессию совета продовольственной сх организации оон фао,2022-03-24 18:46:37
риа новости,премьер италии заявил перевод расчётов природный газ рубли считаться нарушением контрактов,2022-03-24 18:44:24
риа новости,авиакомпания планирует полеты каир 7 апреля самолетах ssj100 cочи соответствующий запрос направлен аэропорт каира сообщил источник риа новости,2022-03-24 18:43:12
риа новости,премьер польши предлагает направить украину гуманитарную миссию нато организации,2022-03-24 18:39:20
риа новости,слуцкий введения сша санкций гд заявил ответные меры соразмерными,2022-03-24 18:34:13
риа новости,макрон заявил оставляет выбор французским компаниям принимать решение работе рф,2022-03-24 18:33:43
риа новости,глава еврокомиссии анонсировала новое партнерство ес сша предполагающее дополнительные поставки американского спг взамен российского американские производители спг задействовали мощности экспортных,2022-03-24 18:24:04
риа новости,мид венгрии состав новой боевой группы нато республике войдут сотен военных сша италии турции хорватии черногории,2022-03-24 18:19:19
риа новости,российский постпред заявил генассамблея оон вышла пределы полномочий давая предписания вопросу поддержания международного предписания не влекут правовых последствий,2022-03-24 18:15:45
риа новости,кадыров сообщил задействованные специальной операции силовики чечни освободили здание администрации мариуполя ребята сообщают радиосвязи освободили здание администрации мариуполя водрузили флаг,2022-03-24 18:13:50
риа новости,премьер словении теме оплаты российский газ европе не платить рублях,2022-03-24 18:09:43
риа новости,фас россии выпустила предостережения связи публичными заявлениями росте цен авиабилеты подобные заявления привести повышению спроса использовано участниками рынка увеличения продаж,2022-03-24 18:07:27
риа новости,шольц решения россии продавать газ рубли заявил договорах речь идет валютах евро долларах,2022-03-24 18:02:02
риа новости,шольц встречи лидеров g7 • призываем президента россии быстрее согласовать перемирие украине обеспечить гуманитарный доступ • ощущаем влияние событий украины,2022-03-24 17:57:06
риа новости,немецкие власти направили telegram уведомление начатых делах компании грозят штрафы 55 млн евро нарушение закона противодействии разжиганию ненависти власти требуют,2022-03-24 17:46:22
риа новости,премьер бельгии считает пересмотр валюты контрактах газ россией означает пересмотреть цены,2022-03-24 17:38:51
риа новости,представитель мид китая хуа чуньин призвала сша извиниться югославию прежде рассуждать морали 24 марта 1999 нато нанесла удары бывшей югославии,2022-03-24 17:35:41
риа новости,генассамблея оон приняла антироссийскую резолюцию гуманитарной ситуации украине среди соавторов резолюции сша украина британия грузия германия литва латвия документ подготовлен,2022-03-24 17:33:26
риа новости,минвосток предлагает объединять дальневосточные гектары поселения стимулировать строительство малоэтажного жилья,2022-03-24 17:22:49
риа новости,блинкен 2630 марта посетит ближний восток числе израиль среди прочего обсуждения событий украине,2022-03-24 17:15:40
риа новости,задержанных близ мариуполя украинских военных изъяли оружие бронежилеты передает корреспондент риа новости,2022-03-24 17:14:32
риа новости,сша надеются прямую линию связи россией тесного взаимодействия вопросам связанным украиной идет американский посол,2022-03-24 17:14:07
риа новости,парламентская комиссия расследованию деятельности биолабораторий украине приоритетном порядке рассмотрит причастность фонда хантера байдена фонда сороса сообщил володин,2022-03-24 17:05:44
риа новости,верховная рада ввела уголовную ответственность распространение информации перемещении украинских войск предусмотрено 12 тюрьмы,2022-03-24 16:51:44
риа новости,карты выпущенные втб совкомбанком почта банком банком открытие промсвязьбанком добавить apple pay данных не поступало объяснили риа новости клиентской поддержке,2022-03-24 16:43:04
риа новости,минобороны китая сша должны объяснить миру каковы цели военнобиологических проектов открытой информации,2022-03-24 16:41:34
риа новости,вицепремьер украины утверждает состоялся обмен пленными россией формуле 10 10,2022-03-24 16:36:56
риа новости,кадыров опубликовал видео чеченский боец едет рулем мариуполю шутку предлагает переименовать ахмат,2022-03-24 16:24:32
риа новости,полный список новых санкций сша большую составляют депутаты госдумы российские вертолетостроительные оборонные предприятия,2022-03-24 16:19:09
риа новости,диверсионная группа 7 украинских военных обезврежена мариуполя передает корреспондент риа новости,2022-03-24 16:16:45
риа новости,мосбиржа завтра откроет торги российскими евробондами корпоративными облигациями акциями индекса imoex режиме переговорных сделок,2022-03-24 16:12:04
риа новости,объявила 1 сотрудника посольства черногории персона нон грата ответ высылку российского дипломата,2022-03-24 15:45:41
риа новости,генсек нато сообщил союзники усилили собственную защиту потенциальных химических биологических ядерных угроз изза ситуации украине,2022-03-24 15:40:19
риа новости,столтенберг подал отставку поста главы цб норвегии не вступив должность,2022-03-24 15:38:54
риа новости,блумберг утверждает сша готовятся биологическим ядерным инцидентам россией детали риа новости сша,2022-03-24 15:37:09
риа новости,х5 group заявила риа новости ходе проверки уфас сахару нарушений выявлено не выяснять детали,2022-03-24 15:30:56
риа новости,мчс выплачивать единовременно 10 тыс рублей пенсионерам бюджетникам освобожденных территориях украины,2022-03-24 15:29:19
риа новости,минфин сша заявил действующие санкции распространяются любые операции золотом связаны банком россии,2022-03-24 15:28:01
риа новости,сша ввели санкции государственной думы целом,2022-03-24 15:19:10
риа новости,сша ввели санкции десятков российских оборонных предприятий грефа 328 депутатов госдумы,2022-03-24 15:17:58
риа новости,лидеры нато договорились усилить поддержку украины числе защите химических ядерных киберугроз,2022-03-24 15:15:44
риа новости,лидеры нато договорились усилить восточное крыло альянса разместив 4 боевые группы румынии болгарии венгрии словакии,2022-03-24 15:15:00
риа новости,столтенберг сообщил останется посту генсека нато изза ситуации украине полномочия истекали 30 сентября назначен главой цб норвегии,2022-03-24 15:14:30
риа новости,правительственная комиссия одобрила законопроект новых правилах работы агрегаторов такси россии среди требований устройства контроля усталостью водителя машинах запретят таксистом гражданам,2022-03-24 15:12:46
риа новости,фас проверок рынке сахара возбудила антимонопольное пятерочки магнита воронежской области компании синхронно не поставляли сахар магазины поддерживая ажиотажный спрос несмотря,2022-03-24 14:52:48
риа новости,уралкалий сообщил блокировке французским банкомпосредником средств предназначенных выплаты синдицированным предэкспортным кредитам,2022-03-24 14:44:10
риа новости,швейцария сообщила заморозит не конфисковывать активы попавших санкции россиян,2022-03-24 14:42:33
риа новости,встретили рубежом решение путина поставлять российский газ рубли не доллары евро ес не исключили тема обсуждена сегоднязавтра саммите евросоюза украина,2022-03-24 14:40:52
риа новости,слайды брифингу начальника российских войск рхбз кириллова американских биолабораториях украине,2022-03-24 14:38:41
риа новости,минобороны россии сообщило американских испытаниях ранее не апробированных лекарств украинских солдатах добавило территории сша подобные работы запрещены проводятся пентагоном рубежом,2022-03-24 14:34:36
риа новости,минобороны россии сообщило сша союзники вывезли украины не 16 тыс биопроб например проекте up8 львове харькове одессе киеве 4 тыс,2022-03-24 14:29:47
риа новости,минобороны россии сообщило причастности инвестфонда rosemont seneca которым руководит хантер байден финансированию биолабораторий украине прослеживается тесная связь фонда основными подрядчиками,2022-03-24 14:22:16
риа новости,минздрав дефицита инсулина россии препаратов терапии щитовидной железы достаточно,2022-03-24 14:17:49
риа новости,платежная система сообщила риа новости видит снижение загрузок новых карт apple pay обратилась apple узнать причины ранее появились сообщения apple,2022-03-24 14:16:21
риа новости,шойгу провёл совещание выполнению гособоронзаказа условиях санкционного давления западных стран итогам выработаны конкретные предложения доклада руководству страны сообщает минобороны,2022-03-24 14:12:57
риа новости,российский рынок акций закрыл торгов месячной паузы ростом 437 лидеры роста падения,2022-03-24 14:11:44
риа новости,мединский предложил воспевать школах флаг россии сша школьники ежедневно читают молитву славу америки протокол заседания межведомственной комиссии историческому просвещению озвучили,2022-03-24 14:08:22
риа новости,яндекседа сообщила пользователи смогут отслеживать накопленные сервисом данные удалять,2022-03-24 13:57:11
риа новости,северсталь сообщила риа новости просрочила выплату купона евробондам изза заморозки платежа американским citibank,2022-03-24 13:55:55
риа новости,коллективный запад совершил ошибки совершать предался предрассудкам которым предаваться песков риа новости просьбу прокомментировать слова джонсона пересечении президентом россии красной,2022-03-24 13:39:49
риа новости,министр обороны совещании путина,2022-03-24 13:36:17
риа новости,командующий восточным военным округом чайко вручил награды отличившимся военнослужащим награждение прошло передовой 30 км киева командующий прибыл постановки задач уточнения,2022-03-24 13:33:07
риа новости,новые видеокадры мариуполя беспилотника риа новости городом задымление очагов открытого огня улицам изредка ходят,2022-03-24 13:28:01
риа новости,южных регионах украины находящихся контролем российских военных начали пользоваться рублями отказываясь гривен сообщил риа новости вицепремьер крыма мурадов,2022-03-24 13:26:38
риа новости,минобороны сообщает российские военные организовали комендантскую службу обеспечивают безопасность движения воинских колонн киевской области блокпостах проверяют наличие оружия боеприпасов не,2022-03-24 13:11:33
риа новости,шойгу доложил путину членам совбеза ходе спецоперации украине гумпомощи восстановлении инфраструктуры освобождённых территориях сообщил песков совещании обсудили текущую макроэкономическую ситуацию,2022-03-24 13:08:58
риа новости,полный список новых британских санкций,2022-03-24 13:08:36
риа новости,глава польской pgnig заявил не видит возможности рассчитываться российский газ рублях,2022-03-24 13:08:01
риа новости,российский посол сербии возлагает венки памятнику погибшим бомбардировках нато 1999 милице ракич другим детям москве несут цветы сербскому посольству,2022-03-24 12:58:50
риа новости,зеленский призвал нато передать украине сотый танк самолет альянса,2022-03-24 12:41:25
риа новости,экономике польши наступили трудные времена введения антироссийских санкций заявил премьер цены сильно растут означает кошельки поляков граждан европы худеют,2022-03-24 12:24:54
риа новости,иран работают объединением систем передачи финансовых сообщений обход swift сообщил иранский посол москве,2022-03-24 12:23:36
риа новости,минсельхоз россии упростил порядок получения разрешений импорт белого сахара,2022-03-24 12:20:57
риа новости,болгария отзовет посла москве консультаций заявил болгарский премьер,2022-03-24 12:19:41
риа новости,мишустин молодые предприниматели 25 открытия дела смогут грант 100 500 тыс рублей бизнес ведется арктической зоне 1 млн,2022-03-24 12:19:05
риа новости,тренер рубина леонид слуцкий условно дисквалифицирован конца чемпионата россии футболу критику адрес судьи виталия мешкова,2022-03-24 12:17:45
риа новости,шойгу забот не лучшее медийной активности песков просьбу прокомментировать утверждения ряда изданий исчезновении министра информационного пространства призвал не слушать источник,2022-03-24 12:17:28
риа новости,абрамович принимал участие начальном этапе организации переговоров рф украины работают переговорные группы подтвердил песков,2022-03-24 12:05:39
риа новости,кинопродюсер роднянский сообщил кинотавра не,2022-03-24 12:03:40
риа новости,песков не расценят покупатели газа рф нарушение контракта переход рубли давайте дождемся сформулируют позицию,2022-03-24 12:00:56
риа новости,песков не ожидает какойто реакции путина уход чубайса уволился уволился не регулярным сотрудником работал общественных началах,2022-03-24 12:00:36
риа новости,материалы обнаружении националистических книг освобожденных территориях донбасса передадут генпрокуратуру днр экспертизы сообщил риа новости советник главы правительства республики,2022-03-24 11:47:10
риа новости,росрыболовство не рассматривает введение госрегулирования цен рыбу сообщили риа новости ведомстве,2022-03-24 11:41:28
риа новости,автоваз готовит специальные версии автомобилей lada импортных комплектующих сообщили компании,2022-03-24 11:40:05
риа новости,детские книги радикалах правого сектора движение запрещено рф найдены освобожденном поселке днр,2022-03-24 11:28:24
риа новости,польша заблокировала банковские счета российского посольства предлогом финансирования терроризма заявил посол рф,2022-03-24 11:24:08
риа новости,британия ввела санкции совкомфлота,2022-03-24 11:18:40
риа новости,британия ввела санкции государственного военнопромышленного комитета белоруссии минского завода колесных тягачей,2022-03-24 11:15:52
риа новости,британия ввела санкции ржд алроса русгидро рвк,2022-03-24 11:13:03
риа новости,британия ввела санкции газпромбанка россельхозбанка альфабанка,2022-03-24 11:11:08
риа новости,британия ввела санкции грефа хасиса тинькова,2022-03-24 11:09:34
риа новости,казахстан ждет снижения экспорта нефти изза технических проблем ктк не критическим глава минэнерго,2022-03-24 11:05:39
риа новости,южная корея запустила баллистических крылатых ракет сторону японского моря ответ пуск ракеты кндр,2022-03-24 11:01:21
риа новости,норвежское tv2 ссылкой источники сообщает столтенберг останется посту генсека нато,2022-03-24 11:00:36
риа новости,белгородский губернатор публикует фото журавлевки результате вчерашнего чп разрушен 1 12 повреждены окна заборы гдето кровля посечены 8 машин,2022-03-24 10:54:16
риа новости,глава комиссии совфеда защите суверенитета климов сообщил конца весны планируется принять законодательных решений иноагентам,2022-03-24 10:51:59
риа новости,генпрокурор белоруссии направил верховный суд заявление признании неформальной организации nexta террористической,2022-03-24 10:47:48
риа новости,минобороны россии показало замедленной съемке уничтожение украинского комплекса пво помощью управляемого артиллерийского снаряда краснополь,2022-03-24 10:44:53
риа новости,youtube восстановил доступ каналам советское телевидение гостелерадиофонд советское радио гостелерадиофонд,2022-03-24 10:42:05
риа новости,плановые профилактические работы пройдут газопроводе китай сибири 29 марта 4 апреля транспортировка газа приостановлена,2022-03-24 10:41:52
риа новости,акции аэрофлота итогам первых 15 часов торгов лидерах падения теряя 10,2022-03-24 10:39:33
риа новости,союз журналистов россии намерен обратиться генпрокуратуру роскомнадзор просьбой принять меры отношении google youtube изза цензуры,2022-03-24 10:38:42
риа новости,профильная комиссия совфеда 29 марта рассмотрит вопросы обеспечения суверенитета включая деятельность пятой колонны заявил глава климов,2022-03-24 10:15:45
риа новости,глава мид украины заявил киев ведет переговоры гарантиям безопасности сша британией германией францией турцией,2022-03-24 10:14:59
риа новости,немецкий минэк германия не состоянии немедленно ввести эмбарго уголь нефть газ россии,2022-03-24 10:10:40
риа новости,китайский автоконцерн geely оценивает перспективы репутационные риски продолжения деятельности российском рынке пишет ft ссылкой заявление,2022-03-24 10:09:13
риа новости,выявленные сутки заражения регионам,2022-03-24 10:03:18
риа новости,федеральная сводка госпитализированы сутки 4 540 зараженных 25 387 скончались 418 выздоровели 66 476,2022-03-24 10:00:56
риа новости,приложение сбербанка инвестиций перестало утром возобновления торгов фондовом рынке московской биржи,2022-03-24 09:56:42
риа новости,латвия запретила 25 российским деятелям культуры въезд страну неопределенный срок сообщает латвийский мид среди дмитрий губерниев владимир машков артем жога,2022-03-24 09:54:27
риа новости,московская биржа переводит торги сильно растущим префам сбербанка акциям норникеля татнефти новатэка фосагро режим дискретного аукциона,2022-03-24 09:49:32
риа новости,столтенберг отказался комментировать сообщения изза ситуации украины полномочия посту генсека нато полномочия истекают 30 сентября предлагается продлить,2022-03-24 09:36:53
риа новости,минобороны японии выпущенная предположительно кндр ракета находилась воздухе 71 минуту преодолела 1100 км достигла высоты свыше 6 тыс км,2022-03-24 09:33:20
риа новости,лидеры роста первых месяц торгах мосбирже,2022-03-24 09:26:30
риа новости,доллар 96 рублей,2022-03-24 09:24:16
риа новости,бастрыкин потребовал срочный доклад расследовании взрывов приграничном селе белгородской области снаряда запущенного стороны украины,2022-03-24 09:23:00
риа новости,минобороны японии полагает кндр могла произвести пуск межконтинентальной баллистической ракеты,2022-03-24 09:22:43
риа новости,утренний брифинг минобороны россии,2022-03-24 09:22:07
риа новости,мид польши не исключаем высылки российского посла решение не принято,2022-03-24 09:21:09
риа новости,минобороны россии сообщает российские военные эксперты вскрыли новые факты доказывающие непосредственную причастность минобороны сша разработке компонентов биологического оружия украине обещает,2022-03-24 09:18:25
риа новости,минобороны россии утру российские подразделения полностью взяли контроль изюм харьковской области,2022-03-24 09:15:27
риа новости,российский рынок акций перешел бурному росту прибавляет 10,2022-03-24 09:14:34
риа новости,доллар открытии торгов падает 97 рублей,2022-03-24 09:12:44
риа новости,глава мид китая прибыл афганистан аэропорту кабула встречает назначенный талибами санкциями оон террористическую деятельность глава мид афганистана,2022-03-24 09:12:01
риа новости,российский рынок акций открывает первые месячного перерыва торги ростом короткие продажи запрещены,2022-03-24 09:04:23
риа новости,переходят блогеры instagram владеющая meta запрещена россии экстремистская tiktok youtube показало исследование brand analytics подробности риа новости экономика санкции,2022-03-24 09:01:56
риа новости,30 марта снимает ограничения перемещение сухопутную границу казахстаном монголией,2022-03-24 09:00:53
риа новости,банк россии опроверг риа новости сообщения взломе информационных систем изданий писали anonymous заявила взломе базы данных цб 35 тыс секретных,2022-03-24 09:00:38
риа новости,new york times ссылкой источники утверждает сформировал команду должностных лиц разработали сценарии ответных действий вашингтона союзников применит ядерное оружие детали,2022-03-24 08:51:21
риа новости,матвиенко не исключила проведения встречи путина зеленским предварительной выработке договорённостей россии украины,2022-03-24 08:39:13
риа новости,енотыполоскуны енотовидная собака проснулись московском зоопарке публикует видео,2022-03-24 08:36:06
риа новости,комиссия демонополизации правительстве казахстана рассмотрит возврат государственную собственность необоснованно приватизированных объектов,2022-03-24 08:33:31
риа новости,выпущенная предположительно кндр ракета упала внутри исключительной экономической зоны японии близ вод префектуры аомори сообщает береговая охрана,2022-03-24 08:30:35
риа новости,вылетов российской фронтовой авиации поражение украинских военных объектов небе появился знак z следует кадров минобороны рф ведомстве отметили реальное природное,2022-03-24 08:25:19
риа новости,южнокорейские военные заявили кндр могла запустить сторону японского моря ракету дальности,2022-03-24 08:20:52
риа новости,представительство лнр сцкк 17 февраля 24 марта республике изза обстрелов погибли 12 мирных жителей 15 ранены украинские войска выпустили лнр,2022-03-24 08:14:08
риа новости,свыше 402 беженцев донбасса среди 84 детей пересекли границу россией сообщили риа новости экстренных службах,2022-03-24 08:05:46
риа новости,минобороны рф опубликовало кадры уничтожения военной техники складов вооружением украинской армии бомбардировщиками су34,2022-03-24 08:04:31
риа новости,корреспондент риа новости передает волновахи нашел тайник документами среди найденного сертификат прохождении украинским военным курсов подготовки британскими инструкторами судя датам,2022-03-24 08:02:01
риа новости,российские военные доставили гуманитарную помощь жителям пригорода чернигова украине захотел уехать эвакуировали,2022-03-24 07:50:28
риа новости,российские военнослужащие ходе разминирования сельхозугодий херсонской области обезвредили 12 взрывоопасных предметов сообщили минобороны рф словам саперов затрудняется минные поля делались,2022-03-24 07:49:02
риа новости,береговая охрана японии сообщила возможном ракетном пуске кндр суда призывают соблюдать осторожность,2022-03-24 07:46:32
риа новости,кндр выпустила неопознанный снаряд сторону японского моря пишут сми ссылкой военных южной кореи,2022-03-24 07:44:24
риа новости,народная милиция лнр вывозит людей находящегося обстрелами украинских войск города рубежное,2022-03-24 07:24:35
риа новости,мосбиржа проведет торги 33 акциям входящим индекс imoex первые торги акциями 28 февраля пройдут 950 1400 короткие продажи запрещены торговый,2022-03-24 07:05:09
риа новости,британские инструкторы обучали украинских военных применению оружия 2018 задолго поставок украине противотанковых гранатометов nlaw свидетельствует документ найденный риа новости тайнике,2022-03-24 07:02:01
риа новости,режим временного ограничения полетов аэропорты юга центральной части рф продлен 1 апреля росавиация,2022-03-24 07:00:28
риа новости,освобождённая волноваха высоты птичьего полёта рассказывали жители города украинские войска националисты волновахе отступлении намеренно разрушали жилые дома медучреждения гражданские объекты,2022-03-24 07:00:28
риа новости,пострадавших среди эвакуированных горняков шахты осинниковская остается завалами сообщили распадской угольной компании риа новости,2022-03-24 06:31:47
риа новости,россиянам столкнувшимся агрессивным поведением украинцев интернете не стоит опускаться уровня советует куратор народного движения киберфронт z алексей,2022-03-24 06:30:15
риа новости,коронавирус 24 марта данные университета хопкинса скончались 6 104 273 человека выявлено 475 736 346 заражений 1 сша 974 827,2022-03-24 06:19:49
риа новости,новые взрывы зафиксированы ночью приграничном селе журавлевка белгородом не пострадал заявил губернатор гладков,2022-03-24 06:06:54
риа новости,жилой волновахе украинские военные вели огонь британских гранатометов дворе дома корреспондент риа новости нашел сертификат подготовке лондоном украинцев воевавших донбассе,2022-03-24 06:02:01
риа новости,горные работы шахте осинниковская произошло чп приостановлены ведется разбор завала поиск пострадавшего сообщает прокуратура кузбасса,2022-03-24 05:54:50
риа новости,шахте осинниковская находились 119 горняков 118 эвакуировано связи одним человеком заявили риа новости еддс,2022-03-24 05:52:33
риа новости,кибервойна стороны украины связи проведением россией спецоперации усиливается считает куратор народного движения киберфронт z алексей,2022-03-24 05:30:50
риа новости,чп шахте осинниковская кемеровской области поверхность вышли 73 315 поднимаются заявил риа новости представитель экстренных служб,2022-03-24 05:24:53
риа новости,выброс угля газа обрушением породы произошел шахте осинниковская кузбассе предварительно завалами находится заявил риа новости представитель экстренных служб,2022-03-24 05:22:56
риа новости,разрушенный ходе боев район волновахе риа новости удалось обнаружить документы подготовке британцами украинских военных воевавших донбассе подготовке украинских военных воюющих,2022-03-24 05:02:01
риа новости,франция успешно испытала модернизированную версию ядерной ракеты заряда сообщило минобороны ракету средней дальности воздухземля запустили самолета rafale взлетел авиабазы югозападе,2022-03-24 04:55:00
риа новости,washington post пишет фбр пытается завербовать говорящих порусски людей рекламу соцсетях смартфонах находится внутри российского посольства вашингтоне подробнее риа новости,2022-03-24 04:47:21
риа новости,спрос платежные карты марте вырос втрое сравнении мартом2021 выяснил росбанк исследование риа новости россияне оформляют цифровую 445 общего объема марте,2022-03-24 04:36:10
риа новости,washington post ссылкой официального представителя пентагона джона кирби утверждает представители военного руководства россии месяц якобы отказывали своим американским коллегам контактах,2022-03-24 04:16:45
риа новости,обвиняя россию военных преступлениях украине сша стремятся демонизировать чужих глазах разжечь русофобию заявил посол вашингтоне антонов подобные заявления госдепа словам,2022-03-24 04:02:15
риа новости,ситуация офисной бумагой наладится наладятся поставки нужных реагентов производства хлората натрия либо найдены альтернативные отбеливатели заявила риа новости старший директор,2022-03-24 04:00:12
риа новости,создатель формата изображений gif стивен уилхайт умер возрасте 74,2022-03-24 02:55:34
риа новости,вкс россии получили 2 новейших истребителя су57 сообщил риа новости информированный источник самолета словам перелетели комсомольскогонаамуре авиационного завода летные центры,2022-03-24 02:35:25
риа новости,украинские официальные лица участвуют распространении фейков заявил риа новости куратор народного движения киберфронт z алексей,2022-03-24 02:31:01
риа новости,стелсомикрон практически регионах россии резкого подъема заболеваемости коронавирусом не ожидается заявил риа новости эксперт роспотребнадзора камиль хафизов,2022-03-24 02:17:01
риа новости,корреспондент риа новости нашел волновахе тайник документами сертификат прохождении украинским военным борисом казаряном курсов подготовки младших сержантов участием британских инструкторов,2022-03-24 02:04:01
риа новости,британские спутники связи oneweb остались байконуре иностранные специалисты опечатали помещение покинули космодром сообщил риа новости источник байконуре отказалась запускать oneweb,2022-03-24 02:03:01
риа новости,беженка мариуполя любовь устинова призвала земляков следовать примеру не бояться ехать россию помогут,2022-03-24 01:07:01
риа новости,госдеп подтвердил сша получили россии список объявленных персонами нонграта американских дипломатов,2022-03-24 00:35:30
риа новости,власти британии выделят 41 млн фунтов всемирную службу бибиси пропаганды россии украине,2022-03-24 00:33:21
риа новости,даунингстрит сообщил британия поставит украине 6 тыс противотанковых ракет осколочнофугасных систем 25 млн фунтов военные нужды,2022-03-24 00:31:14
риа новости,изза непринятия резолюции россии сб оон киев продолжит использовать население живой щит размещать вооружение гражданских объектов заявил небензя,2022-03-23 23:58:25
риа новости,сб оон не принял гуманитарную резолюцию россии призывом прекращению огня украине достигнутому путем переговоров передает корреспондент риа новости члены совбеза,2022-03-23 23:20:55
риа новости,временное управление дочкой газпрома gazprom marketing trading retail обойтись правительству британии примерно 53 млрд пишет блумберг,2022-03-23 23:09:15
риа новости,жительница мариуполя любовь устинова рассказала неонацисты азова гордились зверски убивают жителей города,2022-03-23 22:44:16
риа новости,180 жителей расположенных границы украиной российских сел журавлевка нехотеевка эвакуировали белгород выстрела украинской стороны сообщил мэр антон иванов,2022-03-23 22:38:24
риа новости,пентагон заявил сша не видят признаков белоруссия готовится присоединиться спецоперации россии украине,2022-03-23 22:12:09
риа новости,благодаря освобождению лнр многие семьи ранее разделенные линией разграничения впервые смогли друга пенсионеры полковниковы села болотинное рассказали дочке внучке луганска,2022-03-23 22:05:09
риа новости,агентство рейтер утверждает французская компания renault решила приостановить операции рф,2022-03-23 22:01:46
риа новости,хьюстон проблемы немецкий астронавт мкс запутался страховке выходе открытый космос внепланетный квест разрешился благополучно помощью вращательных движений,2022-03-23 21:45:42
риа новости,28й спецоперации рф украине главное российская армия продвинулась 2 км ведет бой окраинах новомихайловки авиация поразила 86 военных объектов украины,2022-03-23 21:42:12
риа новости,агентство блумберг сообщило компания renault рассматривает возможность сокращения операций рф французского автопроизводителя оказывается давление требованием прекратить ведение бизнеса стране говорится,2022-03-23 21:39:11
риа новости,совет улемов духовного управления мусульман россии перенес 3 месяца обсуждение фетвы богословского заключения многоженстве сообщил риа новости зампредседателя совета документ,2022-03-23 21:30:18
риа новости,корреспондент риа новости рассказал ситуации волновахе начинает постепенно оживать улиц убирают подбитую технику боеприпасы,2022-03-23 21:15:29
риа новости,мчс днр расчищает улицы волновахи неразорвавшихся боеприпасов,2022-03-23 21:06:40
риа новости,редакция издания the insider признанного рф смииноагентом заявила киеве выполнении задания погибла журналистка,2022-03-23 20:59:52
риа новости,роскомнадзор сообщил ограничил доступ сервису newsgoogle связи доступом фейкам спецоперации украине,2022-03-23 20:46:50
риа новости,минцифры сообщило работает предоставлением возможности пользователям rutube верифицировать аккаунт госуслуги,2022-03-23 20:40:14
риа новости,посольству сша рф тяжело продолжать работу далее накладывать ограничения численность американских дипломатов заявил госдеп сша настаивают паритете рф вопросе численности,2022-03-23 20:35:20
риа новости,бывшая госсекретарь сша мадлен олбрайт скончалась возрасте 84,2022-03-23 20:33:35
риа новости,результате точечной гуманитарной операции мариуполя удалось эвакуировать 26 иностранных граждан вьетнама иордании сообщили наццентре управления обороной рф мариуполя удалось эвакуировать,2022-03-23 20:30:59
риа новости,свидетельства очевидцев говорят развязанном официальным киевом терроре граждан сообщили наццентре управления обороной рф боевики нацбатальонов сумах обстреляли противотанкового гранатомета санитарный,2022-03-23 20:30:01
риа новости,цб рф опроверг сообщения набиуллина якобы хотела уйти отставку,2022-03-23 20:29:46
риа новости,мэр мариуполя покинул сообщили сми,2022-03-23 20:28:41
риа новости,группа adeo которую входит сеть leroy merlin заявила ответ призыв зеленского уйти россии продолжит работу передают западные сми,2022-03-23 20:15:12
риа новости,молдовагаз 1 мая сможет расплачиваться российский газ рублях проблем возникнуть не сообщил глава компании,2022-03-23 20:13:03
риа новости,власти фрг обсудят европейскими партнерами компаниями решение москвы оплате поставок газа рублях сообщили риа новости минэкономики,2022-03-23 20:11:25
риа новости,решение россии оплате газа рублях не угрожает действующему контракту болгарией заявил глава болгарского минэнерго,2022-03-23 20:10:07
риа новости,заявил сша не планируют вступать переговоры россии украины,2022-03-23 20:08:52
риа новости,постпредство рф вене уведомило магатэ 4 работника росатома насильственно удерживаются украинской стороной площадке ровенской аэс сообщило магатэ,2022-03-23 20:07:05
риа новости,ассоциация газовой промышленности фрг zukunft gas заявила не оценить какое конкретное влияние окажет торговлю газом решение рф продавать газ рубли,2022-03-23 20:05:18
риа новости,газета wall street journal ссылкой источники утверждает зеленский советовал байдену временно не вводить ограничительные меры абрамовича поскольку помочь переговорах,2022-03-23 20:01:07
риа новости,американской стороне жестко заявлено любые враждебные действия рф получат ответ заявил мид рф,2022-03-23 19:59:40
риа новости,мид рф сообщил дипломату сша вручена нота списком выдворяемых сотрудников ответ высылку вашингтоном российских дипломатов,2022-03-23 19:58:58
риа новости,дома расположенного границей украины белгородского села журавлевка пострадали взрыва снаряда восстановлены кратчайшие сроки сообщил губернатор,2022-03-23 19:57:38
риа новости,московская биржа 24 марта возобновит расчет индекса мосбиржи долларового эквивалента индекса ртс,2022-03-23 19:56:51
риа новости,власти польши заморозили счета российского посольства нарушение венской конвенции заявил посол рф варшаве,2022-03-23 19:56:28
риа новости,заявил сша четверг объявят пакет санкций рф затронут политиков олигархов различные структуры,2022-03-23 19:51:30
риа новости,пресссекретарь президента рф дмитрий песков заявил риа новости не известно якобы глава цб эльвира набиуллина хотела подать отставку президент попросил,2022-03-23 19:50:21
риа новости,роскосмос отныне заключать международные контракты рублях сообщил рогозин,2022-03-23 19:38:33
риа новости,суд москве частично снял арест имущества эксминистра открытого правительства абызова заявил риа новости адвокат,2022-03-23 19:26:00
риа новости,фармкомпания sanofi заявила прекращает новые расходы поставкам не связанные жизненно необходимыми лекарствами вакцинами россию белоруссию,2022-03-23 19:19:20
риа новости,инфляция рф годовом выражении ускорилась 1453 18 марта 1254 неделей ранее говорится материалах минэкономразвития среди социально значимых продовольственных товаров 18,2022-03-23 19:09:31
риа новости,невзоров рф завели уголовное статье распространении фейков действиях вс рф находится израиле плановая поездка заявила,2022-03-23 19:08:23
риа новости,пользователи telegram россии ряда европейских стран сообщают масштабных сбоях работе свидетельствуют данные downdetector,2022-03-23 19:00:03
риа новости,основатель wikileaks ассанж двоих детей стелла морис поженились британской тюрьме белмарш церемонии морис счастлива грустно,2022-03-23 18:58:13
риа новости,вечерний брифинг минобороны рф операции украине,2022-03-23 18:56:25
риа новости,авиация поразила 86 военных объектов украины тч 6 командных пунктов 2 рсзо 8 орудий 3 склада боеприпасов 49 районов скопления,2022-03-23 18:49:30
риа новости,российскими средствами пво уничтожены 9 украинских беспилотных летательных аппаратов районах изюма киева сум харькова чернигова сообщили минобороны рф,2022-03-23 18:49:06
риа новости,бастрыкин поручил расследовать обстоятельства попадания украинского снаряда территорию белгородской области установить виновных,2022-03-23 18:44:06
риа новости,глава мид швеции заявила поставит украине 5 тыс единиц противотанкового оружия,2022-03-23 18:43:46
риа новости,сообщения дефиците лекарств медизделий медорганизациях москвы не соответствуют действительности сказали риа новости департаменте здравоохранения,2022-03-23 18:38:40
риа новости,советник экономике премьера италии считает следует продолжать оплачивать российский газ евро решений кабмине не принималось,2022-03-23 18:35:16
риа новости,украинские фейки спецоперации рф настолько абсурдны стали мемами заявил риа новости куратор народного движения киберфронт z алексей,2022-03-23 18:31:35
риа новости,моники опровергли сообщения нехватке медицинских средств медучреждение полном объеме обеспечено расходными материалами сформирован необходимый запас сказали риа новости институте,2022-03-23 18:17:39
риа новости,партию молдавских вин 2 млн евро заблокировали одесском порту товара конфискована сообщили сми директор виноделен заявил товара конфискована нужды украинских,2022-03-23 18:14:40
риа новости,прокуроры московской области вынесли 87 предостережений недопущении роста цен создания искусственного дефицита товаров пояснил риа новости источник правоохранительных органах предостережения,2022-03-23 18:10:11
риа новости,трудности финансовым обеспечением российских посольств рубежом фоне санкций диалог вопросам идет властями соответствующих стран заявил замглавы мид рф иванов,2022-03-23 18:07:03
риа новости,сахар вновь возглавил рост цен продукты прошлой неделе прибавив 138 сообщил росстат пятерку подорожавших товаров вошли поваренная соль 404 черный,2022-03-23 18:04:58
риа новости,курс доллара итогам среды упал 581 руб 9774 руб евро 649 руб 10801 руб свидетельствуют данные московской биржи,2022-03-23 18:03:57
риа новости,отечественные легковые автомобили подорожали рф 18 марта 207 иномарки импортированные российской сборки 237 следует данных росстата годовом выражении 18 марта,2022-03-23 18:01:34
риа новости,источник ес не исключил лидеры саммите евросоюза обсудить требование рф расчетам российский газ рублях,2022-03-23 17:58:27
риа новости,совет федерации одобрил закон обязывающей кандидатов выборах декларировать расходы покупку криптовалюты,2022-03-23 17:52:41
риа новости,австрийская omv продолжит платить российский газ евро договорной базы заявил глава компании,2022-03-23 17:50:45
риа новости,западные лизингодатели запросили возврат 500 самолетов российских авиакомпаний выкуп стоить 20 млрд сообщил министр транспорта рф,2022-03-23 17:48:35
риа новости,ответные санкционные списки отношении запада прорабатываются сообщил мид рф,2022-03-23 17:47:16
риа новости,путин поговорил телефону премьером израиля президент рф дал оценки переговоров хода специальной военной операции защите донбасса беннет поделился путиным оценками,2022-03-23 17:45:00
риа новости,совфед одобрил закон уголовном наказании распространение недостоверной информации публичную дискредитацию госорганов рф работающих рубежом введение штрафов миллиона рублей дискредитацию,2022-03-23 17:32:22
риа новости,ес координации сша изучает возможность ужесточения расширения санкций рф страны согласовать новые меры неделе блумберг,2022-03-23 17:27:44
риа новости,совфед отклонил поправки упк возбуждении уголовных сфере экономики заявления потерпевшей стороны,2022-03-23 17:22:38
риа новости,британская guardian утверждает израиль заблокировал продажу программы слежения мобильными телефонами pegasus украинским властям изза опасений недовольства стороны рф,2022-03-23 17:21:55
риа новости,беженцы мариуполя порой отказываются медпомощи изза боязни которую внушила украинская пропаганда рассказывает анестезиолог больницы новоазовска врачи равно стараются поддержать психологически,2022-03-23 17:17:27
риа новости,всероссийская федерация плавания объявила снятии российских спортсменов турниров международной федерации плавания конца,2022-03-23 17:11:33
риа новости,мариуполя днр эвакуированы 285 включая 70 детей сообщил штаб территориальной обороны днр,2022-03-23 17:11:12
риа новости,литовские депутаты предложили приравнять георгиевскую ленточку букву z нацистским коммунистическим символам демонстрацию грозить штраф 500 евро пишут местные издания,2022-03-23 16:55:33
риа новости,газ европе дорожает 25 выше 1400,2022-03-23 16:55:04
риа новости,белгородский губернатор заявил выстреле стороны украины селе разорвался снаряд пострадавшие оказывается помощь безопасности жителей журавлёвки нехотеевки администрация района вводит селах,2022-03-23 16:41:58
риа новости,севастополе простились замкомандующего российским черноморским флотом палием погибшим боях освобождение мариуполя,2022-03-23 16:37:51
риа новости,польши высланы 34 российских дипломатов варшава заявила не даст согласия приезд вместо новых сотрудников российский посол,2022-03-23 16:34:54
риа новости,втб сообщил начинает прием заявок льготной ипотеке новых условиях первые сделки проведет даты вступления силу постановления правительства,2022-03-23 16:30:23
риа новости,доллар 100 рублей,2022-03-23 16:17:26
риа новости,минобороны германии обороноспособность бундесвера восстановится полной мере экономили,2022-03-23 16:17:11
риа новости,путин озвучивает решения льготной ипотеке,2022-03-23 16:09:25
риа новости,роскомнадзор составил административный протокол яндекседа нарушение законов персональных данных,2022-03-23 16:08:14
риа новости,мид россии российских дипломатов польше заявленное варшавой число высылаемых сотрудников,2022-03-23 16:06:52
риа новости,рфс сезона202223 клубы рпл смогут включать заявку 13 легионеров поле смогут находиться не 8 иностранных игроков команды,2022-03-23 16:04:43
риа новости,путин согласился предложением повысить ставку льготной ипотеке 12 7 увеличить размер москвы петербурга подмосковья ленобласти 12 млн рублей остальных регионов,2022-03-23 16:04:07
риа новости,задержанный норильске сторонник иг запрещена россии признался собирался конце апреля взорвать сизо,2022-03-23 15:54:09
риа новости,чубайс уволился собственному желанию уехал россии личное заявил риа новости песков,2022-03-23 15:48:13
риа новости,хуснуллин строительство северного широтного хода железнодорожной магистрали ямале отложить не прекращать,2022-03-23 15:43:31
риа новости,хуснуллин правительство предлагает сохранить ставки сельской семейной дальневосточной ипотеке,2022-03-23 15:36:36
риа новости,вицепремьер хуснуллин совещании путина предложил поднять ставку льготной ипотеки 12,2022-03-23 15:35:52
риа новости,кремль путин поговорил шольцем обсуждении украины сфокусировались российскоукраинских переговорах путин изложил соображений контексте принципиальных позиций россии переговорах,2022-03-23 15:35:28
риа новости,нато не считает частью конфликта не собирается направлять силы украину заявил генсек,2022-03-23 15:31:38
риа новости,фсб сообщает норильске пресечена подготовка теракта объекте фсин задержан сторонник иг запрещена россии нашли самодельные бомбы,2022-03-23 15:31:13
риа новости,представители чубайса подтвердили покидает пост спецпредставителя президента устойчивому развитию риа новости спецпред климату эдельгериев,2022-03-23 15:23:36
риа новости,минобрнауки сообщило риа новости отказ участия россии болонском образовательном процессе не обсуждается,2022-03-23 15:21:37
риа новости,невеста ассанжа двоих детей стелла морис прибыла британскую тюрьму белмарш свадьбу наряды новобрачных отвечает британский модный вивьен вествуд торжество пройдет,2022-03-23 15:21:11
риа новости,сопредседателем совфеда парламентской комиссии расследованию деятельности биолабораторий украине станет вицеспикер палаты косачев,2022-03-23 15:17:19
риа новости,месте крушения boeing юге китая найден речевой самописец кабины экипажа отправлен экспертизу пекин сообщает китайское телевидение,2022-03-23 15:15:58
риа новости,британский ковентри объявил разрыве побратимских связей волгоградом установленных 1944,2022-03-23 15:14:47
риа новости,глава минпромторга основными импортерами бытовой техники россию выступают дружественные страны не заинтересованы останавливать поставки рост цен бытовую технику электронику россии,2022-03-23 15:11:40
риа новости,глава минпромторга иностранные производители средств личной гигиены товаров детей бытовой химии не намерены останавливать производство россии,2022-03-23 15:09:02
риа новости,попавший следствие журналист невзоров находится границей сообщил источник риа новости,2022-03-23 15:04:51
риа новости,международная организация труда решила приостановить сотрудничество россией,2022-03-23 14:57:06
риа новости,ск делу смерти 4 нижнем новгороде рассматривает версию согласно мужчина убил жену детей покончил,2022-03-23 14:54:36
риа новости,медведи екатеринбургского зоопарка вышли спячки международный медведя,2022-03-23 14:50:36
риа новости,цены газ европе растут 10 близки 1250,2022-03-23 14:46:51
риа новости,белоруссия 15 апреля разрешила безвизовый въезд украины гражданам иностранных государств покидают зону боевых действий,2022-03-23 14:44:42
риа новости,аксенов пообещал национализировать продовольственный рынок ялты спекулятивные цены продовольствие не снижены,2022-03-23 14:42:57
риа новости,финляндии ближайшие недели прекратиться выход газет изза дефицита печатной бумаги числе импортируемой россии пишут местные издания,2022-03-23 14:41:34
риа новости,путин объявляет переводе расчетов российский газ европой российские рубли,2022-03-23 14:39:58
риа новости,еспч перестаёт стороной европейской конвенции защите прав человека 16 сентября,2022-03-23 14:37:57
риа новости,доллар мосбирже падал 100 впервые 3 марта,2022-03-23 14:36:47
риа новости,мид белоруссии число украинских дипломатов стране сокращено 5 остальные должны уехать 72 часа,2022-03-23 14:29:11
риа новости,белоруссия решила сократить число украинских дипломатов закрыть генконсульство украины бресте,2022-03-23 14:27:08
риа новости,путин принято решение кратчайшие сроки перевести расчеты поставки газа европу рубли,2022-03-23 14:23:52
риа новости,аксенов заявил возможной национализации отелей принадлежащих украинским владельцам поддержавшим режим киеве решение примем ближайшее,2022-03-23 14:13:11
риа новости,инцидент выделением газа произошел лондонском аквацентре олимпийском парке пострадавшие сложности дыханием район оцеплен эвакуирован,2022-03-23 13:56:39
риа новости,подразделения днр ведут бой боевиками нацбатальонов пригороде мариуполя поселке азовкольцо передает корреспондент риа новости кадры боев мариуполя высоты птичьего полёта,2022-03-23 13:55:53
риа новости,nestle заявила уводит россии бренды kitkat nesquik,2022-03-23 13:46:37
риа новости,банк россии завтра возобновляются торги 33 акциями входящими индекс мосбиржи imoex торги проходить 950 1400 мск короткие продажи запрещены,2022-03-23 13:43:53
риа новости,мид польши приняли решение высылке российских дипломатов координации союзниками,2022-03-23 13:42:10
риа новости,самарские таможенники пресекли незаконный вывоз казахстан 488 тонн пшеницы 67 тонн сахара,2022-03-23 13:33:20
риа новости,вциом опрос 17 марта доля россиян поддерживающих спецоперацию украине 3 недели выросла 74 65 доля скорее не поддерживающих сократилась 17,2022-03-23 13:32:22
риа новости,запрет перевозку товаров россию россии которому призывают польша прибалтика противоречит правилам вто заявили риа новости калининградские власти,2022-03-23 13:30:54
риа новости,примет ответные решения высылку польши дипломатов принципу взаимности посол,2022-03-23 13:18:33
риа новости,южная корея сообщила 1 апреля возобновит безвизовый режим россией условием предварительной регистрации путешественников системе электронной авторизации keta,2022-03-23 13:05:29
риа новости,лавров не исключил предложившая ввести миротворцев польша хотела обосноваться западе украины не исключаю говорят миротворцах наверное имеется виду границы запад,2022-03-23 12:59:49
риа новости,российский посол покинул мид польши,2022-03-23 12:52:38
риа новости,российский посол варшаве получения ноты выдворении 45 российских дипломатов формально дипломатические отношения продолжаются,2022-03-23 12:51:09
риа новости,российский посол числе 45 российских дипломатов отъезда потребовали польские власти,2022-03-23 12:50:18
риа новости,исполком российского футбольного союза не поддержал предложение увеличении состава участников российской премьерлиги 18 команд сообщил источник риа новости,2022-03-23 12:48:26
риа новости,российские дипломаты должны покинуть польшу различные сроки максимум 5 дней сообщил посол,2022-03-23 12:45:52
риа новости,российский посол подтвердил получение мид польши ноты требованием выдворении 45 дипломатов обвинению шпионаже,2022-03-23 12:43:44
риа новости,погрузка нефти терминале ктк районе новороссийска черном море полностью остановлена,2022-03-23 12:39:14
риа новости,блумберг пишет ес одобрил соглашение украиной которое позволит предоставлять киеву засекреченную информацию числе спутниковые снимки,2022-03-23 12:32:46
риа новости,медведи вышли спячки московском зоопарке,2022-03-23 12:28:01
риа новости,член спч бабушкин предложил создать единый регионов россии реестр доставленных полицию,2022-03-23 12:26:28
риа новости,украина провели обмена удерживаемыми лицами сообщает российский мид,2022-03-23 12:01:23
риа новости,турецкие издания сообщают переговорах абрамовичем покупке футбольного клуба гёзтепе,2022-03-23 11:58:16
риа новости,российский посол прибыл мид польши,2022-03-23 11:57:09
риа новости,песков президенту не поступала информация военной прокуратуры срочники оказались украине прошло,2022-03-23 11:53:29
риа новости,новак допустил повреждение причалов ктк серьезно отразиться мировых рынках нефти,2022-03-23 11:52:47
риа новости,песков не верит генпрокуратуре украины российские военные не стреляют гражданских не наносят удары помогают,2022-03-23 11:52:03
риа новости,песков участии путина саммитах g20 атэс ситуация мировых делах драматична меняется коренным образом,2022-03-23 11:51:17
риа новости,песков идее ввода миротворцев нато украину опрометчиво опасно соприкосновение привести труднопоправимым последствиям,2022-03-23 11:51:02
риа новости,песков минобороны сочтет нужным предоставит новую информацию потерям российских вооруженных силах ходе спецоперации украине,2022-03-23 11:50:45
риа новости,зарубежные компании продолжают наполнять полки магазинов россии несмотря обещания продавать самое необходимое расширяют понятие товаров первой необходимости увеличивая ассортимент россии,2022-03-23 11:37:15
риа новости,спецоперации украине москве резко сократилось число случаев интернетмошенничества сообщили мвд,2022-03-23 11:28:59
риа новости,крушения boeing 737 юге китая не опасных погодных условий пилоты здоровы имели летный опыт сообщает китайское телевидение,2022-03-23 11:28:18
риа новости,яндекседа прокомментировала сообщения интернете появилась база данных клиентов среди данных фамилию отчество адрес телефон электронную почту пользователей общую сумму заказов,2022-03-23 11:27:53
риа новости,новак работает сохранением компаний иностранные собственники решили уйти возможность продать долю,2022-03-23 11:22:24
риа новости,сокращение посева яровых украине не вызовет продовольственного кризиса риа новости президент российского зернового союза заявлений зеленского ситуация украине вызвать голод,2022-03-23 11:21:29
риа новости,лавров заявления киева проведении референдума нацелены затянуть переговорный процесс,2022-03-23 11:14:50
риа новости,участие путина саммите g20 индонезии конце остается планах российский посол джакарте,2022-03-23 11:12:46
риа новости,лавров назвал спекуляциями предположения сурдинку российской спецоперации украине китай напасть тайвань,2022-03-23 10:56:56
риа новости,нижнем новгороде найдена убитой семья 4 родители двое детей 4 10 возбуждено уголовное,2022-03-23 10:56:18
риа новости,российский посол вызван мид польши,2022-03-23 10:51:40
риа новости,глава центрисполкома ер сообщил риа новости депутатам госдумы единой россии запрещено покидать страну разрешения главы фракции решение не распространяется остальных,2022-03-23 10:51:23
риа новости,росавиация разрешила техническому блоку авиакомпании выполнять обслуживание иностранных лайнеров российской регистрацией,2022-03-23 10:49:10
риа новости,агентство внутренней безопасности польши составило список подозреваемых шпионаже 45 российских дипломатов потребовало высылки сообщает пресссекретарь министракоординатора спецслужб,2022-03-23 10:43:12
риа новости,лавров нато направит миротворцев украину прямым столкновением вооруженных сил россии альянса,2022-03-23 10:40:25
риа новости,лавров украинская переговорах россией постоянно меняет позицию,2022-03-23 10:37:21
риа новости,цб украины попросил руководство swift отключить банк россии системы,2022-03-23 10:35:48
риа новости,отсутствие лекарств аптеках связано нездоровым ажиотажем риа новости глава росздравнадзора,2022-03-23 10:34:54
риа новости,лавров видимо сша хотят максимально держать россию состоянии боевых действий продолжать поставки оружия украину,2022-03-23 10:34:33
риа новости,росздравнадзор работает игроками фармрынка не видит никаких рисков лекарств складах достаточно прорабатываются новые варианты поставок рассказала риа новости глава ведомства,2022-03-23 10:34:01
риа новости,глава мвд чечни встретился главой лнр договорился координации усилий мариупольском киевском направлениях сообщил кадыров,2022-03-23 10:32:32
риа новости,лавров происходящее не украину желание сша доминировать мире,2022-03-23 10:30:15
риа новости,лавров потребует украины отменить законодательство направленное русскоязычных,2022-03-23 10:26:43
риа новости,выявленные сутки заражения регионам,2022-03-23 10:22:04
риа новости,госдума единогласно приняла закон признании ветеранами боевых действий участников спецоперации защите донбасса,2022-03-23 10:17:41
риа новости,цены авиабилеты россии 2022 вырастут 50 годовом выражении спрос перелеты сократится 20 говорится исследовании втб капитала,2022-03-23 10:14:50
риа новости,польский портал onet ссылкой источники пишет варшава высылает 40 российских дипломатов обвинив шпионаже среди дипломатов сотрудники посольства варшаве говорится публикации,2022-03-23 10:13:04
риа новости,минобороны россии опубликовало кадры уничтожения пусковой установки с300 украинских войск промышленной застройке северной окраине киева,2022-03-23 10:10:54
риа новости,минздрав дефицита жаропонижающих лекарств детей форме сиропа россии,2022-03-23 10:10:50
риа новости,правительство утвердило директиву переназначении костина пост президента председателя правления втб,2022-03-23 10:08:41
риа новости,минобороны опубликовало кадры корабль вмф россии нанес украинским военным объектам удар восемью ракетами калибр,2022-03-23 10:08:06
риа новости,минобороны россии публикует кадры удара береговых ракетных комплексов бастион военной инфраструктуре украинской армии,2022-03-23 10:06:31
риа новости,федеральная сводка госпитализированы сутки 5 109 зараженных 26 826 скончались 429 выздоровели 70 622,2022-03-23 10:03:45
риа новости,утренний брифинг минобороны россии российские подразделения продолжают уничтожение подразделений украинской 54й отдельной механизированной бригады ведут бой овладение новомихайловкой силы днр,2022-03-23 09:59:19
риа новости,минобороны россии вечером высокоточным оружием дальности морского базирования нанесен удар арсеналу оржеве 14 км северозападнее ровно уничтожен крупный арсенал вооружением,2022-03-23 09:51:16
риа новости,генпрокуратура россии заявила выходит международной ассоциации прокуроров,2022-03-23 09:48:40
риа новости,госдума приняла закон обязывающий кандидатов выборах раскрывать сведения покупке криптовалюты,2022-03-23 09:45:08
риа новости,американских сенаторов обеих партий работают минфином сша попытаться заблокировать золотые резервы россии приблизительно 132 млрд пишет axios ссылкой источники знакомые,2022-03-23 09:42:29
риа новости,госдума создала комиссию расследованию фактов иностранного вмешательства внутренние дела россии возглавил пискарев ер комиссия главе пискаревым действовала прошлой госдуме работала,2022-03-23 09:33:14
риа новости,годовая инфляция британии итогам февраля ускорилась 62 рекорда 30,2022-03-23 09:28:14
риа новости,мид китая идее исключить россию g20 член двадцатки не права исключать другого,2022-03-23 09:24:10
риа новости,запад вряд сможет запустить процесс исключения россии вто риа новости эксдиректор департамента торговых переговоров минэка завкафедрой торговой политики вшэ медведков,2022-03-23 09:23:06
риа новости,официальная онлайнплощадка взаимодействия компаний фрилансеров самозанятые разрешила частным исполнителям подписывать юридически значимые документы telegramбот,2022-03-23 09:14:14
риа новости,польская радиостанция утверждает работника варшавских загс обвиняют работе российскую разведку задержан,2022-03-23 09:09:38
риа новости,украинским националистам нравится стрелять машинам скорой помощи медикам заявил главврач городской больницы новоазовска александр марунченко,2022-03-23 09:01:47
риа новости,выход россии вто перечеркнул правила торговли дружественными странами объяснил риа новости эксдиректор департамента торговых переговоров минэка завкафедрой торговой политики вшэ,2022-03-23 08:57:35
риа новости,приложение netflix исчезло app store google play россии,2022-03-23 08:42:45
риа новости,японский производитель электроники sharp сообщил приостанавливает отгрузку товара россию,2022-03-23 08:30:42
риа новости,штаб обороны днр сутки результате обстрелов стороны украинских войск донецкой республики ранены 28 мирных жителей,2022-03-23 08:12:58
риа новости,мариуполя безыменное днр эвакуировали сутки 562 человека числе 110 детей сообщил штаб территориальной обороны днр,2022-03-23 08:05:38
риа новости,минобороны рф опубликовало кадры уничтожения украинского ангара вооружением вертолетами армейской авиации применением управляемых ракет,2022-03-23 08:03:29
риа новости,ежедневно больницу новоазовска поступают раненые дети мариуполя сообщил главврач,2022-03-23 08:00:39
риа новости,техники рассказали ремонтируют транспорт вс рф поврежденный ходе операции украине технику быстро починить полевых условиях,2022-03-23 07:51:35
риа новости,главврач больницы новоазовске рассказал какими ранениями поступают беженцы мариуполя корреспондент риа новости передает машинах многих удалось покинуть следы пуль осколков,2022-03-23 07:01:20
риа новости,бойцы днр умеют держать руках не оружие,2022-03-23 06:53:23
риа новости,депутат госдумы луговой заявил риа новости планирует предложить ужесточение ответственности иностранных агентов,2022-03-23 06:03:01
риа новости,флагман гражданской авиации вьетнама vietnam airlines приостанавливает полеты россию изза необходимости пересмотра процедур связанных страхованием самолетов,2022-03-23 06:02:12
риа новости,автомобильный железнодорожный транзит крыма сторону одессы восстановится недалекой перспективе заявил риа новости заместитель полпреда президента рф юфо,2022-03-23 06:00:10
риа новости,коронавирус 23 марта данные университета хопкинса скончались 6 098 277 выявлено 473 942 775 заражений 1 сша 973 213 79,2022-03-23 05:38:12
риа новости,украинские военные пытаются покинуть окруженный мариуполь растворившись потоке мирных жителей надевают женскую одежду сообщил риа новости командир батальона сил днр,2022-03-23 05:05:05
риа новости,железную дорогу крыма херсон используют поставок гуманитарной помощи стройматериалов жителям херсона сообщил риа новости заместитель полпреда президента россии юфо степанов,2022-03-23 05:00:24
риа новости,посольство россии обвинило сша преднамеренном затягивании уничтожения химоружия призвало довести процесс конца,2022-03-23 04:39:48
риа новости,беженка мариуполя рассказала пулями топила снег воды не объяснила предполагает мирных жителей обстреливали украинские военные видео публикует минобороны россии,2022-03-23 04:10:05
риа новости,депутат госдумы луговой заявил риа новости намерен предложить создать отдельный единый закон иностранных агентах,2022-03-23 04:01:23
риа новости,студенты судостроительного колледжа спасли детей провалились лед тонули озере владивостоке мэрии сообщили студентов наградят,2022-03-23 03:52:53
риа новости,взятия контроль российскими военными трассы мариуполя крым надежно связан транспортным коридором донбассом заявил риа новости заместитель полпреда президента рф юфо,2022-03-23 03:01:12
риа новости,значительная поставляемого украине оружия попадает руки бандитам нацистам террористам уголовникам заявил посол россии сша,2022-03-23 02:52:12
риа новости,газета times пишет ссылкой западного чиновника британия саммите нато намерена призвать увеличению поставок вооружений украину,2022-03-23 02:45:50
риа новости,передача турцией комплексов пво с400 украине невозможна поскольку означало отказ анкары суверенитета крайне выгодного сотрудничества россией политик эрдоган не пойдет,2022-03-23 02:20:03
риа новости,транспортные магистрали крымом херсонской областью восстановятся ближайшее заявил риа новости заместитель полпреда президента россии юфо кирилл степанов,2022-03-23 02:01:01
риа новости,сша предъявили 23летнему россиянину обвинения интернетторговле похищенными данными максимальным наказанием 20 лишения свободы сообщил минюст подозреваемый игорь дехтярчук включен список,2022-03-23 01:55:58
риа новости,дизайнер ленобласти константин куккоев подавший роспатент заявку регистрацию бренда идея беседе риа новости заявил новая компания сможет полностью удовлетворить спрос,2022-03-23 01:15:09
риа новости,wsj пишет байден ходе визита европу намерен объявить санкциях 300 депутатов госдумы координации ес g7,2022-03-23 00:57:57
риа новости,wsj деталей ссылок утверждает сша готовят санкции большинства членов госдумы изза событий украине 2 недели заявлял санкциях депутатов госдумы руководителей,2022-03-23 00:43:09
риа новости,российская операция украине отразится содержании национальной стратегии сша сфере безопасности заявил пентагон,2022-03-22 22:54:44
риа новости,украинская генпрокуратура завела дмитрия киселева ольги скабеевой обвинению призывах нарушению территориальной целостности украины,2022-03-22 22:52:09
риа новости,совфед рассмотрит закон признании участников спецоперации украине ветеранами 23 марта сообщается сайте палаты,2022-03-22 22:47:36
риа новости,британская дочка газпрома gazprom energy заявила не знает планах лондона контроль,2022-03-22 22:41:41
риа новости,рогозин показал видео стартовавшего плесецка союза знаком z,2022-03-22 22:33:52
риа новости,зеленский 24 марта выступит видеосвязи саммите нато сообщили сми ссылкой спикера,2022-03-22 21:46:34
риа новости,формальном оттоке itкадров россии настоящее сообщили риа hh ru тренд смену места выводы долгосрочности признаков уехавшие специалисты массово рассматривали увольнение,2022-03-22 21:31:09
риа новости,песков cnn специальная военная операция идет строго соответствии планами целями установленными заранее отметил изначально не считал спецоперация занять пару дней,2022-03-22 21:27:14
риа новости,27й спецоперации россии украине главное вс рф продвинулись вторник 4 километра добрались новомихайловки войска днр взяли контроль населенный пункт верхнеторецкое,2022-03-22 21:12:35
риа новости,песков сообщил украинцы сотрудничающие российскими военными украинцы сотрудничают украинцы сотрудничают нашими военными украинцы хотят избежать любых жертв песков эфире cnn,2022-03-22 20:52:25
риа новости,стартовавший плесецка союз получил знак z российской технике фото опубликовало мо рф,2022-03-22 20:46:46
риа новости,путин поговорил макроном разговор прошел инициативе французской стороны сообщил кремль лидеры обменялись мнениями ситуации украины числе ходе переговоров российскими украинскими,2022-03-22 20:43:40
риа новости,украинские войска подвергли артиллерийскому обстрелу территорию стадиона донбассарена парковую зону школы донецке сообщило представительство днр сцкк,2022-03-22 20:41:18
риа новости,песков рф использовать ядерное оружие случае реальной угрозы стране,2022-03-22 20:40:51
риа новости,московская биржа сообщила отменяет запрет коротких продаж офз,2022-03-22 20:40:22
риа новости,бастрыкин поручил возбудить уголовное отношении должностных лиц латвии принявших решение задержании известного русскоязычного блогера кирилла федорова,2022-03-22 20:34:32
риа новости,мариуполя гуманитарная ситуация приняла катастрофические масштабы удалось эвакуировать свыше 68 тыс сообщили национальном центре управления обороной рф россии сутки эвакуированы,2022-03-22 20:32:58
риа новости,песков интервью cnn российские военные не наносят удары гражданским целям целью спецоперации не является оккупация украины,2022-03-22 20:25:07
риа новости,сша ближайшие дни расскажут новых санкциях россии заявил советник президента нацбезопасности,2022-03-22 20:20:48
риа новости,заявил сша не видели признаков кнр оказывала военную помощь рф вашингтон внимательно следить,2022-03-22 20:15:52
риа новости,заявил байден ходе визита европу вынесет обсуждение роли пекина событиях украине,2022-03-22 20:09:13
риа новости,пощечина нато западу нечего кинжал вонзиться любой момент китайские сми высоко оценили первое применение российского гиперзвукового комплекса кинжал,2022-03-22 19:49:53
риа новости,псаки сообщила сдала положительный тест коронавирус не сопровождать байдена поездке европу байден сдал тест оказался отрицательным,2022-03-22 19:49:15
риа новости,шольц заявил обратном эффекте введенных ес антироссийских санкций предупредил воздействие преодолимым европейцев речь не краткосрочных делах длительном противостоянии… справедливо многих,2022-03-22 19:31:30
риа новости,каспийский трубопроводный консорциум вынужден приостановить эксплуатацию выносного причала повреждения критические сообщила компания ктк втрое снизить объем транспортировки нефти заявок ближайшую,2022-03-22 19:20:55
риа новости,французская totalenergies заявила приняла решение не заключать не продлевать контракты закупку российской нефти нефтепродуктов,2022-03-22 19:17:20
риа новости,союз стартует плесецка российским спутником связи меридиан видео минобороны,2022-03-22 19:17:05
риа новости,вашингтон не поддержит гуманитарную резолюцию рф сб оон заявил постпред сша оон,2022-03-22 19:07:59
риа новости,cnn ссылкой неназванных представителей сша нато утверждает согласно оценкам альянса белоруссия готовится вскоре присоединиться спецоперации россии украине якобы подготавливает почву,2022-03-22 18:56:02
риа новости,зампостпреда рф оон полянский не планировала удары украинским объектам опасными химикатами,2022-03-22 18:48:04
риа новости,вечерний брифинг минобороны рф спецоперации украине,2022-03-22 18:43:30
риа новости,лукашенко подписал указ новостных агрегаторах направленный пресечение распространения материалов заблокированных ресурсов,2022-03-22 18:38:37
риа новости,корреспондент риа новости побывал населённом пункте безыменное предварительным подсчетам находится 5 тыс беженцев мариуполя развернут палаточный пункт временного размещения мчс,2022-03-22 18:37:42
