rt русском,сутки россия госпитализировать накануне час выявить случай инфицирование коронавирус день ранее зафиксировать заболеть сообщить оперативный штаб сутки умереть коронавирусный инфекция,2022-03-16
rt русском,дата суд арестовать дело госизмена иван сафронов не назначить уведомить март сообщить rt онк москва общественник посетить бывший советник глава,2022-03-16
rt русском,захватить украинский техника вооружение западный страна передавать днр лнр военный республика проходить обучение освоение javelin nlaw минобороны россия rtrussian,2022-03-16
rt русском,роскомнадзор заблокировать требование генпрокуратура интернетресурс кавказский узел издание сообщить соцсеть официальный подтверждение информация кавказский узел сми признанный иностранный агент rtrussian,2022-03-16
rt русском,ск россия возбудить факт осквернение военномемориальный комплекс словакия ведомство rtrussian,2022-03-16
rt русском,военкор андрей филат filatovcorr мариуполь разбитый посёлок город бесконечный пулемётчик снайпер подразделение всу нацбат батальон азов многоэтажка город понимать запереть,2022-03-16
rt русском,взамен заблокировать instagram россия планировать создать аналог россграм новый соцсеть привычный функция дополнительный инструмент монетизация пользователь платный доступ контент функция,2022-03-16
rt русском,китай требовать сша обеспечить полный прозрачность деятельность американский биолаборатория официальный представитель мид кнр rtrussian,2022-03-16
rt русском,арестовать эксзамдиректора фсин максименко призывать выделять деньга питание заключить член онк александр хуруджи посетить бывший чиновник сизый лефортово рассказать rt,2022-03-16
rt русском,германия не позволить отказаться российский энергоресурсы привести непредвиденный последствие теплоснабжение немецкий домохозяйство считать руководитель немецкий энергетический концерн rwe маркус креббер,2022-03-16
