"украина сейчас: новости, война, россия",министр обороны фрг кристине ламбрехт заявила берлин не намерен впредь сообщать поставках оружия киеву не стали целью российской армии ус,2022-03-25 00:33:44
"украина сейчас: новости, война, россия",вдячний усім українцям і українкам кожному і кожній цей місяць боротьби і звичайно нашим збройним силам нашій нацгвардії нашим прикордонникам,2022-03-25 00:31:09
"украина сейчас: новости, война, россия",збройні сили азербайджану перейшли наступ нагірному карабаху перетнувши лінію розмежування повідомило вірменське радіо азатутюн водночас міноборони азербайджану заперечує інформацію наступ,2022-03-25 00:28:11
"украина сейчас: новости, война, россия",україна обʼєдналася заради миру і ще заради миру обʼєднує світ звернення президента володимира зеленського європейської ради народів європи,2022-03-25 00:16:16
"украина сейчас: новости, война, россия",воздушная тревога киев область,2022-03-25 00:14:52
"украина сейчас: новости, война, россия",пропагандист азарёнок согласен гебельсом,2022-03-25 00:04:56
"украина сейчас: новости, война, россия",карта воздушной тревоги украине выглядит,2022-03-25 00:00:32
"украина сейчас: новости, война, россия",воздушная тревога житомирская винницкая области,2022-03-24 23:58:55
"украина сейчас: новости, война, россия",сбили ракеты николаевской областью,2022-03-24 23:56:38
"украина сейчас: новости, война, россия",ми памятаємо степан тарабалка це офіцер нової генерації української армії який розпочав офіцерську кар ’ єру саме той коли україну,2022-03-24 23:54:37
"украина сейчас: новости, война, россия",воздушная тревога тернопольская ровненская волынская области,2022-03-24 23:49:51
"украина сейчас: новости, война, россия",офіційно повідомленням південного командування схід нанесено ракетний удар військовому обєкту наслідки уточнюються подписаться предложить новость,2022-03-24 23:38:36
"украина сейчас: новости, война, россия",україни долетіли 39 випущених ракет всього рф запустила приблизно 1200 ракет влучила ціль менше половини інші або збиті ппо або,2022-03-24 23:31:05
"украина сейчас: новости, война, россия",украинской армии 43 танка начале войны сообщают аналитики forbes подсчетам фашистского вторжения россиян украину армия орков лишилась 530 танков всу,2022-03-24 23:29:22
"украина сейчас: новости, война, россия",пленных требуется оказывают помощь,2022-03-24 23:27:22
"украина сейчас: новости, война, россия",воздушная тревога областях днепропетровская донецкая луганская харьковская николаевская кировоградская черкасская ситуацией днепре следим,2022-03-24 23:10:42
"украина сейчас: новости, война, россия",видео прилета чернобаевке эпизод 10 видео выложил виталий ким,2022-03-24 23:07:33
"украина сейчас: новости, война, россия",калина заступник командира полку азов ситуацію маріуполі станом вечір 24032022 р,2022-03-24 23:04:44
"украина сейчас: новости, война, россия",ситуацией днепре следим,2022-03-24 22:51:10
"украина сейчас: новости, война, россия",київщина відео вибуху спричиненого масштабними обстрілами,2022-03-24 22:49:46
"украина сейчас: новости, война, россия",днепре взрывы сработала воздушная тревога,2022-03-24 22:40:34
"украина сейчас: новости, война, россия",10,2022-03-24 22:40:03
"украина сейчас: новости, война, россия",результати роботи гуманітарних коридорів 24 березня,2022-03-24 22:35:05
"украина сейчас: новости, война, россия",сша виділять ще 1 мільярд доларів гуманітарної допомоги україни байден,2022-03-24 22:32:16
"украина сейчас: новости, война, россия",ініціатива uavolonter 5 днів зібрала 4 дрони українських захисників київської області 5 днів зборів українці друзі україни виконали завдання ініціативи,2022-03-24 22:30:05
"украина сейчас: новости, война, россия",генштаб всу сообщает рф хочет завершить войну украине 9 мая несмотря значительные потери военнополитическое руководство рф не отказывается продолжения войны,2022-03-24 22:23:41
"украина сейчас: новости, война, россия",генсек нато йенс столтенберг заявил полноценная россией нато маловероятна беседе корреспондентом cnn столтенберг отметил демонстрация единства стран нато снизила вероятность,2022-03-24 22:22:57
"украина сейчас: новости, война, россия",шо,2022-03-24 22:18:41
"украина сейчас: новости, война, россия",американские добровольцы украинского иностранного легиона боях киевом уничтожены 7 танков бесчисленное количество оккупантов удалось забрать танка пулемет 50 калибра ус,2022-03-24 22:06:52
"украина сейчас: новости, война, россия",окупанте україні чекає небувала лють українські матері дружини донькі взяли рук зброю стали плічопліч боронити землю своїх дітей ми переконані,2022-03-24 22:04:46
"украина сейчас: новости, война, россия",увага киян просять зачинити вікна пожежу київській області спостерігається задимлення святошинському голосіївському районах міська влада закликає киян тримати вікна зачиненими,2022-03-24 22:02:49
"украина сейчас: новости, война, россия",киевской области прогремел мощнейший взрыв точное не зазывается,2022-03-24 22:02:15
"украина сейчас: новости, война, россия",премьерминистр великобритании борис джонсон заявил четверг направит украинским военным дополнительно 6000 ракет борьбы российскими захватчиками ранее сообщил изучит просьбу владимира,2022-03-24 21:59:29
"украина сейчас: новости, война, россия",изза развязанной россией войны многие украинцы лишились работы работодатели потеряли сотрудников упорная приближает нашу победу не линии фронта тылу важна,2022-03-24 21:52:57
"украина сейчас: новости, война, россия",сердце парижа возле центра современного исскуства centre pompidou ночью появился мурал поддержку украины войне рф,2022-03-24 21:47:07
"украина сейчас: новости, война, россия",10 вынуждены покинуть дома свыше 1000 мирных граждан убиты оон войне украине,2022-03-24 21:38:36
"украина сейчас: новости, война, россия",окраины ирпеня идут тяжелые бои видео высоты птичьего полета,2022-03-24 21:35:01
"украина сейчас: новости, война, россия",литовський виробник принтованого одягу отримав замовлення футболку із нацистським символом z компанії повідомили що це суперечить їх цінностям і відправили,2022-03-24 21:34:30
"украина сейчас: новости, война, россия",запорожской области всу освободили село малиновка сообщил глава местной сельрады владимир шиш словам пяти крупных сел входящих состав громады села,2022-03-24 21:33:34
"украина сейчас: новости, война, россия",і хороше втрати ворога 24 березня сході україни,2022-03-24 21:29:56
"украина сейчас: новости, война, россия",украинские бордовые береты десантноштурмовые войска всу уничтожают врага захватывают ценные трофеи,2022-03-24 21:15:55
"украина сейчас: новости, война, россия",рф предложили обязать школьников молиться славу россии уроками,2022-03-24 21:15:03
"украина сейчас: новости, война, россия",києві загинуло вже 75 мирних громадян очільник столиці віталій кличко,2022-03-24 20:59:56
"украина сейчас: новости, война, россия",мэр харькова игорь терехов месяце стойкости месяц войны украине тяжело уверен нашей победе харьковчане,2022-03-24 20:58:32
"украина сейчас: новости, война, россия",президент україни володимир зеленський провів зустріч з головами парламентів литви латвії естонії які приїхали києва,2022-03-24 20:51:16
"украина сейчас: новости, война, россия",подводные войска рф,2022-03-24 20:48:21
"украина сейчас: новости, война, россия",мрії бути завод антонов виступив із ініціативою відновити легендарний український літак ан225 генеральний директор дп антонов сергій бичков ми пропонуємо,2022-03-24 20:32:56
"украина сейчас: новости, война, россия",хочется разбить говорящей головой чтото жесткое лживая пропаганда всей красе,2022-03-24 20:31:56
"украина сейчас: новости, война, россия",шмигаль шарль мішель переобраний посаду голови євроради заява саміту єс,2022-03-24 20:28:00
"украина сейчас: новости, война, россия",прочитали ребус оставьте,2022-03-24 20:26:48
"украина сейчас: новости, война, россия",покровитель моряков путешественников детей святой николай защищает николаев российских орков рисунок юрия журавля художника актера музыканта вокалиста группы вінта смерть,2022-03-24 20:25:59
"украина сейчас: новости, война, россия",вступил силу закон работе зарплате военное подробно рассказываем изменилось,2022-03-24 20:22:46
"украина сейчас: новости, война, россия",популярная украинская певица светлана лобода опубликовала видео посвященное месяцу войны россии украины родственники папа бабушка киевом селе родной ирпень разрушен,2022-03-24 20:21:17
"украина сейчас: новости, война, россия",оккупанты продолжают поставлять технику нужд всу,2022-03-24 20:20:32
"украина сейчас: новости, война, россия",результат работы артиллеристов полка азов уничтоженный российский бтр пехотой ярко заканчивает поход украину,2022-03-24 20:19:58
"украина сейчас: новости, война, россия",видео вчерашней зачистки ирпеня,2022-03-24 20:19:49
"украина сейчас: новости, война, россия",пишут недавнее видео киевской области,2022-03-24 20:18:34
"украина сейчас: новости, война, россия",одессамама,2022-03-24 20:16:13
"украина сейчас: новости, война, россия",зло ніколи не зупиняється саме якщо його не зупинити воно прийде кожного європейського будинку,2022-03-24 20:15:47
"украина сейчас: новости, война, россия",лукьяновка киевская область хорошие новости,2022-03-24 20:12:46
"украина сейчас: новости, война, россия",месяц стойкости поукраински мэр киева виталий кличко подводит итоги друзья месяц украина противостоит российскому агрессору месяц героически сражаются защитники месяц,2022-03-24 20:03:12
"украина сейчас: новости, война, россия",месяц герои защищают украину российских оккупантов украинские военные стоят страже нашего сна чистого неба заботятся спокойствии матерей мире нашей родной,2022-03-24 20:02:00
"украина сейчас: новости, война, россия",окупанти розбили самі з гелікоптера харківщині втрати величезні це повідомив харківської ова олег синєгубов зранку російський гелікоптер якісно відпрацював свої,2022-03-24 20:01:18
"украина сейчас: новости, война, россия",шойгу не отвечает звонки пентагона недели пентагоне заявили последние 710 дней министр обороны сша ллойд остин глава генштаба марк милли,2022-03-24 19:58:02
"украина сейчас: новости, война, россия",возможном вмешательстве нато встанет повестку дня рф применит украине химоружие байден,2022-03-24 19:56:15
"украина сейчас: новости, война, россия",украина должна решать какието территориальные уступки переговорах рф байден заявил не считает украине придется отказываться части территорий ради урегулирования конфликта,2022-03-24 19:55:55
"украина сейчас: новости, война, россия",президент сша байден штаты ответят рф применит химоружие украине заявил сша ясно дали китаю какими последствия возможной поддержки вторжения рф,2022-03-24 19:55:02
"украина сейчас: новости, война, россия",президент сша джо байден высказался исключение россии g20 предложил предоставить украине возможность участия встречах двадцатки,2022-03-24 19:54:40
"украина сейчас: новости, война, россия",премьерминистр канады джастин трюдо заявил ближайшие дни недели канада поставит украине дополнительное летальное вооружение,2022-03-24 19:38:53
"украина сейчас: новости, война, россия",воздушная тревога многих областях украины берегите давайте укрытия,2022-03-24 19:36:33
"украина сейчас: новости, война, россия",залповый пуск калибров часа района севастополя,2022-03-24 19:30:59
"украина сейчас: новости, война, россия",генштаб всу публикует оперативную сводку состоянию 1800 24 марта подавляющее большинство российских медицинских учреждений населенных пунктах территории украины ранеными военнослужащими,2022-03-24 19:29:39
"украина сейчас: новости, война, россия",рашисты начали похищать украинских детей госпогранслужба харьковщине мужчины украли 2 детей требовали отдать собранные автоматы обмен заявил 1 автомат сказали,2022-03-24 19:29:20
"украина сейчас: новости, война, россия",верховная рада проголосовала отмену таможенных сборов ндс импорта ввозится предприятиями считаться гуманитарной помощью освобождение ндс временное войны придется заплатить ус,2022-03-24 19:28:13
"украина сейчас: новости, война, россия",главред закрытой радиостанции эхо москвы алексей венедиктов заявил квартиры подкинули свиную голову наклеили стикер гербом украины антисемитской надписью judenzau ус,2022-03-24 19:27:59
"украина сейчас: новости, война, россия",вечно зсу,2022-03-24 18:54:16
"украина сейчас: новости, война, россия",зсу звільнили лукянівку київської області результаті боїв знищено близько 40 ворогів 9 бмп і 2 танки також російський танк взято,2022-03-24 18:53:32
"украина сейчас: новости, война, россия",маріуполь сьогодні місто мужньо тримають понад 3000 військових проти майже 14 тисячної навали окупантів сьогодні росіяни скрепы вели вогонь із,2022-03-24 18:48:11
"украина сейчас: новости, война, россия",большинство депутатов городского совета энергодара запорожской области сложили полномочия связи захватом города российскими войсками сообщил городской дмитрий орлов словам депутаты,2022-03-24 18:47:26
"украина сейчас: новости, война, россия",рф,2022-03-24 18:36:23
"украина сейчас: новости, война, россия",фотофакт российский танк припарковался неположенном месте,2022-03-24 18:34:54
"украина сейчас: новости, война, россия",харькове похоронили бывшего узника концлагерей погиб результате ракетного обстрела бориса романченко попала российская ракета родственникам удалось организовать похороны харьковчанина несмотря,2022-03-24 18:32:35
"украина сейчас: новости, война, россия",хлопок жесткая посадка отрицательный рост спецоперация высвобождение работников словарь эрэф,2022-03-24 18:31:23
"украина сейчас: новости, война, россия",солольвев сломался несите нового мудозвона,2022-03-24 18:30:21
"украина сейчас: новости, война, россия",важливі повідомлення із майбутнього прийшли,2022-03-24 18:29:07
"украина сейчас: новости, война, россия",ситуация киеве режиме онлайн крупном канале столицы реальный киев сирены видео боев обстрелов информация передовой подпишись доверяют tmekievreal1,2022-03-24 18:24:14
"украина сейчас: новости, война, россия",изюмом терпит позорное поражение поэтому распространяет фейки мнимых победах изюм – украинский вооруженные силы украины держат позиции направлении украинская армия,2022-03-24 18:19:30
"украина сейчас: новости, война, россия",воїни 30 окремої механізованої бригади ім князя костянтина острозького разом з побратимами 26 артилерійської бригади ім генералхорунжого романа дашкевича перетворили,2022-03-24 18:16:08
"украина сейчас: новости, война, россия",ситуація щодо російського вторгнення брифінг радника керівника офісу президента олексія арестовича,2022-03-24 18:14:15
"украина сейчас: новости, война, россия",місяць війни віроломної неспровокованої лицемірної надзвичайно жорстокої рф своїм безцеремонним вторгненням україну нелюдським веденням бойових дій проти мирних громадян обнулила,2022-03-24 18:11:10
"украина сейчас: новости, война, россия",збір пікап встановлення нього птрк корсар ця красуня ії оператори з протитанкової групи дуже потребують пікап з якого буде зроблений,2022-03-24 18:08:11
"украина сейчас: новости, война, россия",генассамблея оон приняла резолюцию обвиняющую россию гуманитарном кризисе украине призвала немедленному прекращению огня жаль оркам плевать,2022-03-24 18:02:34
"украина сейчас: новости, война, россия",сергей гайдай сообщил ситуации луганской области гибели пяти результате авиаобстрела лисичанске загорелись гаражи раненые рубежном результате обстрела загорелась кровля многоэтажного,2022-03-24 17:53:45
"украина сейчас: новости, война, россия",одна вражеская сушка приземлялась не поднимется небо,2022-03-24 17:52:18
"украина сейчас: новости, война, россия",новости преисподней ответ дочка путина франции финансировала сеть публичных домов опровергайте,2022-03-24 17:50:09
"украина сейчас: новости, война, россия",александр вилкул глава криворожской военной администрации эфире телемарафона uaразом бои идут границе днепропетровской херсонской областей противник пытается нащупать брешь обороне,2022-03-24 17:45:34
"украина сейчас: новости, война, россия",тренуємось нравчаємось перемагаємо російського окупанта немає жодного шансу усі військовослужбовці які нещодавно поповнили лави збройних сил україни територіальної оборони інших,2022-03-24 17:42:47
"украина сейчас: новости, война, россия",звільнені герої вже прямують додому 10 українських військовослужбовців 19 цивільних екіпаж рятувального судна сапфір боцман маячник острова зміїний дорозі рідних,2022-03-24 17:41:10
"украина сейчас: новости, война, россия",азов працює ще мінус ворожий бтр вулицях маріуполя,2022-03-24 17:34:19
"украина сейчас: новости, война, россия",санкции драконовские,2022-03-24 17:33:34
"украина сейчас: новости, война, россия",продовжується кампанія із забезпечення збройних сил україни трофейною технікою російської армії декілька захоплених бою бмп3 окупантів незабаром будуть знищувати своїх,2022-03-24 17:30:10
"украина сейчас: новости, война, россия",головні цитати зі звернення володимира зеленського учасників саміту групи семи злочини рф сьогодні вранці отримав інформацію що російські війська застосували,2022-03-24 17:26:24
"украина сейчас: новости, война, россия",гвоздев держать российский пропагандист удостоен награды номинации кацапский пропагандон гордость украины наводку корабли рф бердянске,2022-03-24 17:25:24
"украина сейчас: новости, война, россия",російська azur air санкції вимушено зупиняє роботу як повідомляє центр транспортних стратегій режим простою відправляють частину складу екіпажі boeing 777,2022-03-24 17:23:34
"украина сейчас: новости, война, россия",ешелон техніки окупантів рухається напрямку україни із сочі потрібен розголос,2022-03-24 17:22:27
"украина сейчас: новости, война, россия",оккупированной балаклее наблюдается увеличение присутствия живой силы техники врага суспильне источники издания сообщают военных рф увеличилось число боевиков лднр сообщается,2022-03-24 17:21:10
"украина сейчас: новости, война, россия",проте з кожною сиреною одну ракету менше,2022-03-24 17:19:27
"украина сейчас: новости, война, россия",братский негодует,2022-03-24 17:13:47
"украина сейчас: новости, война, россия",итоги экстренного саммита нато посвящённого войне украине столтенберг заявил нато не вводить войска украину не вступать прямой конфликт рф члены,2022-03-24 17:12:44
"украина сейчас: новости, война, россия",свобода повинна бути озброєною життя має перемогти смерть звернення володимира зеленського представників великої сімки,2022-03-24 17:10:06
"украина сейчас: новости, война, россия",выглядит забор виллы дочки путина находится французском городке биарриц,2022-03-24 17:06:55
"украина сейчас: новости, война, россия",приняла верховная рада поддержка украинского экспорта проект №3793 усиление экспортнокредитного агентства урегулирование вопросов пенсионном обеспечении бывших военнослужащих тч добровольцев погибших,2022-03-24 17:03:04
"украина сейчас: новости, война, россия",польше прямом эфире снесли обелиск надписью польском русском языках вечная слава героям советской армии павшим свободу народов 1945,2022-03-24 16:54:32
"украина сейчас: новости, война, россия",ось таку красунюсову врятували під пожежі сухої трави ужгородські вогнеборці дснс україни її погляд схаменіться припиніть нищити довкілля,2022-03-24 16:44:54
"украина сейчас: новости, война, россия",креатив від українських виробників сиру,2022-03-24 16:38:27
"украина сейчас: новости, война, россия",приказу президента зеленского состоялся полноценный обмен военнопленными сообщила министр реинтеграции временно оккупированных территорий ирина верещук словам обмен 10 захваченных плен,2022-03-24 16:36:40
"украина сейчас: новости, война, россия",​​ робота гур мо рятує безліч життів командир тероборони василькова завдяки співробітникам гур мо бійців тероборони є можливість отримувати інформацію,2022-03-24 16:33:12
"украина сейчас: новости, война, россия",британская разведка опубликовала новую карту боевых действий украине состоянию 24 марта 2022,2022-03-24 16:30:55
"украина сейчас: новости, война, россия",всу уничтожили черниговской области машину снабжения боекомплектом тяжелых огнеметных систем тос1а солнцепек,2022-03-24 16:28:25
"украина сейчас: новости, война, россия",3dхудожник глеб мазур представил могли выглядеть рестораны дядя ваня месте закрывшихся макдональдсов вывеска конце ролика отражает,2022-03-24 16:26:27
"украина сейчас: новости, война, россия",сериал чернобаевка снимал нетфликс,2022-03-24 16:25:47
"украина сейчас: новости, война, россия",неофициальной встрече рамках саммита нато премьер великобритании борис джонсон заявил руководителям странчленов альянса необходимо значительно увеличить летальную помощь украине возможность,2022-03-24 16:22:30
"украина сейчас: новости, война, россия",philip morris international inc приостанавливает запланированные инвестиции рф сокращает производственные операции стране говорится заявлении компании частности 1 прекращается выпуск ряда,2022-03-24 16:14:12
"украина сейчас: новости, война, россия",рада проголосовала введение уголовной ответственности фото видеосъемку перемещений всу ук дополняется статьей 1142 несанкционированное распространение информации направлении перемещении оружия вооружения,2022-03-24 16:02:06
"украина сейчас: новости, война, россия",мясорубка made in ukraine специально русского мяса,2022-03-24 16:01:14
"украина сейчас: новости, война, россия",роскомнадзор заблокировал сайт студии gsc game world создателей stalker 2 российские пользователи жалуются недоступность ресурса территории страны сайт внесли реестр,2022-03-24 15:58:51
"украина сейчас: новости, война, россия",глава дипломатии европейского союза жозеп боррель считает не заинтересована переговорах прекращении огня украине поскольку армия не достигла военных целей мнению,2022-03-24 15:58:23
"украина сейчас: новости, война, россия",вс украины опубликовала видео сбитым российским вертолетом ми35,2022-03-24 15:57:09
"украина сейчас: новости, война, россия",відео від чеченського батальйону імені шейха мансура,2022-03-24 15:56:24
"украина сейчас: новости, война, россия",борис джонсон предложил отдать украине евро2028 напомним россии заявили подавать заявку проведение чемпионата европы 2028 ответ премьерминистр великобритании борис джонсон,2022-03-24 15:55:23
"украина сейчас: новости, война, россия",глава харьковской ога олег синегубов назвал фейками сообщения взятии изюма российскими военными взятии утра сообщило министерство обороны россии,2022-03-24 15:54:48
"украина сейчас: новости, война, россия",оккупанты обстреляли пункт новой почты харькове возле местные жители получали гуманитарную помощь предварительным данным погибли 15 ранены,2022-03-24 15:54:02
"украина сейчас: новости, война, россия",сша готові прийняти 100 тисяч біженців з україни і пожертвувати 1 млрд допомогу європейським країнам які прихистили українців nyt ус,2022-03-24 15:50:37
"украина сейчас: новости, война, россия",войне костян не бухать бл нервный срыв не бухать российский военный российская армия получает статус синей армии,2022-03-24 15:50:26
"украина сейчас: новости, война, россия",байден пообещал нато наращивать объемы военной помощи украине передаст дополнительные системы вооружений включая средства пво каких конкретно средствах пво идёт,2022-03-24 15:49:03
"украина сейчас: новости, война, россия",генсек нато йенс столтенберг заявил альянс не разворачивать войска украине избежать войны россией таким образом прокомментировал предложение польши отправке миротворческой,2022-03-24 15:48:52
"украина сейчас: новости, война, россия",місяць протистояння українського народу проти наймогутнішої армії світу дні путін давав своїм військовим щоб взяти під контроль україну але він,2022-03-24 15:46:50
"украина сейчас: новости, война, россия",инфографика месяца войны путинской россии украиной,2022-03-24 15:45:51
"украина сейчас: новости, война, россия",черниговской области всу разбили колонну россиян разбегаются лесам оперативное командование север,2022-03-24 15:42:03
"украина сейчас: новости, война, россия",киеве оболонском районе снаряд попал частный начался пожар предварительной информации жертв пострадавших следим обстановкой киеве области,2022-03-24 15:40:53
"украина сейчас: новости, война, россия",израильских гостиницах дают кофе поддержку украины изображением зеленского,2022-03-24 15:25:00
"украина сейчас: новости, война, россия",палаюче серце маріуполя,2022-03-24 15:22:13
"украина сейчас: новости, война, россия",сша ввели санкции десятков российских оборонных предприятий 328 депутатов госдумы государственной думы целом,2022-03-24 15:19:19
"украина сейчас: новости, война, россия",депутатов опзж подали заявления выход состава фракции сообщает нардеп алексей гончаренко 1 валерий гнатенко 2 игорь кисилев 3 александр лукашев,2022-03-24 15:08:01
"украина сейчас: новости, война, россия",погибли 6 15 госпитализированы результате обстрела россиянами оружия дальнего действия пункта выдачи гуманитарной помощи стояли очереди глава харьковской ова синегубов,2022-03-24 15:06:57
"украина сейчас: новости, война, россия",николая сольского назначили новым министром аграрной политики нардеп гончаренко,2022-03-24 15:03:55
"украина сейчас: новости, война, россия",минус летательный аппарат российских оккупантов,2022-03-24 15:03:55
"украина сейчас: новости, война, россия",мэр города купянска харьковской области геннадий мацегора сдавший 27 февраля оккупантам появился российском провластном паблике mash сообщил 20летняя дочь дарья,2022-03-24 15:02:38
"украина сейчас: новости, война, россия",канцелярии премьерминистра великобритании бориса джонсона обнародовали детали очередной помощи украине – 25 фунтов помощи украинским военным – 1 миллион фунтов,2022-03-24 14:48:37
"украина сейчас: новости, война, россия",всу сжимают кольцо оккупантов возле гостомеля сообщает журналист андрей цаплиенко словам оккупанты покинули большую гостомеля отступают взятия кольца бойцами всу,2022-03-24 14:45:45
"украина сейчас: новости, война, россия",зеленський місяць нашого спротиву героїчного спротиву української держави українського народу безжальному вторгненню росії вже місяць нашому захисту від намагання знищити,2022-03-24 14:40:45
"украина сейчас: новости, война, россия",последние недели 20 предприятий военнопромышленного комплекса рф вынуждены полностью частично приостановить деятельность изза отсутствия комплектующих частей деталей генштаб,2022-03-24 14:35:36
"украина сейчас: новости, война, россия",появились фото мариуполя сгоревшая техника брошенные выжженные дома…,2022-03-24 14:33:27
"украина сейчас: новости, война, россия",внимательные зрители заметили шойгу чтото не смонтированном ролики россми вначале камера наводится монитор не человека,2022-03-24 14:30:34
"украина сейчас: новости, война, россия",девятерых одна бабуля отравила шестеро умерли троих откачали орки не поняли не рады,2022-03-24 14:24:47
"украина сейчас: новости, война, россия",ес пришли выводу хочет оккупировать украину не заинтересована переговорах глава дипломатии европейского союза жозеп боррель считает не заинтересована переговорах прекращении,2022-03-24 14:23:12
"украина сейчас: новости, война, россия",президент польши анджей дуда заявил хочет предложить саммите нато организацию миротворческой миссии украине даннвм politico речь миротворческой миссии составом 10,2022-03-24 14:21:36
"украина сейчас: новости, война, россия",головне зі звернення президента україни народу політиків швеції такого чорного місяця європа не знала з часів другої світової війни не,2022-03-24 14:10:36
"украина сейчас: новости, война, россия",нардепы опзж олег волошин владимир сивкович попали санкции великобритании,2022-03-24 14:07:43
"украина сейчас: новости, война, россия",харькове стоящие очереди гуманитарной помощью попали рашистский обстрел погибшие раненые,2022-03-24 14:05:12
"украина сейчас: новости, война, россия",‼важливо дезінформація ‼ маріуполі їздить російських окупантів з гучномовцем і оголошує що запоріжжя вже не приймає біженців і треба їхати,2022-03-24 14:00:29
"украина сейчас: новости, война, россия",оперативна інформація станом 1200 24032022 щодо російського вторгнення тимчасово зайнятих ворогом територіях фіксуються непоодинокі випадки вилучення вантажних автомобілів спеціальної сільськогосподарської,2022-03-24 13:54:38
"украина сейчас: новости, война, россия",франция выделит 500 тыс евро финансирования международного уголовного суда поддержки расследования преступлений совершенных украине cnn ссылкой мид франци франция предоставит,2022-03-24 13:54:13
"украина сейчас: новости, война, россия",российские войска пытаются штурмом славутич киевская область идет обстрел украинских блокпостов стороны захватчиков видео слышны обстрелы,2022-03-24 13:49:54
"украина сейчас: новости, война, россия",кадры мариуполя россми забыли дописать таким сделали российские мрази,2022-03-24 13:47:01
"украина сейчас: новости, война, россия",видео российские корабли удара всу порту бердянска уходят море видно одном пожар,2022-03-24 13:43:11
"украина сейчас: новости, война, россия",россми както настойчиво показывают министр обороны россии шойгу месте видеосвязи отчитался путину ходе проведения спецоперации украине надеемся доложил обо погибших,2022-03-24 13:41:44
"украина сейчас: новости, война, россия",зеленський швеція однією з перших прийшла допомогу підтримка абсолютно щира вона базується цінностях нашій любові свободи що символізують наші синьожовті,2022-03-24 13:37:59
"украина сейчас: новости, война, россия",ровенской области запретили посещать лес соответсвующий указ подписал глава местной военной администрации виталий коваль действовать период военного положения стране исключения,2022-03-24 13:34:55
"украина сейчас: новости, война, россия",месяц войны видео киевской военной администрации гсчс полиции главы офиса президента победим,2022-03-24 13:34:49
"украина сейчас: новости, война, россия",возможность перейти расчетах поставки газа рф российские рубли отсутствует заявил глава польской энергетической компании pgnig,2022-03-24 13:23:55
"украина сейчас: новости, война, россия",министр аграрной политики роман лещенко подал заявление отставке поступило верховную раду представитель кабмина раде тарас мельничук новым министром аграрной политики,2022-03-24 13:23:08
"украина сейчас: новости, война, россия",совещании членами совбеза обсуждалась медлительность украинской стороны переговорах говорящий рот путина песков,2022-03-24 13:20:27
"украина сейчас: новости, война, россия",актуальное железнодорожное сообщение украине месяца войны,2022-03-24 13:20:05
"украина сейчас: новости, война, россия",мінометники полку азов продовжують знищювати ворогів захисники маріуполя прицільним пострілом з міномета вивели з ладу 1 ббм 3 вантажівки окупантів,2022-03-24 13:14:25
"украина сейчас: новости, война, россия",видео мариуполя обстрелами покидают,2022-03-24 13:12:28
"украина сейчас: новости, война, россия",российские сми разгоняют фейк якобы найденные херсонских военкоматах украинские медали взятие крыма планировали вручить весной 2022 олени фио зеленского не,2022-03-24 13:09:36
"украина сейчас: новости, война, россия",хотят взяли хй возьмемникто служить не хочет российский оккупант оказавшийся николаевом жалуется телефону огромные потери признается воевать таких условиях не,2022-03-24 13:05:47
"украина сейчас: новости, война, россия",ровно месяц войны потеряла 16000 пацанов тысячи единиц военной техники 20 млрд фонда благосостояния сотни ушедших брендов обеспечивали комфортную современную,2022-03-24 13:00:47
"украина сейчас: новости, война, россия",завалами многоэтажек изюме харьковской области находиться минимум 30 заммэра города владимир мацокин словам подвале дома момент авиаатаки находилось людей этажей,2022-03-24 12:56:26
"украина сейчас: новости, война, россия",российские пропагандисты собираются снять очередной видеоролик работу станции убедить магатэ нормальности ядерного терроризма энергоатом,2022-03-24 12:48:45
"украина сейчас: новости, война, россия",обращения зеленского нато украине нужна военная помощь ограничений альянс предоставить украине 1 танков самолетов украина обращалась представителям нато боевыми самолетами,2022-03-24 12:45:52
"украина сейчас: новости, война, россия",зеленский десятки россии скопила немалые военные ресурсы танки авиация ракеты бомбы живая вкладывали безумные смерть инвестировал украина держится ценой жизней,2022-03-24 12:35:53
"украина сейчас: новости, война, россия",подоляк росіяни намагаються перевести війну частково затяжну фазу причина надто високі втрати особовому складі техніці також відсутність будьякого значущого просування,2022-03-24 12:35:09
"украина сейчас: новости, война, россия",комментариев,2022-03-24 12:31:44
"украина сейчас: новости, война, россия",литовский поставщик газа ignitis откажется закупок газпрома bns менеджер связям общественностью ignitis grupe артурас кетлерюс комментируя планы рф перевести расчеты,2022-03-24 12:31:10
"украина сейчас: новости, война, россия",глава николаевской ога виталий ким рассказал подробности боевых действий проходящий территории области российская армия оттеснена границу николаевской херсонской области пво,2022-03-24 12:29:47
"украина сейчас: новости, война, россия",зеленский не нато не мощном военном объединении не одна 30 стран зонтиком защиты фактически серой зоне россией западом защищаем общие,2022-03-24 12:26:59
"украина сейчас: новости, война, россия",нато має розуміти зараз ми сірій зоні між заходом і росією але ми світлі і ми захищаємося вже місяць місяць,2022-03-24 12:21:02
"украина сейчас: новости, война, россия",президент сша джо байден приехал саммит нато брюсселе журналистов поводу возможных ядерных химических атак россии отвечать не,2022-03-24 12:16:54
"украина сейчас: новости, война, россия",президент зеленський звертається депутатів шведського парламенту щодо війни росії проти україни дивитися наживо,2022-03-24 12:10:23
"украина сейчас: новости, война, россия",песков опроверг сообщения сми проблемах здоровьем министра обороны россии шойгу шойгу долгое не появляется публике ответил не медийной активности министра,2022-03-24 12:08:35
"украина сейчас: новости, война, россия",россияне обстреляли лисичанск раненые небе вражеская авиация первой половине дня районов лисичанска попал плотный огонь россиян сожалению пострадавшие разрушенные дома,2022-03-24 12:06:43
"украина сейчас: новости, война, россия",франция увеличивает готовность ядерных сил ответ российские угрозы the times французские атомные ракетные подводные лодки одновременно развернуты море впервые десятилетия,2022-03-24 12:03:58
"украина сейчас: новости, война, россия",кону существование россии мединский не заявляла первой применить ядерное оружие угрожать сша сценарий считают маловероятным,2022-03-24 12:03:00
"украина сейчас: новости, война, россия",здании херсонского городского совета повесили государственный флаг сообщил городской игорь колыхаев херсон украина,2022-03-24 11:54:11
"украина сейчас: новости, война, россия",ракета типа калибр выпущенная вчера россией харькову упала районе метро университет сообщили штабе обороны харьковщины значительных разрушений результате удара спикер,2022-03-24 11:44:15
"украина сейчас: новости, война, россия",русским не показывайте,2022-03-24 11:42:00
"украина сейчас: новости, война, россия",польша заблокировала банковские счета российского посольства заявил посол рф сергей андреев сделано предлогом финансирования терроризма,2022-03-24 11:39:01
"украина сейчас: новости, война, россия",україні зафіксували вже декілька випадків коли російські військові застосовували фосфорні бомби заборонені женевською конвенцією фосфорні боєприпаси це запальні снаряди заповнені,2022-03-24 11:32:12
"украина сейчас: новости, война, россия",российские оккупанты рассматривают осаду киева возможность обеспечить безбедную свидетельствуют разговоры находящихся киевской области захватчиков регулярно перехватывает сбу воин просит родных,2022-03-24 11:29:43
"украина сейчас: новости, война, россия",генеральный секретарь нато йенс столтенберг останется своём посту изза войны украине сообщает норвежская телекомпания ntv2 ежедневная газета dagens naeringsliv ссылкой,2022-03-24 11:28:01
"украина сейчас: новости, война, россия",васильковщине киевской области ликвидирован пожар производственноскладском помещении произошедший результате обстрела 205 изза обстрелов российскими оккупантами загорелся склад площади свыше 4000,2022-03-24 11:25:16
"украина сейчас: новости, война, россия",‼прямо русские оккупанты насильно вывозят тысячи жителей мариуполя россию горсовет мариуполя жителей левобережного района начинают массово вывозить территорию россии незаконную,2022-03-24 11:22:33
"украина сейчас: новости, война, россия",херсонская область минус техника рашистов,2022-03-24 11:19:52
"украина сейчас: новости, война, россия",великобритания ввела санкции учредителя тинькофф банк олега тинькова совкомфлота ржд газпромбанка россельхозбанка альфабанка великобритания ввела санкции минобороны беларуси минского тракторного,2022-03-24 11:18:37
"украина сейчас: новости, война, россия",ахтырке изпод завалов поврежденных жилых домов спасателям удалось спасти пострадавшую женщину погиб населенных пунктах ахтырщины которым враг наносил авиационные удары,2022-03-24 11:16:30
"украина сейчас: новости, война, россия",великобритания ввела санкции отношении 59 физических лиц россии известно списке глава сбербанка рф герман греф,2022-03-24 11:10:29
"украина сейчас: новости, война, россия",anonymous отчиталась атаке ашан леруа мерлен декатлон компании отказались выходить российского рынка,2022-03-24 11:09:25
"украина сейчас: новости, война, россия",15 300 детей родились украине войны данные минюста,2022-03-24 11:08:01
"украина сейчас: новости, война, россия",месяц вторжения совершила 148 преступлений журналистов украине среди 5 убийств институт массовой информации,2022-03-24 11:05:43
"украина сейчас: новости, война, россия",генпрокуратура белоруссии просит верховный суд признать nexta террористической организацией,2022-03-24 11:04:27
"украина сейчас: новости, война, россия",утром российские корабли обстреляли одессу сообщил спикер оперативного штаба одесской областной военной администрации сергей братчук словам утром сторону одессы корабли,2022-03-24 11:04:05
"украина сейчас: новости, война, россия",мэр ахтырки павел кузьменко российские военные обстреляли ракетами класса воздухземля густонаселенный микрорайон ахтырки,2022-03-24 11:03:07
"украина сейчас: новости, война, россия",украинская дизайнер киева алина пономаренко создала серию коллажей мировыми звездами поддержали украину условиях военного вторжения россии,2022-03-24 10:53:19
"украина сейчас: новости, война, россия",сша ес близки соглашению касательно снижения зависимости европы российских энергоресурсов сообщает bloomberg штаты готовы поставлять европе природный газ водород объемы,2022-03-24 10:49:55
"украина сейчас: новости, война, россия",мелитополе оккупанты заставляют учителей учебный процесс русском языке мэр иван федоров преступники россии обходят каждую школу склоняют учителей начинать 1,2022-03-24 10:47:43
"украина сейчас: новости, война, россия",неловко вышло,2022-03-24 10:46:55
"украина сейчас: новости, война, россия",youtube разблокировал российские каналы советское телевидение гостелерадиофонд советское радио,2022-03-24 10:42:28
"украина сейчас: новости, война, россия",мур,2022-03-24 10:39:19
"украина сейчас: новости, война, россия",уничтоженный бердянске корабль перевозить 20 танков 45 бтров 400 десантников огромная цель поражена нашими военными зам министра обороны маляр активисты,2022-03-24 10:32:32
"украина сейчас: новости, война, россия",ніч сумщині 2324 березня тростянецької громада гаряча точка вже котру добу тривають запеклі бої тростянець акож вночі ворожа російська армія,2022-03-24 10:29:15
"украина сейчас: новости, война, россия",момент взрыва корабля орск,2022-03-24 10:23:57
"украина сейчас: новости, война, россия",видео бердянска уничтожили корабль россии подбили,2022-03-24 10:23:18
"украина сейчас: новости, война, россия",киев ведет переговоры гарантиям безопасности сша британией германией францией турцией заявил глава мид украины дмитрий кулеба,2022-03-24 10:18:04
"украина сейчас: новости, война, россия",генпрокуратура уголовное производство факту гибели людей ракетного обстрела киева погибла журналистка российского оппозиционного издания the insider оксана баулина,2022-03-24 10:17:34
"украина сейчас: новости, война, россия",уничтоженного российского корабля орск повреждены кораблей россми частности пожар большом десантном корабле саратов спасаются бегством вдк куников новочеркасск получили повреждения,2022-03-24 10:16:23
"украина сейчас: новости, война, россия",бахмут донецкой области ночью попал обстрел сообщают местные жители соцсетях ночью городе прозвучало взрывов сильный пожар публикуют фото последствий удара,2022-03-24 10:14:50
"украина сейчас: новости, война, россия",посмотрите видео фото некогда мирного ирпень киевской области посмотрите превратили российские оккупанты идут бои,2022-03-24 10:10:23
"украина сейчас: новости, война, россия",губернатор харьковской области синегубов сообщает российские войска выпустили ракеты калибр центру харькова кораблей черноморского флота рф судя мощные взрывы харькове,2022-03-24 10:04:20
"украина сейчас: новости, война, россия",глава мид дмитрий кулеба twitter призвал страны ес не платить российский газ рублях словам недружественный шаг отношении украины какаялибо ес,2022-03-24 10:01:38
"украина сейчас: новости, война, россия",президент литвы гитанас науседа поддержал украинцев своём видеообращении храбрый украинский борьба борьба боль боль свобода свобода вашу нашу свободу слава,2022-03-24 09:59:41
"украина сейчас: новости, война, россия",хороші новини від зсу продовжуються півночі україни частково знищено частково захоплено колону забезпечення російських окупантів,2022-03-24 09:46:15
"украина сейчас: новости, война, россия",western union 24 марта прекратила переводы денег россии даты средства отправлены россии рубежом ограничений пересланные рф беларусь вернутся отправителям ус,2022-03-24 09:45:01
"украина сейчас: новости, война, россия",польский сейм признал путина военным преступником,2022-03-24 09:44:06
"украина сейчас: новости, война, россия",сергей гайдай сообщает рубежном обстрела пострадал храм блаженной матроны московской ранее северодонецке оккупанты дважды попали святорождественский кафедральный собор нанесли ущерб,2022-03-24 09:41:31
"украина сейчас: новости, война, россия",генштаб всу публикует видео очередного уничтожения танка оккупантов,2022-03-24 09:38:54
"украина сейчас: новости, война, россия",запорожская ога сообщает селе обильное мелитопольского района трое подростков обнаружили опасный предмет вероятно мина взрывоопасный боеприпас играли не сдетонировал дети,2022-03-24 09:37:44
"украина сейчас: новости, война, россия",ситуация киевской области состоянию 24 марта ночью воздушная тревога всей области сражение ирпене гостомеле постоянные артиллерийские обстрелы фастовском районе обстреляли,2022-03-24 09:29:35
"украина сейчас: новости, война, россия",москве суд оштрафовал 50 рублей активистку анну кречетову плакат фашизм не пройдет судья постановила фраза плакате дискредитирует вооруженные силы россии,2022-03-24 09:27:22
"украина сейчас: новости, война, россия",российские войска наверняка понесли тысячи потерь вторжения украину британская разведка потери рф пытается компенсировать счет привлечения иностранных наемников смогут интегрироваться,2022-03-24 09:25:27
"украина сейчас: новости, война, россия",киеве полномасштабного вторжения повреждено 87 жилых домов 10 частных усадеб 12 школ 6 детских садов кгга,2022-03-24 09:24:21
"украина сейчас: новости, война, россия",ирина верещук гуманитарных коридорах согласовано 7 гуманитарных коридоров мариуполь запорожье бердянскзапорожье 24 автобуса находятся въезд бердянск пологи запорожье мелитополь запорожье,2022-03-24 09:23:27
"украина сейчас: новости, война, россия",apple запретила использовать российские карты apple pay,2022-03-24 09:16:11
"украина сейчас: новости, война, россия",фосфорной бомбардировке не прикасайтесь руками частицам фосфора коже одежде обильно поливать смачивать водой кожу одежду капли фосфора осторожно снимите одежду,2022-03-24 09:15:15
"украина сейчас: новости, война, россия",готовит террор херсоне сми рф замышляет устроить террор херсоне похищая местных жителей переправляя российскую границу сообщает times британское издание ссылается,2022-03-24 09:11:42
"украина сейчас: новости, война, россия",чернигов обстреливали глава черниговской ова вячеслав чаус ситуации городе области состоянию 24 марта,2022-03-24 09:09:57
"украина сейчас: новости, война, россия",корабля сбуются видео бердянска,2022-03-24 09:06:43
"украина сейчас: новости, война, россия",потери оккупантов 24 марта данные генштба всу данным 1 тупые настолько слове оркск ошибку сделали,2022-03-24 09:02:18
"украина сейчас: новости, война, россия",встреча владимира путина владимиром зеленским возможна условии предварительной выработки договорённостей двумя странами заявила спикер совета федерации валентина матвиенко,2022-03-24 09:00:58
"украина сейчас: новости, война, россия",волонтеры подписали коробки медикаментами юмор строить помогает,2022-03-24 08:56:15
"украина сейчас: новости, война, россия",захопленому рф порту бердянськ знищено великий десантний корабель орск чорноморського флоту окупантів вмс зс україни,2022-03-24 08:39:38
"украина сейчас: новости, война, россия",изза вооруженной агрессии рф украине погибли 128 детей 172 ранены ювенальная прокуратура пострадало детей киевской 64 харьковской 43 донецкой 43,2022-03-24 08:34:15
"украина сейчас: новости, война, россия",15 443 столько влюбленных пар поженились украине 24 февраля 24 марта минюст данных временно оккупированных территорий мест ведутся активные боевые,2022-03-24 08:29:01
"украина сейчас: новости, война, россия",сми сообщают временно захваченном бердянске утонул российский корабль сильно дымят уничтожен склад боеприпасами топливом ждем официального подтверждения информации,2022-03-24 08:24:32
"украина сейчас: новости, война, россия",газета new york times ссылкой источники утверждает сформировал команду должностных лиц разработали сценарии ответных действий вашингтона союзников применит ядерное оружие,2022-03-24 08:22:01
"украина сейчас: новости, война, россия",северодонецк детской площадки вместо песочницы воронка прилета российского снаряда,2022-03-24 08:18:01
"украина сейчас: новости, война, россия",харьковское метро репортаже meduza живут играют дети температура метро волонтеров метро прочее,2022-03-24 08:14:00
"украина сейчас: новости, война, россия",не втрачати почуття гумору й оптимізму адже життя є життя і його хочеться прожити радості закликає кожного українця народний артист,2022-03-24 08:01:24
"украина сейчас: новости, война, россия",начинаем просыпаться киев киевская житомирская черниговская области воздушные тревоги советуем жителям регионов пройти укрытие,2022-03-24 07:55:28
"украина сейчас: новости, война, россия",кадры бердянска оккупирован российскими оккупантами,2022-03-24 07:52:24
"украина сейчас: новости, война, россия",ракетным ударам фосфорным бомбардировкам подвергли россияне луганщину ночью человека погибли гайдай сутки области поврежден полностью разрушен 31 объект 23 дома,2022-03-24 07:45:33
"украина сейчас: новости, война, россия",телеграмканалах пишут взрывах районе порта бердянска занятого российскими войсками версий горят цистерны топливом,2022-03-24 07:43:34
"украина сейчас: новости, война, россия",месяц напала украину генштаб всу показал изменилось побеждаем ps втором видео подборка журналистов радио свободы прошел месяц войны украине ус,2022-03-24 07:42:25
"украина сейчас: новости, война, россия",выглядит мариуполь спустя месяц войны пустые улицы выгоревшие многоэтажные дома поваленные электроопоры отстроится прощения не,2022-03-24 07:36:16
"украина сейчас: новости, война, россия",не покоя оркам украинской земеле днем ночью,2022-03-24 07:34:05
"украина сейчас: новости, война, россия",окружение путина выясняет отношения пропал не шойгу секретарь снбо украины алексей данилов исчезновение министра обороны россии силовиков свидетельствовать выясняют отношения,2022-03-24 07:32:55
"украина сейчас: новости, война, россия",гимн мамы чернобаевку одном видео наслаждаемся,2022-03-24 07:27:01
"украина сейчас: новости, война, россия",украинская артиллерия действии севере киевской области всу слаженными действиями уничтожили позиции оккупантов рф,2022-03-24 07:24:01
"украина сейчас: новости, война, россия",глава мид австралии марис пейн не исключила возможность высылки российских дипломатов канберры реакцию агрессию россии украины,2022-03-24 07:23:01
"украина сейчас: новости, война, россия",танец украины лондонском колизее фото elliott franks,2022-03-24 07:19:01
"украина сейчас: новости, война, россия",‼в министерстве обороны сша сообщили войны россии украины оккупанты запустили 1200 ракет сообщает abc news пентагоне отметили захватчики не использовали,2022-03-24 07:14:58
"украина сейчас: новости, война, россия",продлила режим временного ограничения полетов аэропорты юга центральной части рф 1 апреля росавиация,2022-03-24 07:11:12
"украина сейчас: новости, война, россия",сохраняет право применить ядерное оружие спровоцирует нато заместитель постпреда россии оон дмитрий полянский интервью sky news полянский сути подтвердил слова,2022-03-24 07:08:41
"украина сейчас: новости, война, россия",активисты тельавиве пометили окровавленной буквой z автомобили русских послов пострадавшие пошли полицию ответили момент расклеивания знаков камеры перестали,2022-03-24 07:07:01
"украина сейчас: новости, война, россия",reuters удаляет российское информационное агентство тасс контентного рынка причина такого решения государственное информационное агентство рф нечестно освещает войну украине ус,2022-03-24 07:03:56
"украина сейчас: новости, война, россия",200 тыс донецкой области не имеют доступа воде оон мере увеличения размаха масштабов столкновений растут опасения донецкая область отключена водоснабжения,2022-03-24 07:02:01
"украина сейчас: новости, война, россия",российской армии сбои связи не хватает критически важных запасов частности топлива воды свидетельствуют записи переговоров поля боя макарова проанализировали журналисты,2022-03-24 06:59:01
"украина сейчас: новости, война, россия",цих записах чути як збої зв ’ язку затримують термінові запити підтримку армії рф з повітря тлі зростання жертв 30,2022-03-24 06:56:01
"украина сейчас: новости, война, россия",западные лизингодатели обратились требованием российским авиакомпаниям вернуть 500 самолетов общую сумму 20 млрд министр транспорта россии виталий савельев,2022-03-24 06:51:01
"украина сейчас: новости, война, россия",леся никитюк показала выглядит маршрутка исколесила украину своим тревелшоу маршрутка такаяно скоро купим новую поедем снимать 3й сезонв отстроенный мариуполь,2022-03-24 06:46:01
"украина сейчас: новости, война, россия",франции задержали яхты связывают попавшим санкции российским миллиардером алексеем кузьмичевым сообщают le figaro liberation стоимость яхт la petite ourse la,2022-03-24 06:40:19
"украина сейчас: новости, война, россия",умер создатель формата gif разработчик стивен уилхайт сообщает nbc 74 скончался последствий ковида,2022-03-24 06:37:58
"украина сейчас: новости, война, россия",генштаб всу информация 600 24 марта группировка сил обороны продолжает вести оборонную операцию восточном юговосточном северовосточном направлениях одном противнику не,2022-03-24 06:32:57
"украина сейчас: новости, война, россия",внеочередном саммите нато обсудят возможность применения россией химоружия украине значительное количество посвящено обсуждению реакции альянса случае решит применить химическое биологическое,2022-03-24 06:31:06
"украина сейчас: новости, война, россия",месяц несокрушимости гсчс украины помогают украинцам выбираться разрушенных квартир ликвидируют пожары достают наших граждан изпод завалов рискуют жизнью ради гордимся,2022-03-24 06:20:59
"украина сейчас: новости, война, россия",всу тероборона контролируют 80 ирпеня городе диверсионных групп врага мародеров оккупанты постоянно обстреливают ирпень минометов градов городу выпустили 20 залпов,2022-03-24 06:13:45
"украина сейчас: новости, война, россия",большинство пожаров возле чернобыльской аэс ликвидировано эфире телемарафона сообщил ио министра защиты окружающей среды природных ресурсов украины руслан силец подчеркнул,2022-03-24 05:49:23
"украина сейчас: новости, война, россия",‼ днепропетровская запорожская область днепр кривой рог криворожская территориальная громада воздушная тревога,2022-03-24 05:40:02
"украина сейчас: новости, война, россия",сейм польши объявил путина военным преступником польша решительно осуждает акты длительного насилия военные преступления преступления человечества акты геноцида системные нарушения,2022-03-24 05:30:55
"украина сейчас: новости, война, россия",окрестностях мелитополя рашисты разместили военную базу возле местного военного аэродрома российские оккупанты выпускают ракеты другим городам украины,2022-03-24 05:19:56
"украина сейчас: новости, война, россия",мэр ньюйорка поднял центре города украинский флаг словам городских чиновников флаг развеваться победы украины войне верим скоро,2022-03-24 05:09:50
"украина сейчас: новости, война, россия",украинские войска успешно контратакуют киевом британская разведка мнению разведки успешные контратаки стороны украины повредят способность российских войск реорганизоваться возобновить наступление,2022-03-24 05:00:11
"украина сейчас: новости, война, россия",британский актер орландо блум детьми украинских беженцев странице instagram актер сообщил находится молдове unicef встречается семьями вынужденными покинуть украину поисках,2022-03-24 04:49:01
"украина сейчас: новости, война, россия",москве возле станции метро коломенская вышел табличкой обними войны одних объятий не пускайте детей убой не отдавайте кровавые руки кремля,2022-03-24 04:28:48
"украина сейчас: новости, война, россия",ровно месяц… 24 февраля 2022 многие запомнят навсегда телефонный звонок напала украину войска рф вошли нашу территорию не стороны границы,2022-03-24 04:00:20
"украина сейчас: новости, война, россия",вилла дочери путина екатерины тихоновой биаррице франция выглядит дизайне здания появился стиль,2022-03-24 03:49:50
"украина сейчас: новости, война, россия",сша конгрессмены обратились генпрокурору требованием расследования убийства граждан сша украине речь идет журналисте бренте рено погиб ирпене волонтере джимми хилл,2022-03-24 03:34:37
"украина сейчас: новости, война, россия",латвия внесла черный список 25 российских деятелей культуры пропаганду войны список частности вошли режиссер никита михалков дирижер валерий гергиев актер,2022-03-24 03:26:00
"украина сейчас: новости, война, россия",южном направлении ситуация стабильно напряженная вернуть контроль направлением всу необходимо освободить херсон заявил секретарь парламентского комитета вопросам национальной безопасности обороны,2022-03-24 03:08:51
"украина сейчас: новости, война, россия",великобритания намерена встречах лидеров нато g7 24 марта объявить новом крупном пакете военной поддержки украины пакет поддержки включать 6000 ракет,2022-03-24 02:50:30
"украина сейчас: новости, война, россия",украинская армия смогла сдвинуть линию фронта востоку киева 2535 километров сообщает cnn ссылкой источник пентагоне прочь нашей земли орки ус,2022-03-24 02:31:59
"украина сейчас: новости, война, россия",районе села макаров киевской области противотанковые мобильные расчеты подразделений десантноштурмовых войск успешно уничтожили единиц бронетехники противника держать,2022-03-24 02:19:59
"украина сейчас: новости, война, россия",херсоне слышны взрывы,2022-03-24 02:18:48
"украина сейчас: новости, война, россия",депутаты парламента литвы предложили приравнять георгиевскую ленту букву z нацистским коммунистическим символам,2022-03-24 02:07:59
"украина сейчас: новости, война, россия",anonymous взломали центральный банк россии согласно сообщению ближайшие 48 часов группа опубликует 35 000 файлов банка числе секретными договорами хакеры,2022-03-24 01:52:12
"украина сейчас: новости, война, россия",украине назревает экологическая катастрофа изза убитых российских солдат информации ио директора управления здравоохранения сумской области анатолия котляра не позаботилась вывозе,2022-03-24 01:47:14
"украина сейчас: новости, война, россия",сша официально признали действия российской армии украине военным преступлением говорится заявлении государственного секретаря сша энтони блинкена опубликованном сайте госдепа объявить,2022-03-24 01:34:56
"украина сейчас: новости, война, россия",совбез оон отклонил внесенный россией проект резолюции гуманитарной ситуации украине причиной отклонения стало проекте резолюции не упоминается роли россии единственной,2022-03-24 01:21:27
"украина сейчас: новости, война, россия",подразделения запорожской тро проведении зачистки поселка взяли плен 2 военных 503 мотострелкового полка северокавказского военного округа россии оккупанты дагестанцы происхождению,2022-03-24 01:07:01
"украина сейчас: новости, война, россия",харьков не помню спать постели сыплются крылатые ракеты моем бесконечном сопротивлении когданибудь напишут книгу текст читает сергей бабкин сантиметр украинской,2022-03-24 00:58:59
"украина сейчас: новости, война, россия",высылает американских дипломатов объявляет персонами нон грата мид рф отметили любые враждебные действия сша россии получат решительный адекватный ответ адекватный,2022-03-24 00:51:18
"украина сейчас: новости, война, россия",23 марта 2022 зенитные ракетные войска воздушных сил вооруженных сил украины уничтожили 11 воздушных целей российских оккупантов 7 самолетов 1,2022-03-24 00:43:20
"украина сейчас: новости, война, россия",оперативная информация генштаба состоянию 2400 23 марта враг не выполнил задачу выхода административные границы донецкой луганской областей окружение города киева,2022-03-24 00:36:39
"украина сейчас: новости, война, россия",тезисно выступления зеленского оккупантов достает живую силу технику авиабомбы ракеты ищет наемников миру любых подонков способных стрелять мирных людей сегодняшнего,2022-03-24 00:34:45
"украина сейчас: новости, война, россия",ми всі повинні зупинити росію світ повинен зупинити війну вдячний кожному хто діє підтримку україни підтримку свободи але війна триває,2022-03-24 00:10:05
"украина сейчас: новости, война, россия",житель петербурга раскрасил гаубицы музея артиллерии цвета украинского флага арестовали осквернение,2022-03-23 23:53:11
"украина сейчас: новости, война, россия",зоне отчуждения возле чернобыльской аэс бушуют лесные пожары украина сообщила магатэ данный момент оккупанты не пропускают пожарные машины данные территории,2022-03-23 23:45:41
"украина сейчас: новости, война, россия",українські військові збивали безпілотники іванофранківськом це повідомив міський роман марцинків крім мер міста закликав не фотографувати техніку не повідомляти соцмережах,2022-03-23 23:43:30
"украина сейчас: новости, война, россия",советник главы опу алексей арестович интервью киевской области находится 12 российских оккупантов 3 тысячи окружены 4 тысячи отсечены находятся неприятном,2022-03-23 23:34:57
"украина сейчас: новости, война, россия",3 млн рублей смерть 18 летних детей 25000 смерть детей получают рабы количество погибших рабов зайдите вконтакте вкладка новости поиске,2022-03-23 23:33:00
"украина сейчас: новости, война, россия",зранку окупанти обстріляли столичний район нивки ракети системи град потрощили будинки новому житловому комплексі побили старі пятиповерхівки влучили приватний сектор,2022-03-23 23:23:54
"украина сейчас: новости, война, россия",нато усилит помощь украине происходит украине ужасно больно видим человеческие страдания разрушения масштабах не видели европе времен мировой войны хотел,2022-03-23 23:13:27
"украина сейчас: новости, война, россия",тесть гиркина стрелкова ликвидирован украинским снайпером,2022-03-23 23:12:22
"украина сейчас: новости, война, россия",британський актор олівер фелпс що зіграв джорджа візлі фільмах гаррі поттера придбав футболку руки геть від україни закликав своїх підписників,2022-03-23 23:09:51
"украина сейчас: новости, война, россия",оновлені дані від мера харкова ігоря терехова місті зруйновано вже 1143 будівлі 998 з житлові будинки,2022-03-23 23:01:02
"украина сейчас: новости, война, россия",cnn джо байден прибыл брюссель серию встреч посвященных войне украине президентский борт приземлился аэропорту 2103 местному 7 часов полета вылетом,2022-03-23 22:57:22
"украина сейчас: новости, война, россия",мобилизации украине призывают воевать проходят службу срочники украинцев становится защиту страны российских оккупантов всеобщая мобилизация идет полным ходом,2022-03-23 22:52:25
"украина сейчас: новости, война, россия",хозяйстве пригодится,2022-03-23 22:50:20
"украина сейчас: новости, война, россия",львівські десантники знищили диверсантів які використовували цивільний транспорт це повідомляє командування десантноштурмових військ зсу,2022-03-23 22:41:11
"украина сейчас: новости, война, россия",мариуполь,2022-03-23 22:35:51
"украина сейчас: новости, война, россия",россии запустили туры узбекистан оформления карт visa mastercard рубежом,2022-03-23 22:27:38
"украина сейчас: новости, война, россия",пентагоне заявили сша не видят признаков беларусь готовится присоединиться ко вторжению россии украину самоубийство отменяется,2022-03-23 22:26:21
"украина сейчас: новости, война, россия",сєвєродонецьк наслідки російського обстрілу,2022-03-23 22:24:01
"украина сейчас: новости, война, россия",президент сша джо байден вылетает европу экстренную встречу стран нато семерки ключевых вопросов повестки дня обоих форумов помощь украине войне,2022-03-23 22:14:11
"украина сейчас: новости, война, россия",renault приостанавливает операции рф сообщает reuters,2022-03-23 22:13:22
"украина сейчас: новости, война, россия",парень приготовился параду оркестр,2022-03-23 22:11:41
"украина сейчас: новости, война, россия",войны рф украины страну вынуждены покинуть 3 626 546 данные опубликованы управлением верховного комиссара оон делам беженцев украинцев приняли следующие,2022-03-23 22:05:51
"украина сейчас: новости, война, россия",получилось,2022-03-23 22:05:19
"украина сейчас: новости, война, россия",статистка,2022-03-23 22:04:19
"украина сейчас: новости, война, россия",находимся зоне боевых действий крайне опасно мэр владислав атрошенко показал сделали оккупанты прекрасным черниговом,2022-03-23 22:01:51
"украина сейчас: новости, война, россия",ирина верещук гуманитарных коридорах 9 коридоров сработало 7 эвакуировано 4 554 человека – мариуполь запорожье 2 912 эвакуировались собственных автомобилях,2022-03-23 22:00:28
"украина сейчас: новости, война, россия",типичная ситуация любого вечера украине красным цветом отмечены области воздушной тревогой минуту… берегите,2022-03-23 21:59:59
"украина сейчас: новости, война, россия",оккупанты обстреляли блокпост славутиче киевской области сообщил мэр города юрий фомичев своем обращении словам данный момент славутич заблокирован выехать невозможно,2022-03-23 21:58:36
"украина сейчас: новости, война, россия",россияне потеряли войне украиной 40 солдат нато представитель нато заявил брифинге потери российской армии украине убитыми составлять 7 15 общие,2022-03-23 21:57:06
"украина сейчас: новости, война, россия",не знаем относиться подмога всу пришла называется не ждали украинские маги ведьмы услышали призыв советника главы офиса президента алексея арестовича,2022-03-23 21:54:24
"украина сейчас: новости, война, россия",завалами мариуполе погибла 11летняя украинская гимнастка катя дяченко снаряд попал прямо девочка ужасную новость instagram сообщила тренер анастасия мещаненкова ус,2022-03-23 21:39:08
"украина сейчас: новости, война, россия",україна сподівається найближчим часом повернути полонених українських військових з острова зміїний обмінявши їх російських моряків повідомила міністерка реінтеграції ірина верещук,2022-03-23 21:38:40
"украина сейчас: новости, война, россия",пожилой мужчина угнал оккупантов грузовик оружием боеприпасами привез всу украинских воинов похвалил отважного партизана видео дед красавчик ковпаке служил ус,2022-03-23 21:00:19
"украина сейчас: новости, война, россия",минус одна ракета,2022-03-23 20:59:15
"украина сейчас: новости, война, россия",відео момент зіткнення дтп української стугни з російським танком фото що залишилось від танка,2022-03-23 20:51:15
"украина сейчас: новости, война, россия",роскомнадзор заблокировал доступ сервису google news,2022-03-23 20:49:57
"украина сейчас: новости, война, россия",бывшая госсекретарь сша мадлен олбрайт скончалась возрасте 84,2022-03-23 20:48:21
"украина сейчас: новости, война, россия",киеве обстрелом погибла журналистка российского оппозиционного издания the insider оксана баулина сообщает издание,2022-03-23 20:41:08
"украина сейчас: новости, война, россия",миколаївська область трофейний імр,2022-03-23 20:28:36
"украина сейчас: новости, война, россия",швеция предоставит украине 5000 единиц противотанкового оружия минобороны швеции,2022-03-23 20:27:58
"украина сейчас: новости, война, россия",рівному власник сто свій кошт полагодив понад 200 машин зсу медиків ще доставляє гуманітарні вантажі вивозить людей зпід обстрілів майстер,2022-03-23 20:08:19
