украина 24/7 новости | война | новини,руководитель управлению зоной отчуждения пишет тупорылые орки вырыли окопы,2022-03-25 00:17:02
украина 24/7 новости | война | новини,24 марта оккупанты уменьшили авиационную активность воздушном пространстве украины наращивают присутствие беспилотников ведения воздушной разведки противовоздушная оборона украины четверг уничтожила,2022-03-25 00:05:04
украина 24/7 новости | война | новини,танчик трофейный беха трофейная украинские воины боя,2022-03-24 23:57:32
украина 24/7 новости | война | новини,войны гуманитарными коридорами спасли 219 57 мариупольцы рассказал замглавы оп кирилл тимошенко,2022-03-24 23:42:48
украина 24/7 новости | война | новини,генштаб всу сообщает рф хочет завершить войну украине 9 мая несмотря значительные потери военнополитическое руководство рф не отказывается продолжения войны,2022-03-24 23:11:35
украина 24/7 новости | война | новини,украину воюют не украинцы иностранные добровольцы американец джеймс васкес публикует видео места боевых действий сослуживцы принимали участие освобождении села которое,2022-03-24 23:00:35
украина 24/7 новости | война | новини,сша выделят 1 миллиард долларов гуманитарной помощи украины байден,2022-03-24 22:33:47
украина 24/7 новости | война | новини,похоже чернобаевке рекордный 10й разбили оккупантов,2022-03-24 22:26:14
украина 24/7 новости | война | новини,временем армия азербайджана воспользовалась отправкой русских солдатов украину пошла наступление карабахе местные сми сообщают войскам азербайджана удалось освободить села фарух,2022-03-24 22:14:52
украина 24/7 новости | война | новини,рашисты обстреляли эвакуационный поезд киевиванофранковск васильковом 3 вагонах выбиты стёкла предварительной информации не пострадали,2022-03-24 21:39:12
украина 24/7 новости | война | новини,владимир зеленский встретился председателем сейма латвийской республики инарой мурниеце спикером сеймаса литовской республики викторией чмилитенильсен председателем рийгикога эстонской республики юри,2022-03-24 21:25:29
украина 24/7 новости | война | новини,рашке предложили обязать школьников молиться славу россии уроками,2022-03-24 21:08:51
украина 24/7 новости | война | новини,мрію удастся возродить генеральный директор завода антонов сергей бычков выступил инициативой создать международный фонд возрождения легендарного транспортного самолёта ан225,2022-03-24 20:55:34
украина 24/7 новости | война | новини,результат работы артиллеристов полка азов уничтоженный российский бтр пехотой ярко заканчивает поход украину,2022-03-24 20:41:08
украина 24/7 новости | война | новини,генасамблея оон призвала россию остановить полномасштабную войну украины резолюцию поддержали 140 стран выступили 5 сирия беларусь эритрея северная корея 38,2022-03-24 20:32:47
украина 24/7 новости | война | новини,премьерминистр канады трюдо пообещал дополнительные поставки летального оружия украины ближайшие дни недели,2022-03-24 20:31:46
украина 24/7 новости | война | новини,оккупированных территориях луганской донецкой черниговской сумской областей рашисты изымают уничтожают украинскую литературу учебники истории гур наибольший интерес вызывают книги истории,2022-03-24 18:00:18
украина 24/7 новости | война | новини,одна вражеская сушка приземлялась не поднимется небо,2022-03-24 17:52:51
украина 24/7 новости | война | новини,всу превратили десятки единиц российской техники тонны металлолома солдат вс рф отправили концерт кобзона помощью техники оккупанты обстреливают мирные города,2022-03-24 17:41:01
украина 24/7 новости | война | новини,ирина верещук рассказала первом обмене военными обмен 10 пленных оккупантов украине удалось вернуть 10 украинских военных помимо обмен 11 цивильных,2022-03-24 17:27:15
украина 24/7 новости | война | новини,верховная рада проголосовала 350 нардепов закон коллаборационизме сотрудничество поддержку россии грозит 10 12 тюрьмы сотрудничает россией запрещено занимать должностей грозит,2022-03-24 17:17:00
украина 24/7 новости | война | новини,итоги экстренного саммита нато посвящённого войне украине • столтенберг заявил нато не вводить войска украину не вступать прямой конфликт россией,2022-03-24 17:11:00
украина 24/7 новости | война | новини,выглядит забор виллы дочки путина находится французском городке биарриц,2022-03-24 17:06:00
украина 24/7 новости | война | новини,премьерминистр британии джонсон предложил предоставить украине право проведение евро2028 ранее россии говорили подадут заявку проведение чемпионата европы 2028,2022-03-24 17:02:49
украина 24/7 новости | война | новини,байден заявил нато продолжит наращивать объемы военной помощи украине ближайшее альянс передаст украине дополнительные системы вооружений включая средства пво,2022-03-24 15:51:34
украина 24/7 новости | война | новини,арестович раскрыл страшную тайну ответил тихо,2022-03-24 15:26:07
украина 24/7 новости | война | новини,великобритания предоставит украине военную помощь •‎ 6 противотанковых ракет •‎ 25 фунтов помощи украинским военным •‎ 1 миллион фунтов расследования,2022-03-24 15:08:34
украина 24/7 новости | война | новини,словам журналиста андрея цаплиенко всу сжимают кольцо оккупантов возле гостомеля утверждает многие рашисты сбежали гостомеля надеются скрыться боеприпасов оккупантов осталось,2022-03-24 14:56:03
украина 24/7 новости | война | новини,польша выступит саммите нато предложением отправить украину 10 000 рамках миротворческой миссии солдатов готовы предоставить литва дания главной задачей миссии,2022-03-24 14:42:08
украина 24/7 новости | война | новини,80 города ирпеня освободили полиция работает заявил советник главы мвд вадим денисенко,2022-03-24 14:40:31
украина 24/7 новости | война | новини,хорошая новость генштаба последние недели 20 предприятий военнопромышленного комплекса рф полностью частично остановили деятельность изза отсутствия комплектующих,2022-03-24 14:35:05
украина 24/7 новости | война | новини,фото разрушенного оккупантами мариуполя,2022-03-24 14:17:45
украина 24/7 новости | война | новини,готовит очередной фейк захваченную чаэс прибыла группа российских пропагандистов снять фейковое кино работе станции,2022-03-24 14:08:46
украина 24/7 новости | война | новини,генштабе сообщают рашисты готовятся новой попытке штурма киева перебрасывание военной техники военных округов территорию беларуси временно оккупированного крыма рашистов начались,2022-03-24 13:58:51
украина 24/7 новости | война | новини,оккупанты пытаются штурмом славутич киевская область идет обстрел украинских блокпостов стороны фашистов,2022-03-24 13:57:13
украина 24/7 новости | война | новини,уровень подготовки рашистских пропагандистов русские пропагандисты начали активно военкоматах херсонской области якобы найдены заранее подготовленные медальки • звільнення не взяття,2022-03-24 13:26:47
украина 24/7 новости | война | новини,российский оккупант оказавшийся николаевом жалуется телефону огромные потери признается воевать таких условиях не хочет,2022-03-24 13:09:46
украина 24/7 новости | война | новини,обращения зеленского нато • единственное требую не говорите армия не отвечает стандартам нато • украине нужна военная помощь ограничений ограничений,2022-03-24 13:04:43
украина 24/7 новости | война | новини,американский певец джон бон джови опубликовал twitter видео защитниками одессы наполняют мешки песком песню its my life лаконично прокомментировав строчкой,2022-03-24 12:38:41
украина 24/7 новости | война | новини,нато має розуміти зараз ми сірій зоні між заходом і росією але ми світлі і ми захищаємося вже місяць місяць,2022-03-24 12:20:24
украина 24/7 новости | война | новини,ужасающие кадры мариуполя города русские нацисты целый месяц пытаются стереть лица земли,2022-03-24 12:19:23
украина 24/7 новости | война | новини,президент сша джозеф байден прибыл саммит нато брюсселе завтра визитом отправится польшу,2022-03-24 12:18:14
украина 24/7 новости | война | новини,херсон украиной горсовете смелые жители города очередной вывесили флаг украины,2022-03-24 12:04:40
украина 24/7 новости | война | новини,оккупанты мелитополе заставляют учителей возобновить учебный процесс русском языке сообщил мэр иван федоров,2022-03-24 11:04:04
украина 24/7 новости | война | новини,сумской области назревает экокатастрофа изза невывезенных трупов убитых оккупантов,2022-03-24 10:50:37
украина 24/7 новости | война | новини,момент взрыва рашистского корабля орск красивое,2022-03-24 10:33:02
украина 24/7 новости | война | новини,киев ведет переговоры гарантиям безопасности сша британией германией францией турцией кулеба,2022-03-24 10:25:53
украина 24/7 новости | война | новини,кгга заявили 1 месяц полномасштабной войны русские нацисты повредили столице 87 жилых домов 10 частных усадеб 12 школ 6 детских,2022-03-24 10:19:16
украина 24/7 новости | война | новини,глава мид украины отреагировал требование путина платить нефть газ рублями какаялибо ес склонится унизительными требованиями путина равно помогать украине рукой,2022-03-24 10:01:17
украина 24/7 новости | война | новини,президент литви гитанас науседа обратился украинскому народу отметил героизм украинских воинов обычных людей подчеркнул украина не одна поэтому скоро отпразднует,2022-03-24 09:50:31
украина 24/7 новости | война | новини,ирина верещук запланированной 24 марта работе гуманитарных коридоров,2022-03-24 09:26:57
украина 24/7 новости | война | новини,потери русни 2402 2403,2022-03-24 09:14:37
украина 24/7 новости | война | новини,мэр ньюйорка эрик адамс торжественно поднял украинский флаг флагшток центре города висеть победы украины,2022-03-24 09:10:18
украина 24/7 новости | война | новини,порту временно оккупированного бердянска уничтожен бдк десантный корабль вмс рф орск экипажем корабля горят,2022-03-24 09:02:55
украина 24/7 новости | война | новини,anonymous заявили взломе центрального банка россии следующие 48 часов пообещали опубликовать 35 000 секретных файлов включая договора,2022-03-24 08:59:57
украина 24/7 новости | война | новини,месяц украина защищается врага пришёл нашу землю оружием первая леди опубликовала видео борьбы страданий украинцев подчеркнув всей украине слышны взрывы,2022-03-24 08:47:18
украина 24/7 новости | война | новини,вчерашний 23 марта всу сбили 11 воздушных целей врага 7 самолётов 1 вертолёт 1 бпла 2 крылатых ракеты,2022-03-24 08:40:56
украина 24/7 новости | война | новини,высылает американских дипломатов объявляет американских сотрудников персонами нон грата,2022-03-23 23:27:22
украина 24/7 новости | война | новини,глава черниговской ова чаус сообщил результате рашистского обстрела чернигове поврежден магистральный аммиакопровод концентрация испарений аммиака пределах нормы месте работают спасатели,2022-03-23 23:19:02
украина 24/7 новости | война | новини,нато усилит помощь украине происходит украине ужасно больно видим человеческие страдания разрушения масштабах не видели европе времен мировой войны хотел,2022-03-23 23:08:21
украина 24/7 новости | война | новини,хозяйстве пригодится,2022-03-23 22:49:26
украина 24/7 новости | война | новини,renault останавливает операции рф компания renault официально заявила прекращает работу завода,2022-03-23 22:35:06
украина 24/7 новости | война | новини,не верю бесполетную зону миротворцев нато поставок оружия можем переломить ситуацию пользу арестович,2022-03-23 21:52:49
украина 24/7 новости | война | новини,украинский снайпер ликвидировал тестя гиркина,2022-03-23 21:43:15
украина 24/7 новости | война | новини,киевском воздухе зарегистрировано увеличение концентрации цезия заявило международное агентство атомной энергетике магатэ отметив уровень концентрации небольшой не вызывает серьезных радиологических,2022-03-23 21:40:07
украина 24/7 новости | война | новини,пожилой мужчина украл оккупантов грузовик оружием боеприпасами отдал всу,2022-03-23 21:28:42
украина 24/7 новости | война | новини,инфографика самых больших компанийналогоплательщиков россии несмотря войну украине продолжают вести бизнес рф,2022-03-23 21:10:01
украина 24/7 новости | война | новини,1 крылатая ракета никооаевщене информацию подтвердил виталий ким,2022-03-23 20:54:18
украина 24/7 новости | война | новини,белом доме сообщили завтра объявят новых санкциях россии политиков бизнесменов,2022-03-23 20:11:00
украина 24/7 новости | война | новини,информация ищет убежище странах ес,2022-03-23 20:04:16
украина 24/7 новости | война | новини,очередная партия кадыровцев направляется украину едут осталось армии,2022-03-23 17:52:51
украина 24/7 новости | война | новини,українці бачать що франція цінує свободу як це було завжди і ви захищаєте її ви памʼятаєте що це таке свобода,2022-03-23 17:38:43
украина 24/7 новости | война | новини,генсек нато столтенберг обвинил китай политической поддержке россии нападения украину,2022-03-23 17:37:05
украина 24/7 новости | война | новини,квест рашистовмародёров жителей херсонщины,2022-03-23 17:11:58
украина 24/7 новости | война | новини,литовские депутаты предложили приравнять георгиевскую ленточку букву z нацистским коммунистическим символам демонстрацию грозить штраф 500 евро,2022-03-23 16:58:41
украина 24/7 новости | война | новини,российские пропагандисты сообщают сёлах белгородской области введён режим чс изза взрыва снаряда якобы запущенного стороны украины пострадавшие заявляют сми ссылкой,2022-03-23 16:54:34
украина 24/7 новости | война | новини,китай не готов поддержать исключение россии g20 ответ войну украины сообщает reuters заявил спикер министерства иностранных китая,2022-03-23 16:50:50
украина 24/7 новости | война | новини,байден назвал вполне реальной угрозу применения россией украине химического оружия,2022-03-23 16:49:00
украина 24/7 новости | война | новини,всу захватили одну мощнейших станций радиоэлектронной борьбы вс рф красуха4 способна обнаруживать блокировать разные радары дистанции 300 км,2022-03-23 16:38:24
украина 24/7 новости | война | новини,беларусь не начнет войну украины участвует заявил генсек нато йенс столтенберг,2022-03-23 16:07:04
украина 24/7 новости | война | новини,активисты greenpeace призывают ес полностью отказаться энергоносителей страныагрессора акцию протеста девизом нефть оружие провели балтийском море,2022-03-23 16:04:21
украина 24/7 новости | война | новини,михаил подоляк рф открыла антиевропейский фронт финансовый путин заявил переводе расчетов газ рубли отказе € спровоцирует операционные провалы давление общественное,2022-03-23 15:50:27
украина 24/7 новости | война | новини,уехавший россии чубайс замечен банкомата стамбуле,2022-03-23 15:45:09
украина 24/7 новости | война | новини,кабинет министров украины разрешил водителям легковых автомобилей водить грузовики не имея соответственной категории водительском удостоверении,2022-03-23 15:44:00
украина 24/7 новости | война | новини,полк азов опубликовал видео мариуполя дрона видео разрушенные сожженные оккупантами дома поврежденную инфраструктуру,2022-03-23 15:26:54
украина 24/7 новости | война | новини,7летняя украинка купила бронежилет воинов передала волонтерам сбережения не хватило маленькая украинка решила заработать остальные средства продавая цветы,2022-03-23 15:12:56
украина 24/7 новости | война | новини,бресте закрывают украинское консульство дипломатов выгоняют страны беларуси останется 5 сотрудников украинской дипмиссии остальных обязали покинуть страну,2022-03-23 15:10:54
украина 24/7 новости | война | новини,канцлер германии шольц заявил тяжело нато не создавать бесполётную зону украиной не отправит нашу страну миротворцев,2022-03-23 14:47:24
украина 24/7 новости | война | новини,24 марта western union не доступна транзакций россию,2022-03-23 14:42:27
украина 24/7 новости | война | новини,сенаторы сша обсудят главой минфина сша заморозку 132 млрд золотого резерва россии дополнение 300 млрд заблокированных ранее,2022-03-23 14:40:09
украина 24/7 новости | война | новини,путин пообещал кратчайшие сроки перевести выплаты газ европы рубли,2022-03-23 14:31:17
украина 24/7 новости | война | новини,maxar публикует новые спутниковые снимки судя которым река ирпень вышла берегов разливаться вероятнее усложнит форсирование вс рф,2022-03-23 14:22:24
украина 24/7 новости | война | новини,чубайс ушел поста специального представителя президента россии вопросам устойчивого развития уехал страны bloomberg,2022-03-23 14:12:24
украина 24/7 новости | война | новини,успокоительный сеанс арестовича,2022-03-23 13:51:25
украина 24/7 новости | война | новини,гдето сумской области украли бтр оккупантов победить невозможно,2022-03-23 13:39:12
украина 24/7 новости | война | новини,латвия литва эстония польша призывают закрыть автодороги грузовиков рф беларуси,2022-03-23 13:38:10
украина 24/7 новости | война | новини,новости дурки батальоны геев донбассе появились сатанисты,2022-03-23 13:16:32
украина 24/7 новости | война | новини,ес одобрил соглашение украиной которое позволяет предоставлять секретную информацию включая спутниковые снимки,2022-03-23 12:59:10
украина 24/7 новости | война | новини,активисты тельавиве пометили окровавленной буквой z автомобили русских послов пострадавшие пошли жаловаться полицию ответили момент расклеивания знаков камеры перестали ой,2022-03-23 12:37:30
украина 24/7 новости | война | новини,миротворцы нато войдут украину столкновения российскими войсками не избежать мид рф,2022-03-23 12:24:50
украина 24/7 новости | война | новини,послание президента зеленского японскому парламенту тезисно – япония стала лидером поддержке украины азии придя помощь украине поддержав санкции рф –,2022-03-23 12:06:57
украина 24/7 новости | война | новини,беларусов стимулируют воевать украинцев зарплатой 10001500 месяц льготами обучение вузах рф сообщает украинская разведка,2022-03-23 11:56:44
украина 24/7 новости | война | новини,польские власти планируют выслать страны 40 российских дипломатов изза подозрения шпионаже,2022-03-23 11:56:00
украина 24/7 новости | война | новини,кабмин период военного разрешил водителям легковых авто категории управлять грузовыми категории с1,2022-03-23 11:50:00
украина 24/7 новости | война | новини,оккупантов начинает доходить пушечное мясо журналист роман цимбалюк рассказал российский военный переехал танком командира отправлял сослуживцев верную смерть перееханный полковник,2022-03-23 11:42:07
украина 24/7 новости | война | новини,россии пропал шойгу появлялся публике 12 дней назд ранее сообщалось путин боится шойгу изза устроить госпереворот,2022-03-23 11:07:53
украина 24/7 новости | война | новини,принято решение провести специальную военную операцию уничтожить россию наших границах песков cnn не соврал,2022-03-23 10:47:17
украина 24/7 новости | война | новини,словам арестовича оккупантов аэродроме чернобаевки разбили 9,2022-03-23 10:32:16
украина 24/7 новости | война | новини,общие боевые потери рашистов 2402 2303,2022-03-23 10:07:20
украина 24/7 новости | война | новини,сегодняшний рук рашистов украине погиб 121 ребёнок 167 получили травмы разной степени тяжести,2022-03-23 10:04:21
украина 24/7 новости | война | новини,турция отказалась поставлять зенитные ракетные системы с400 просьбе сша,2022-03-23 09:58:56
украина 24/7 новости | война | новини,россии начали маркировать подъезды живут активисты участвовавшие антивоенных митингах,2022-03-23 09:57:05
украина 24/7 новости | война | новини,maxar опубликовали новые снимки пылающего мариуполя данный момент городе находятся 100 000 гуманитарная катастрофа людей воды еды медикаментов,2022-03-23 09:50:33
украина 24/7 новости | война | новини,всу ликвидировали командира бригады морпехов рф ответственного штурм одессы информацию подтвердил спикер одесской ова братчук,2022-03-23 08:44:28
украина 24/7 новости | война | новини,reuters пишет сша союзники рассматривают возможность исключения рф g20,2022-03-23 08:29:13
украина 24/7 новости | война | новини,украине начал ежедневный контроль цен продукты цель государственной службы вопросам защиты потребителей следить цены продукты лекарства топливо оставались приемлемыми населения,2022-03-23 08:08:14
украина 24/7 новости | война | новини,​​люди праге вышли акцию поддержку мариуполя национальным театром праге повторили надпись дети которую отчётливо видели рашисты сбрасывали бомбу драмтеатр мариуполе,2022-03-23 07:41:16
украина 24/7 новости | война | новини,канцлер германии шольц согласился призывает остальных лидеров ввести эмбарго российские газ нефть,2022-03-23 07:32:46
украина 24/7 новости | война | новини,посольство россии латвии обязали течение 3 месяцев прикрепить своем здании табличку новым названием улицы независимости украины,2022-03-23 07:02:12
украина 24/7 новости | война | новини,свежая сводка генштаба,2022-03-23 06:58:29
украина 24/7 новости | война | новини,песков отказался исключить возможность применения рф ядерного оружия представитель путина интервью cnn заявил рф не исключает применения ядерного оружия экзистенциальная,2022-03-23 06:50:00
украина 24/7 новости | война | новини,кремль признал не достиг целей украине говорящая кремля песков ответил журналиста достижении путиным целей украине полномасштабного вторжения вопервых не достиг,2022-03-23 06:35:36
украина 24/7 новости | война | новини,новое обращение зеленского будемо працювати будемо боротись як тільки можемо останнього хоробро й відкрито всіх майданчиках із повною енергією результат,2022-03-23 06:17:35
украина 24/7 новости | война | новини,арестович рассказал украина отпраздновать победу российскими оккупантами апреля начало мая думаю промежуточная победа поймем бьем ломаются словам арестовича возможно не,2022-03-22 23:32:55
украина 24/7 новости | война | новини,международное издание politico назвало зеленского самым влиятельным человеком европы послания помогли изменить характер дебатов европейских столицах вызвав изменения государственной политике,2022-03-22 23:21:15
украина 24/7 новости | война | новини,завтра 1300 киевскому владимир зеленский выступит парламентом японии,2022-03-22 23:17:33
украина 24/7 новости | война | новини,киеве ожидают телефонного разговора зеленского лидера кнр си цзиньпина глава оп ермак,2022-03-22 22:51:47
украина 24/7 новости | война | новини,мвд показало видео задержания киеве российских диверсантов напомним столице вчерашнего вечера завтрашнего утра действует комендантский,2022-03-22 22:15:56
украина 24/7 новости | война | новини,пентагоне считают всу способны вернуть территории cnn,2022-03-22 22:10:18
украина 24/7 новости | война | новини,коротко технике армии берлин,2022-03-22 22:09:37
украина 24/7 новости | война | новини,глава мид греции планирует поездку мариуполь рамках гуманитарной миссии,2022-03-22 22:07:13
украина 24/7 новости | война | новини,дети поют гимн украины харьковском метро,2022-03-22 21:59:29
украина 24/7 новости | война | новини,данным пентагона полномасштабного вторжения выпустила 1100 ракет разного калибра украине,2022-03-22 21:04:10
украина 24/7 новости | война | новини,украине предлагают ввести уголовную ответственность распространение информации перемещении техники позициях всу фото видео соцсетях 5 8 тюрьмы сделано группой корыстных,2022-03-22 17:28:14
украина 24/7 новости | война | новини,nestle отказались уходить российского рынка anonymous слили базу данных сеть 10 гб информации электронной почты паролей бизнесклиентов nestle,2022-03-22 17:20:42
украина 24/7 новости | война | новини,париж предоставил киеву статус почётного гражданина статус мэрия парижа впервые истории дала городу,2022-03-22 16:48:49
украина 24/7 новости | война | новини,количество разрушенных объектов инфраструктуры рашистами,2022-03-22 16:20:00
украина 24/7 новости | война | новини,сбу предупреждает вероятность вторжения беларуси украину остаётся достаточно высокой отправить 10 15 военных главной целью владимирец ровенской области ковель луцк,2022-03-22 16:15:00
украина 24/7 новости | война | новини,брифинг арестовича текущей ситуации,2022-03-22 15:58:00
украина 24/7 новости | война | новини,впервые истории пасе прозвучал гимн украины,2022-03-22 15:44:00
украина 24/7 новости | война | новини,временем улицах города сумы появились информативные борды рассказывают уязвимых местах вражеской техники,2022-03-22 15:36:50
украина 24/7 новости | война | новини,ес официально согласился создание фонда солидарности украиной,2022-03-22 15:10:56
украина 24/7 новости | война | новини,воздушное командование восток намекает чернобаевке жарко,2022-03-22 14:58:25
украина 24/7 новости | война | новини,всу подтверждают русня буче ирпене гостомеле отрезаны снабжения реальный котёл,2022-03-22 14:49:19
украина 24/7 новости | война | новини,россии алексея навального приговорили 9 годам колонии строгого режима делу неуважении суда мошенничестве,2022-03-22 14:38:39
украина 24/7 новости | война | новини,италия заявила поддерживает вступление украины европейский союз объявил премьерминистр страны марио драги,2022-03-22 14:35:20
украина 24/7 новости | война | новини,киеве уничтожили ракету предположительно точку упала днепр советник главы мвд антон геращенко,2022-03-22 14:10:57
украина 24/7 новости | война | новини,украинская разведка сообщает планирует мобилизировать должников кредиты алименты,2022-03-22 14:08:42
украина 24/7 новости | война | новини,зеленский обратился народу политикам италии недели выступал обращением митингу флоренции десятках европейских городов просил итальянцев европейцев запомнить число 79 столько,2022-03-22 13:55:02
украина 24/7 новости | война | новини,русские нацисты гостомеле подожгли конюшню 30 животных сгорели заживо,2022-03-22 13:53:43
украина 24/7 новости | война | новини,михаил подоляк записал новое видеообращение сожалению не конца понял идет не территорию не торговлю не нефтяного эмбарго идет варварства массовых,2022-03-22 13:37:45
украина 24/7 новости | война | новини,херсоне вышли мирный митинг оккупанты применили слезоточивый газ разогнать,2022-03-22 13:26:00
украина 24/7 новости | война | новини,тайване вывели сорт орхидей называется украина сообщил посол украины японии сергей корсунский,2022-03-22 13:15:26
украина 24/7 новости | война | новини,живи ради беларуси не умирай ради россии беларуси начался массовый флешмоб всей стране расклеивают листовки призывом разными способами отказываться воевать,2022-03-22 13:10:01
украина 24/7 новости | война | новини,найважливіший ресурс україну захищають найкращі світі главнокомандующий всу валерий залужный опубликовал мотивирующее видео украину бомбят не самолёты самолётами управляют,2022-03-22 13:02:24
украина 24/7 новости | война | новини,окупант задался украинским военным помимо отдал танк вознаграждение живым возможность гражданство украины 10 000 окончания войны оккупант рассказал домой не,2022-03-22 12:19:56
украина 24/7 новости | война | новини,лукашенко давал фашистскому диктатору рф обещание наступать украину не позднее 21 марта путин бешенстве геращенко словам окружении путина прорабатывается вариант,2022-03-22 11:38:57
украина 24/7 новости | война | новини,рашисты ночью дважды обстреляли градов жилые секторы сел возле кривого рога счастью человеческих жертв,2022-03-22 11:20:00
украина 24/7 новости | война | новини,генштаб потерях врага состоянию 22 марта,2022-03-22 11:11:48
украина 24/7 новости | война | новини,русские оккупантымародеры выносят ковры квартир украинцев гостомеле,2022-03-22 10:39:08
украина 24/7 новости | война | новини,фото табличка двери беларусского посольства великобритании,2022-03-22 09:59:18
украина 24/7 новости | война | новини,ирина верещук запланированной 22 марта работе гуманитарных коридоров,2022-03-22 09:41:00
украина 24/7 новости | война | новини,состоянию 22 марта украине заминированы 80 000 км² территории сообщили ассоциации сапёров украины,2022-03-22 09:40:00
украина 24/7 новости | война | новини,ростовенадону школьников заставляют снабжать солдат армии сгущенкой носками,2022-03-22 09:28:54
украина 24/7 новости | война | новини,ужгороде наконецто снесли памятник посвящённый 300летию воссоединение украины россией,2022-03-22 08:45:01
украина 24/7 новости | война | новини,генштабе сообщают боеприпасов топлива еды оккупантов находятся территории украины осталось максимум 3 дня,2022-03-22 08:38:42
украина 24/7 новости | война | новини,премьерминистр израиля нафтали бенет поручил своим спецслужбам подготовиться возможному визиту киев отмечается переговоры насчёт прекращения огня,2022-03-22 08:07:50
украина 24/7 новости | война | новини,оперативная сводка генштаба всу 600 22 марта русские оккупанты проводят агрессивную пропаганду насчёт участия беларусов войне украины сумской области 300,2022-03-22 07:35:27
украина 24/7 новости | война | новини,сутки киеве поймали 149 диверсантов киевская вга сотрудники гсчс обезвредили 10 взрывоопасных предметов,2022-03-22 06:45:22
украина 24/7 новости | война | новини,обращение зеленского итогам 26го дня войны тяжелых событий трудных выводов приближающий нашей победе миру нашего государства,2022-03-22 06:10:00
украина 24/7 новости | война | новини,мэр борисполя владимир борисенко призвал горожан покинуть причина людей городе легче всу отражать атаки стороны российской армии,2022-03-22 06:07:00
украина 24/7 новости | война | новини,пентагон заявил переговорах предоставлении украине пво дальнего действия длительные переговоры должны провести не страной словакией ред многими другими предоставить украине,2022-03-22 06:00:03
украина 24/7 новости | война | новини,інтервʼю президента україни володимира зеленського світовим суспільним мовникам нато компроміси переговорах і народовладдя,2022-03-22 05:36:58
украина 24/7 новости | война | новини,замороженные франции активы цб рф не планируют передавать банку украины глава французского мид,2022-03-21 22:34:11
украина 24/7 новости | война | новини,министры обороны великобритании украины,2022-03-21 22:16:00
украина 24/7 новости | война | новини,министр иностранных венгрии петр сийарто заявил будапешт наложит вето санкции евросоюза импорт российского газа введение бесполетной зоны украиной миротворческую миссию,2022-03-21 21:53:18
украина 24/7 новости | война | новини,россии заговорили потерях заявили гибели 9861 солдат не 500 ранении 16153 написал российский сайт комсомольская некоторое статью удалили,2022-03-21 21:43:51
украина 24/7 новости | война | новини,свежие спутниковые снимки военных аэродромов россии беларуси крыму атакуют украину стратегическая тактическая российская авиация ежедневно бомбящая обстреливающая мирные украинские города,2022-03-21 21:34:06
украина 24/7 новости | война | новини,согласно спутниковым снимкам европейского космического агентства sentinel2 зоне отчуждения чаэс продолжают фиксировать 7 очагов возгорания,2022-03-21 21:31:07
украина 24/7 новости | война | новини,звертаюсь усіх українців всюди де ми є робіть усе захисту нашої держави порятунку нашого народу боріться воюйте і допомагайте гоніть,2022-03-21 21:14:45
украина 24/7 новости | война | новини,ес выделяет украине дополнительные 500 млн евро рад сообщить достигли политического согласия поводу дополнительных 500 млн рамках европейских мирных возможностей,2022-03-21 21:11:26
украина 24/7 новости | война | новини,мариуполе могилы умерших выкапывают прямо улице возле жилых домов выжившие 11й прячутся подвалах говорят еды хватит неделю максимум,2022-03-21 21:00:18
украина 24/7 новости | война | новини,вероятность высадки десанта одессе низкая агрессора закончилась морпехи conflict intelligence team,2022-03-21 20:34:01
украина 24/7 новости | война | новини,зеленский понимаем не берут нато боятся россию успокоиться окей гарантии безопасности страны нато хотят гарантами безопасности сожалению не ввести стопроцентное,2022-03-21 20:32:26
украина 24/7 новости | война | новини,посол украины польше андрей дещица заявил польша подготовку вероятному вторжению стороны россии,2022-03-21 20:19:49
украина 24/7 новости | война | новини,окончательно компромиссы переговорах украиной россией решать всеукраинский референдум касается гарантий безопасности временно оккупированных территорий заявил зеленский,2022-03-21 20:06:34
украина 24/7 новости | война | новини,россии возбудил уголовное гордона вменяют публичные призывы развязыванию войны возбуждение ненависти признаку национальности распространение фейков вс россии,2022-03-21 19:56:27
украина 24/7 новости | война | новини,оккупанты обстреляли эвакуационные автобусы детьми мариуполя раненые тяжелом состоянии сообщил глава запорожской ога александр старух ребенка доставлены больницу трое детей,2022-03-21 19:33:43
украина 24/7 новости | война | новини,спасатели спасают фото сотрудники гсчс успокаивают собаку которую вывезли территории обстрелянной русскими нацистами киевская область,2022-03-21 19:22:57
украина 24/7 новости | война | новини,опубликован допрос киевлянина слил тикток видео украинской техникой возле трц киеве которому совершён ракетный удар оккупантами,2022-03-21 19:02:20
украина 24/7 новости | война | новини,орки хотели пересечь речку николаевской области пошли дно,2022-03-21 18:55:46
украина 24/7 новости | война | новини,ответ санкции японии выходит переговоров мирном договоре отменяет безвизовый режим посещение курильских остров граждан японии,2022-03-21 18:51:58
украина 24/7 новости | война | новини,рашисты обстреляли трц киеве изза опубликованных фото военной техники сделаны соседнего дома сообщили генштабе всу,2022-03-21 18:48:28
украина 24/7 новости | война | новини,активисты польскобеларуской границе третьи сутки подряд блокируют фуры едут россию сегодняшнему дню пробка фур доходит 50 км,2022-03-21 18:26:10
украина 24/7 новости | война | новини,арестович намекнул орков 7 разбомбили чернобаевке,2022-03-21 18:07:24
украина 24/7 новости | война | новини,список компаний несмотря продолжает убивать мирное население украины уничтожает города не уходят российского рынка,2022-03-21 18:05:18
украина 24/7 новости | война | новини,русские оккупанты незаконно вывезли 2389 детей территории россии временно оккупированных территорий луганской донецкой областей,2022-03-21 18:01:08
украина 24/7 новости | война | новини,президент украины владимир зеленский заявил ультиматумы рф неприемлемы украины словам приняты случае уничтожения украины украина не выполнить ультиматум рф уничтожить,2022-03-21 17:54:59
украина 24/7 новости | война | новини,рашисты похитили главу сельсовета харьковской области село циркуны,2022-03-21 17:54:37
украина 24/7 новости | война | новини,минобороны рф признало бомбардировку трц ретровиль киеве опубликовало момент атаки ракетой,2022-03-21 17:37:07
украина 24/7 новости | война | новини,bloomberg пишет британское правительство планирует национализировать дочку газпрома компанию gazprom marketing trading retail передадут специальный режим управления,2022-03-21 17:04:01
украина 24/7 новости | война | новини,пленные оккупанты грузят мёртвых оккупантов украине,2022-03-21 17:00:51
украина 24/7 новости | война | новини,украинские пограничники заявили готовы отпор белорусской армии ждем нетерпением бить рашистов всей территории отметил спикер гпсу андрей демченко выразил надежду,2022-03-21 16:08:52
украина 24/7 новости | война | новини,суд россии запретил facebook instagram признал компанию meta platforms экстремистской организацией деятельность отныне запрещена территории россии запрет деятельности meta не,2022-03-21 15:55:24
украина 24/7 новости | война | новини,алексей арестович призвал не дегуманизировать противника воздержаться призывов издеваться пленными мстить детям военных объяснил случаи серьезно бьют имиджу нашей страны,2022-03-21 15:53:36
украина 24/7 новости | война | новини,чугуевым сбит истребитель рф харьковском районе уничтожены беспилотника глава областной военной администрации олег синегубов,2022-03-21 15:52:07
украина 24/7 новости | война | новини,1315 российский истребительбомбардировщик зашёл воздушное пространство польши пролетел волынью зашёл территорию польши является членом нато сообщил журналист бутусов,2022-03-21 15:44:24
украина 24/7 новости | война | новини,украине создали список деятелей поддерживают войну россии украины некоторые не высказывают никакую позицию молчат стоит отметить списке оказались немало украинцев,2022-03-21 15:34:30
украина 24/7 новости | война | новини,спикер сбу рассказывает работе спецслужбы,2022-03-21 15:18:04
украина 24/7 новости | война | новини,президент україни володимир зеленський анонсував масштабну програму допомоги українцям які вимушено покинули свої домівки бойові дії уряд сьогодні цю програму,2022-03-21 14:55:53
украина 24/7 новости | война | новини,ес увеличит финансирование поставок оружия украины 1 млрд евро,2022-03-21 14:52:18
украина 24/7 новости | война | новини,беларуси заявили отвели десант границы украиной якобы десантники успешного усиления участков границы беларуси вернулись постоянной дислокации техника перемещается бресту изза,2022-03-21 14:37:20
украина 24/7 новости | война | новини,брюсселе начали рассматривать заявку украины членство евросоюзе,2022-03-21 14:21:45
украина 24/7 новости | война | новини,не идите воевать украину позор могилевская обратилась беларусам,2022-03-21 14:20:27
украина 24/7 новости | война | новини,переговоры официальных делегаций украины россии 21 марта продолжались полтора часа рабочие группы журналистам сообщил член украинской делегации давид арахамия встреча,2022-03-21 14:15:52
украина 24/7 новости | война | новини,херсоне русня открыла огонь применила газовые светошумные гранаты разгона мирного митинга центре города,2022-03-21 13:57:01
украина 24/7 новости | война | новини,орки бомбят николаев сообщает глава ога виталий ким новом видеообращении призывает людей не публиковать фотографии не выступать корректировщиками огня призвал,2022-03-21 13:44:46
украина 24/7 новости | война | новини,оперативная сводка генштаба всу состоянию 1200 21 марта попытке осуществления наступления направлении броваров армия рф понесла значительные потери остановлена слобожанском,2022-03-21 13:41:17
украина 24/7 новости | война | новини,2022 році ніч із 26 27 березня рівно 300 україна офіційно перейде літній стрілки переведуть 1 годину вперед,2022-03-21 13:12:19
украина 24/7 новости | война | новини,арестович поводу съемок результатов российский ударов наших военных наших позиций,2022-03-21 13:04:14
украина 24/7 новости | война | новини,вражеский зенитноракетный комплекс тор ехал брать киев благодаря ювелирной работе наших сапёров не доехал,2022-03-21 12:44:09
украина 24/7 новости | война | новини,житомирщину впервые обстреляли градов результате погиб 1 мирный житель 3 военных,2022-03-21 12:39:05
украина 24/7 новости | война | новини,перехват разговора оккупанта домом отправляют передовую умирать 170 написали отказ,2022-03-21 12:35:25
украина 24/7 новости | война | новини,евросоюз собирается усилить санкции рф планируют запрет импорт энергоносителей закрытие портов судов россии сообщает глава мид словении анже логар,2022-03-21 12:27:00
украина 24/7 новости | война | новини,ес заявили готовности обсудить санкции россии нефтяной сфере отдельно глава дипломатии ес боррель отметил происходит мариуполе огромное военное преступление,2022-03-21 11:58:02
украина 24/7 новости | война | новини,киеве киевской области вводят продолжительный комендантский продлится 2000 21 марта 700 23 марта,2022-03-21 11:40:14
украина 24/7 новости | война | новини,херсон продолжает борьбу местные жители сняли рельсы,2022-03-21 11:39:29
украина 24/7 новости | война | новини,министр обороны украины алексей резников заявляет россии похоронили солдат погибших войне украине официально признали потерь кремле не знают объяснять происходящее,2022-03-21 11:08:04
украина 24/7 новости | война | новини,приват24 возобновляет работу обычном режиме регламентных работ,2022-03-21 11:05:42
украина 24/7 новости | война | новини,ви бачите прагнення бути з європою прагнення яке ми виборюємо полі бою і яке ви можете вибороти своєму суспільстві власною,2022-03-21 10:42:52
украина 24/7 новости | война | новини,харькове людей стояли очереди супермаркет прилетел снаряд,2022-03-21 10:40:22
украина 24/7 новости | война | новини,потери личного состава рашистов сегодняшний пробили отметку 15000,2022-03-21 10:37:15
украина 24/7 новости | война | новини,возле одессы подбит вражеский корабль сообщили официальные лица области,2022-03-21 10:26:37
украина 24/7 новости | война | новини,приложение дія собрано армию украины 165 млн гривен средства поступают фонд вернись живым,2022-03-21 10:23:11
украина 24/7 новости | война | новини,суд нидерландском городе бреда принял решение освободить изпод стражи находившихся сизо украинцев могли противостоять российскому вторжению украину,2022-03-21 10:15:26
украина 24/7 новости | война | новини,китай предоставит украине новую партию гуманитарной помощи стоимостью 16 долларов заявили мид кнр,2022-03-21 09:48:53
украина 24/7 новости | война | новини,ирина верещук запланированной 21 марта работе гуманитарных коридоров,2022-03-21 09:26:02
украина 24/7 новости | война | новини,заместитель мэра киева поворознюк прокомментировал ночные взрывы столице результате удара 6 домов повреждены 3 непригодны жизни пострадали 2 школы 2,2022-03-21 09:24:26
украина 24/7 новости | война | новини,полномасштабного вторжения убила украине 115 ранила 148 детей территории нашей страны рашисты совершили 2123 военных преступлений,2022-03-21 09:18:49
украина 24/7 новости | война | новини,премьерминистр британии планирует поездку украину издание daily mail сообщает джонсон попросил чиновников изучить ценность практичность поездки киев ради личной встречи,2022-03-21 08:50:17
украина 24/7 новости | война | новини,авария выбросу аммиака сумах территории пао сумыхимпром ликвидирована гсчс,2022-03-21 08:44:48
украина 24/7 новости | война | новини,голодные русские морского порта бердянске украли 5 кораблей несколькими десятками тонн зерна очевидцы утверждают отогнали буксире,2022-03-21 08:23:14
украина 24/7 новости | война | новини,белорусский оппозиционер франак вячорка заявил местные партизаны выводят строя российскую технику останавливают поезда раздают листовки не допустить введения войск беларуси,2022-03-21 08:18:56
украина 24/7 новости | война | новини,сша не вводить войска украину составе миротворческого контингента оон поддержат другую страну нато сделает байден обсудит введения миротворцев украину встречи,2022-03-21 08:07:29
украина 24/7 новости | война | новини,одессы идёт морской бой ранее замечено 2 рашистских корабля информации местных сми пошел нахуй дымится официальной информации подписаться,2022-03-21 07:49:49
украина 24/7 новости | война | новини,нанесла ракетных удара полигону ровенской области глава ровенской ова виталий коваль,2022-03-21 07:48:12
украина 24/7 новости | война | новини,химзаводе сумыхимпром утечка аммиака глава сумской ога радиус поражения 25 км,2022-03-21 07:35:21
украина 24/7 новости | война | новини,утренняя сводка генштаба состоянию 600,2022-03-21 07:33:51
украина 24/7 новости | война | новини,путин не ставит целью киев хочет заставить украину сдать южные восточные территории wall street journal ссылкой американских чиновников,2022-03-21 07:31:06
украина 24/7 новости | война | новини,обращение президента украины владимира зеленского итогам 25 дня войны вже 25та доба як російські військові шукають і ніяк не можуть,2022-03-21 03:33:00
украина 24/7 новости | война | новини,результате вражеских обстрелов киева произошел масштабный пожар территории торгового центра,2022-03-21 03:21:19
украина 24/7 новости | война | новини,премьерминистр британии джонсон пообещал наращивать военную экономическую дипломатическую поддержку украины положить ужасному конфликту,2022-03-20 23:04:03
украина 24/7 новости | война | новини,австралия бесплатно предоставит украине 70 тонн угля,2022-03-20 22:50:21
украина 24/7 новости | война | новини,белорусские банки начали отключать swift платёжной системы отключили банк развития беларуси белагропромбанк дабрабыт,2022-03-20 22:42:18
украина 24/7 новости | война | новини,7 гуманитарных коридоров сработало 4 эвакуировано 7295 сообщила ирина верещук вечернего брифинга,2022-03-20 22:33:39
украина 24/7 новости | война | новини,домовладельцам бесплатно принимают переселенцев компенсируют стоимость коммуналки каждого переселенца государство заплатит 450 грн месяц сообщил министр развития общин территорий алексей,2022-03-20 21:41:20
украина 24/7 новости | война | новини,сільпо временно закрывает 34 магазина киеве области житомирской черниговской областях 112 супермаркетов продолжают территории магазины откроются возможность полноценно обеспечивать поставки,2022-03-20 21:33:58
украина 24/7 новости | война | новини,водка литве вырученные идут благотворительность,2022-03-20 21:31:06
украина 24/7 новости | война | новини,эстония литва германия польша словакия швеции начали расследовать уголовные дела касающиеся военных преступлений россии украине,2022-03-20 21:20:49
украина 24/7 новости | война | новини,невероятно красивое граффити риге девушки цветах флагов украины латвии,2022-03-20 20:54:37
украина 24/7 новости | война | новини,ми чекаємо ми точно знаємо що ви не забули жителі мелітополя записали відеозвернення зсу,2022-03-20 20:36:59
украина 24/7 новости | война | новини,приватбанке сообщают регламентные работы продолжаются,2022-03-20 20:34:10
украина 24/7 новости | война | новини,шлемы использует смехдержава войне украины,2022-03-20 20:14:05
украина 24/7 новости | война | новини,97 беларусов выступают войны украиной,2022-03-20 20:06:54
украина 24/7 новости | война | новини,новая обложка time подтверждает пала навсегда,2022-03-20 20:03:29
украина 24/7 новости | война | новини,нардеп сергей соболев приостановке деятельности пророссийских политических партий,2022-03-20 19:24:50
украина 24/7 новости | война | новини,украину отправят ливийских добровольцев участия войне стороне рф генштаб,2022-03-20 19:21:17
украина 24/7 новости | война | новини,президент сша джо байден не собирается посещать украину следующей неделе визита европу сообщает джен псаки,2022-03-20 19:20:07
украина 24/7 новости | война | новини,перекидывает дополнительные эшелоны военной техники разных регионов включая инженерные машины возведения временных мостов conflict intelligence team,2022-03-20 18:46:42
украина 24/7 новости | война | новини,обращения зеленского народу израиля • 80 украинцы спасали израиль выбор • прямым текстом уничтожения украины не безопасности • ударила бабьему,2022-03-20 18:45:02
украина 24/7 новости | война | новини,українці браття усі хто відчуває козаками козачками духу терміново долучайтесь сюди нашу закриту спільноту кошовий отаман іван сірко,2022-03-20 18:30:01
украина 24/7 новости | война | новини,кривом роге достаточно техники всу оккупантам отпор заявил мэр александр вилкул телемарафоне,2022-03-20 18:21:58
украина 24/7 новости | война | новини,зеленский выступает парламенте израиля прямая трансляция,2022-03-20 18:13:56
украина 24/7 новости | война | новини,чаэс удалось провести частичную ротацию персонала эвакуацию людей находившихся территории станции войны россии украины персонал находился рабочих местах 600 часов,2022-03-20 18:12:31
украина 24/7 новости | война | новини,перемога близько,2022-03-20 18:03:28
украина 24/7 новости | война | новини,новая партия оккупантского металлолома черниговской области,2022-03-20 17:57:30
украина 24/7 новости | война | новини,украине быстрорастущий кризис беженцев европе времен мировой войны оон,2022-03-20 17:39:17
украина 24/7 новости | война | новини,полномасштабного российского вторжения украине данным оон погибли минимум 902 гражданских лица 1459 получили ранения большинство погибли взрывчатых веществ обстрелов ракетных,2022-03-20 17:25:08
украина 24/7 новости | война | новини,папа римский написал пост twitter украинском языке выразить поддержку украине,2022-03-20 17:19:59
украина 24/7 новости | война | новини,герои сбили ракету точкау спасли кучу жизней беда не летела,2022-03-20 17:13:56
украина 24/7 новости | война | новини,we will win there will be new cities there will be new dreams there will be a new story there,2022-03-20 17:03:56
украина 24/7 новости | война | новини,доктора комаровского внесли список врагов россии досье украинская пропаганда использование ресурсов организации беспорядков россии,2022-03-20 17:02:45
украина 24/7 новости | война | новини,зеленский интервью cnn готов переговорам путиным закончатся неудачей россией украиной приведет третьей мировой,2022-03-20 16:48:40
украина 24/7 новости | война | новини,сумскую область пришла первая партия гуманитарной помощи оон,2022-03-20 16:46:39
украина 24/7 новости | война | новини,заммэра днепра михаил лысенко заявил кадыровцев убьют регионе похоронят свиных шкурах,2022-03-20 16:28:02
украина 24/7 новости | война | новини,зеленский подписал закон продлении срока действия военного положения украине 30 суток 26 марта,2022-03-20 16:11:21
украина 24/7 новости | война | новини,энергодарцы митинга спасали земляков российского плена очередное доказательство украинцев единстве лицом агрессора,2022-03-20 15:54:24
украина 24/7 новости | война | новини,возобновление переговоров делегаций украинароссия режиме онлайн планируется завтра 21 марта украинская,2022-03-20 15:52:44
украина 24/7 новости | война | новини,святошинском районе киева результате попадания обломков снаряда оккупантов загорелся жилой спасатели потушили пожар настоящее известно 5 пострадавших,2022-03-20 15:42:22
украина 24/7 новости | война | новини,центральной площади энергодара собралось людей жители города требуют прекратить похищения людей российскими оккупантами накануне похитили заместителя мэра,2022-03-20 15:31:29
украина 24/7 новости | война | новини,беларусь работу,2022-03-20 15:26:19
украина 24/7 новости | война | новини,китай не рассматривает какихлибо форм военнотехнической поддержки россии заявил глава китайской дипломатии ван словам пекин намерен придерживаться независимой позиции отношении,2022-03-20 15:16:46
украина 24/7 новости | война | новини,митинг поддержку украины гамбурге,2022-03-20 15:12:03
украина 24/7 новости | война | новини,полк азов просит первую очередь предоставить пво мариуполю городу страдает авианалетов рашистов мечтают самолёты продолжают уничтожать гореть,2022-03-20 14:58:02
украина 24/7 новости | война | новини,бердянске российские оккупанты начали открыто применять силу мирного населения,2022-03-20 14:54:29
украина 24/7 новости | война | новини,украины путин собрался возвращать аляску пишет the sunday times,2022-03-20 14:40:05
украина 24/7 новости | война | новини,минобороны подтвердили белорусские войска готовятся прямому вторжению украину,2022-03-20 14:25:50
украина 24/7 новости | война | новини,ситуация российскому вторжению брифинг советника руководителя офиса президента алексея арестовича,2022-03-20 14:20:31
украина 24/7 новости | война | новини,сеанс арестовича третьей фазе психологического опустошения,2022-03-20 14:13:20
украина 24/7 новости | война | новини,1941 напали нацисты 2014 рашисты минобороны украины,2022-03-20 14:11:13
украина 24/7 новости | война | новини,зеленский подписал указ едином вещании украинских телеканалов военного положения,2022-03-20 14:08:49
украина 24/7 новости | война | новини,городе кременная луганской области оккупанты танка обстреляли престарелых 56 погибли месте,2022-03-20 13:42:25
украина 24/7 новости | война | новини,рашисты похитили первого зама мэра энергодара ивана самойдюка,2022-03-20 13:30:03
украина 24/7 новости | война | новини,херсоне проходят митинги,2022-03-20 13:27:41
украина 24/7 новости | война | новини,подоляк сообщил оккупанты перешли разрушительной артиллерии обстреливают жилые кварталы систем кинджал бастион рф активно ищут резервы,2022-03-20 13:24:43
украина 24/7 новости | война | новини,полк азов уничтожил спецназ гру воинской части кабардинобалкарской республики,2022-03-20 13:20:00
украина 24/7 новости | война | новини,жители каховки вышли очередной протест оккупантов,2022-03-20 13:14:38
украина 24/7 новости | война | новини,уверен дней рубежное полностью заявил глава луганской ога сергей гайдай телемарафоне отметив ожидается зачистка города врага,2022-03-20 13:08:27
украина 24/7 новости | война | новини,наследует нацистов путин шойгу готовятся задействовать войне украины несовершеннолетних соответствующий приказ подписан сообщили гур минобороны,2022-03-20 12:46:44
украина 24/7 новости | война | новини,85 известных украинских евреев обратились правительству кнессету израиля призывом отменить квотирование количества беженцев украины дополнительные процедуры усложняющие въезд украинцев сообщает,2022-03-20 12:39:18
украина 24/7 новости | война | новини,гур сообщили вагнеровцы приехали украину убить высшее военнополитическое руководство страны вместо удобрят землю,2022-03-20 12:36:39
украина 24/7 новости | война | новини,сводка потерям оккупантов,2022-03-20 12:29:40
украина 24/7 новости | война | новини,запорожской ога сообщили случаях использования рашистами территории области формы всу проведения диверсионных действий,2022-03-20 12:26:39
украина 24/7 новости | война | новини,президент владимир зеленский глава парламенского комитета вопросам финансов налоговой таможенной политики даниил гетманцев условиях военного спасают украинский бизнес мнению политолога,2022-03-20 12:13:45
украина 24/7 новости | война | новини,отравление внезапная болезнь несчастный российская элита рассматривает возможность отстранения путина гур данным нашей разведки элита хочет сохранить экономику россии быстро,2022-03-20 11:49:53
украина 24/7 новости | война | новини,киевской области запрещено посещение лесов населением пешком транспорте исключение транзитные пути,2022-03-20 11:47:11
украина 24/7 новости | война | новини,бойцы теробороны показали истребляют технику оккупантов помощью стугны,2022-03-20 11:02:30
украина 24/7 новости | война | новини,93 украинцев верят нашу победу подтверждает свежий соцопрос группы рейтинг остальных регионов победу украины верят западе 78 центре 74 украины,2022-03-20 10:52:43
украина 24/7 новости | война | новини,рейд полка азов мариуполе,2022-03-20 10:38:00
украина 24/7 новости | война | новини,испанские дети детском садике встречают мальчика украины,2022-03-20 10:35:42
украина 24/7 новости | война | новини,не смогла преимущество небе существенно приостановило наступление британская разведка,2022-03-20 10:12:13
украина 24/7 новости | война | новини,царев заговорил послан вслед русским кораблем сепаратист утверждал российские войска якобы возле кривого рога заявление быстро отреагировал мэр кривого рога,2022-03-20 09:55:25
украина 24/7 новости | война | новини,ирина верещук запланированной 20 марта работе гуманитарных коридоров,2022-03-20 09:26:20
украина 24/7 новости | война | новини,точно прокормим оп уверяют запасов продовольствия украине хватит минимум конца следующего касается пшеницы кукурузы подсолнечного масла базовых продуктов запасов украинских,2022-03-20 09:10:11
украина 24/7 новости | война | новини,рашисты скинули бомбу школу искусств мариуполе находилось 400 мирных жителей информация пострадавших уточняется,2022-03-20 08:48:15
украина 24/7 новости | война | новини,китай заявил придерживаться нейтральной позиции насчёт украины глава кнр призвал сша пересмотреть политику добавив китай считает санкции россии элементом ухудшающим,2022-03-20 08:47:15
украина 24/7 новости | война | новини,результате обстрела индустриального района харькова 20 марта погибли 5 мирных жителей среди 9летний мальчик сообщили полиции,2022-03-20 08:27:31
украина 24/7 новости | война | новини,оперативная сводка генштаба предыдущие сутки враг активных наступательных действий не совершал временем ордло началась новая волна мобилизации призывают мужчин возрасте,2022-03-20 08:20:19
украина 24/7 новости | война | новини,япония требует индии четкого ответа вторжение россии украину настоящее индия является странчленов оон не осудила войну начатую рф,2022-03-20 08:18:14
украина 24/7 новости | война | новини,наконецто сша появился президент поддерживают президент украины зеленский заявил телеведущий билл мар,2022-03-20 08:07:04
украина 24/7 новости | война | новини,швейцария готова принять переговоры украины россии президент швейцарии,2022-03-20 04:58:00
украина 24/7 новости | война | новини,снбо военного положения запретил любую политическую деятельность таких партий • опозиційна платформа життя • партія шарія • наші • опозиційний,2022-03-20 04:36:00
украина 24/7 новости | война | новини,обращение зеленского итогам 24го дня войны україна завжди шукала мирне рішення тим більше ми зацікавлені мирі зараз бо це ми,2022-03-20 04:20:34
украина 24/7 новости | война | новини,ближайшие дни украину поступят системы противовоздушной обороны вооружение сша данилов,2022-03-19 23:05:21
украина 24/7 новости | война | новини,труповозки глубокой ночью гомеле местные врачи говорят россию уехало 2500 трупов,2022-03-19 22:44:45
украина 24/7 новости | война | новини,приватбанке предупредили приват24 не 0010 1000 утра 20 марта причина регламентные работы,2022-03-19 22:22:07
украина 24/7 новости | война | новини,информации радио свобода кадыровцы потеряли украине сотни боевиков 13 марта вернулись чечню такую информацию озвучили журналистам сбу,2022-03-19 22:09:04
украина 24/7 новости | война | новини,виталий ким борще мертвых орках лазить,2022-03-19 22:03:26
украина 24/7 новости | война | новини,михаил подоляк поблагодарил премьерминистра польши матеуша моравецкого призыв ес создать план маршалла 20 восстановления украины,2022-03-19 22:03:03
украина 24/7 новости | война | новини,пленных российских военных привлекут восстановлению экономического потенциала украины возможно пойдут обмен сообщил заместитель министра внутренних евгений енин,2022-03-19 21:46:01
украина 24/7 новости | война | новини,оккупанты насильно вывезли жителей мариуполя территорию россии числе отдаленные регионы фильтрационном лагере новоазовске забрали украинские паспорта заявил советник мэра мариуполя,2022-03-19 21:34:12
украина 24/7 новости | война | новини,хотят русские войны 86 россиян поддерживают потенциальное нападение ес польша эстония латвия литва болгария чехия словакия свидетельствует опрос activegroup,2022-03-19 20:50:12
украина 24/7 новости | война | новини,запоріжжя прибули 5 автобусів з маріупольцями які змогли дістатись бердянська це близько 500 людей тих хто хоче одразу продовжити евакуацію,2022-03-19 20:38:00
украина 24/7 новости | война | новини,борис джонсон путинскую ложь путин напал украину знал ядерные ракеты украине не разместят мифическую чушь которую написал историю русского народа,2022-03-19 20:35:29
украина 24/7 новости | война | новини,россияне выбрали нелепый способ действий атакуют потеряют 10 согласятся переговоры попытки чтонибудь захватить вопросы российского народа своему руководству условия выдвигаемые,2022-03-19 20:21:49
украина 24/7 новости | война | новини,замкомандира полка азов ситуации мариуполе состоянию безвозвратные потери оккупантов достигли 50 пехоты 2 танков 2 бтр 1 мтлб бтр оставили,2022-03-19 20:14:47
украина 24/7 новости | война | новини,премьерминистр британии джонсон заявил путин полной панике изза возможной революции москве поэтому пытается жестоко погасить огонь свободы украине,2022-03-19 19:47:23
украина 24/7 новости | война | новини,путин потребует украины отказа крыма донбасса условия бункерный дед выдвинуть президентом владимиром зеленским личных переговоров высокой вероятностью состояться турции сообщает,2022-03-19 19:42:19
украина 24/7 новости | война | новини,житель николаева 1200 саксофоне исполняет гимн украины своём балконе,2022-03-19 19:40:16
украина 24/7 новости | война | новини,генштабе всу сообщили запорожском направлении всу сбили российский вертолёт ка52 киевской области подбили возле запорожья уничтожено 60 оккупантов единиц вражеской,2022-03-19 19:29:03
украина 24/7 новости | война | новини,боевой песталисман черниговских пиротехников блестяще выполняет задачи защите гражданского населения войны помощью саперы гсчс обезвредили 90 взрывоопасных предметов,2022-03-19 19:20:04
украина 24/7 новости | война | новини,николаевской области грозит гуманитарная катастрофа полях лежит огромное количество трупов оккупантов виталий ким просит жителей области сообщать найденных трупах возможности,2022-03-19 18:54:43
украина 24/7 новости | война | новини,бойцы передают привет города рубежное луганской области искренне удивлены смеялись увидели цирковое шоу российских новостях зачистили кадыровцы террористы ордло,2022-03-19 18:41:54
украина 24/7 новости | война | новини,боя пригороде столицы местный житель скидывал тела оккупантов воронку мины присыпал землей поисковая команда собирает трупы обменять украинских пленных 67,2022-03-19 18:33:12
украина 24/7 новости | война | новини,зеленский выступил политиками гражданами швейцарии зараз ми маємо шанс шанс показати не тільки росії й будьякому агресору будьякій державітерористу що,2022-03-19 18:21:56
украина 24/7 новости | война | новини,the new york times пишет зеленский публично призвал росию прямым переговорам президентов турецкие официальные лица утверждают путин такого рода беседе,2022-03-19 18:17:58
украина 24/7 новости | война | новини,болгария концу 2022 намерена разорвать контракт газпромом изза войны украине bloomberg,2022-03-19 17:53:06
украина 24/7 новости | война | новини,оон официально заявили территории украины лабораторий производят биологическое оружие,2022-03-19 17:50:48
украина 24/7 новости | война | новини,железнодорожного сообщения беларусью украиной глава правления украинской железной дороги александр камышин поблагодарил небезразличных белорусов,2022-03-19 17:33:52
украина 24/7 новости | война | новини,украине официально находятся 562 российских военнопленных верещук,2022-03-19 17:01:20
украина 24/7 новости | война | новини,подоляк высказался роли пекина нападении рф украину,2022-03-19 16:58:14
украина 24/7 новости | война | новини,не остановить россию не наказать россию агрессоры мире начнут войны разных регионах разных континентах какоенибудь государство мечтает покорить соседей заявил,2022-03-19 16:36:42
украина 24/7 новости | война | новини,вицеканцлер министр экономики германии роберт хабек заявил германия глупа позволила зависимой россии половине поставок газа,2022-03-19 16:28:52
украина 24/7 новости | война | новини,анекдот дня воронежской области местные чиновники просят торговые сети росгвардии еды связи сложившейся ситуацией территории украины,2022-03-19 16:23:20
украина 24/7 новости | война | новини,больницах беларуси прекратили операции гражданских лечат российских военных большинство раненых оккупантов находятся гомеле области,2022-03-19 16:17:31
украина 24/7 новости | война | новини,премьерминистр польши матеуш моравецкий предложил добавить санкциям россии полную торговую блокаду,2022-03-19 15:53:11
украина 24/7 новости | война | новини,ценный трофей руках всу ртутьбм задача машины мешать работе радиодетонаторов артиллерийских снарядов видео спротив,2022-03-19 15:46:54
украина 24/7 новости | война | новини,ошибкой нормализовать отношения путиным событий украине премьерминистр великобритании джонсон,2022-03-19 15:31:50
украина 24/7 новости | война | новини,нардеп федор вениславский сожалению должны констатировать признать цивилизованный гарантии предоставляли сша великобритания путем присоединения франция китай не выполнены фактически обманули,2022-03-19 15:04:04
украина 24/7 новости | война | новини,глава луганской ова сергей гайдай ситуации регионе бои идут врагу не сдали не сдадут,2022-03-19 14:50:32
украина 24/7 новости | война | новини,генштабе всу сообщают роосия перебрасывать беларусь войска дальнего востока,2022-03-19 14:43:36
украина 24/7 новости | война | новини,премьерминистр шмыгаль сообщает украину импортировали первую 1000 тон бензина европы цены стабилизироваться параллельно стабилизацией поставок,2022-03-19 14:37:13
украина 24/7 новости | война | новини,пережить психологическое истощение войны полезные советы минобороны украины ми обовʼязково переможемо,2022-03-19 14:22:07
украина 24/7 новости | война | новини,дурнев отношение русским,2022-03-19 14:03:53
украина 24/7 новости | война | новини,полк азов предупреждает рашисты надевают белые повязки жителей мариуполя всу путали оккупантами гражданских уверяют якобы выделить мирное население деле таким,2022-03-19 13:59:18
украина 24/7 новости | война | новини,активисты начали блокировать движение российских грузовиков польскобелорусскую границу,2022-03-19 13:47:26
украина 24/7 новости | война | новини,результате авиаудара российских оккупантов макарову погибли пятеро получили ранения разрушены жилые дома повреждено административное здание,2022-03-19 13:39:07
украина 24/7 новости | война | новини,карта активных боевых действий состоянию 19 марта,2022-03-19 13:33:00
украина 24/7 новости | война | новини,село демидов киевской области полностью затопленным изза активных боевых действий регионе разрушения плотины киевском водохранилище село беспрерывно поступает спасатели предупреждают,2022-03-19 13:28:39
украина 24/7 новости | война | новини,последствия обстрелов масштабного пожара рынке барабашово харькове,2022-03-19 13:20:57
украина 24/7 новости | война | новини,нанесла удары подземному составу ракет авиационных боеприпасов украинских войск населенном пункте делятин иванофранковской области сообщил спикер командования воздушных сил вс,2022-03-19 13:19:43
украина 24/7 новости | война | новини,ведущий наизнанку дмитрий комаров сообщил врагом россии,2022-03-19 12:54:33
украина 24/7 новости | война | новини,оккупанты используют мобилизованных ордло пушечное мясо выявления огневых позиций всу украинская разведка,2022-03-19 12:40:54
украина 24/7 новости | война | новини,состояние воздуха киеве нормализовалось начальник управления экологии природных ресурсов кгга александр возный,2022-03-19 12:24:52
украина 24/7 новости | война | новини,приказу начальника погранслужбы украины сергея дейнеко белорусского посла игоря сокола передали председателю госпогранкомитета беларуси анатолию лаппо 30 сребреников,2022-03-19 12:15:09
украина 24/7 новости | война | новини,советник главы оп подоляк отреагировал заявление министра обороны германии кристины ламбрехт нато не вводить бесполетную зону украиной,2022-03-19 12:11:16
украина 24/7 новости | война | новини,тихановская выступая оон призвала официально признать беларусь временно оккупированной,2022-03-19 12:04:11
украина 24/7 новости | война | новини,новая порция успокоительного арестовича,2022-03-19 11:37:40
украина 24/7 новости | война | новини,потери оккупационных войск соотношении общей численности войск рф,2022-03-19 11:36:26
украина 24/7 новости | война | новини,ешим высотки пой мирные жители рассказывают очередном перехваченном разговоре оккупанты мнению украинцы виноваты живут квартирах путин дал съться не съались,2022-03-19 11:24:18
украина 24/7 новости | война | новини,кадры разрушенного оккупантами мариуполя,2022-03-19 11:22:00
украина 24/7 новости | война | новини,рашисты заминировали босфора одессы кремле заявили мины установила украина сообщил руководитель института черноморских исследований андрей клименко,2022-03-19 11:17:00
украина 24/7 новости | война | новини,антон геращенко telegram советник министра внутренних канале делиться эксклюзивной информацией ходе войны рф подписывайся читай первоисточник,2022-03-19 11:02:51
украина 24/7 новости | война | новини,ирина верещук заявила согласовано 10 гуманитарных коридоров • мариуполя запорожье • выехали автобусы вывезти людей бердянска запорожье бердянск отправятся фуры,2022-03-19 10:58:43
украина 24/7 новости | война | новини,рашисты продолжают уничтожать мирный донбасс последние сутки луганской области нанесены сотни ударов северодонецку лисичанску горскому кременному золотому приволью другим населённым,2022-03-19 10:55:49
украина 24/7 новости | война | новини,история кадыров искал бандеру,2022-03-19 10:53:16
украина 24/7 новости | война | новини,генсек оон заявил украине нарушает цепи поставок влечет резкий рост цен топливо продукты питания транспорт должны возможное предотвратить ураган голода,2022-03-19 10:39:32
украина 24/7 новости | война | новини,рашисты заставляют украинских мужчин раздеваться выезде мариуполя патриотичным тату пытаются вычислить азовцев,2022-03-19 10:33:29
украина 24/7 новости | война | новини,bellingcat запускает онлайн документирование военных преступлений россии ukrainebellingcatcom документирование таких инцидентов важно поскольку российские власти утверждают не бьют гражданским лицам,2022-03-19 10:11:57
украина 24/7 новости | война | новини,оккупанты херсоне включили гимн ссср послушали поаплодировали временем украинцы стояли напротив оккупантов громко пели гимн украины,2022-03-19 10:04:48
украина 24/7 новости | война | новини,орки подло ударили ракетой спящем солдатам проводится спасательная операция ким,2022-03-19 10:03:02
украина 24/7 новости | война | новини,свежая статистика генштаба всу боевым потерям оккупантов состоянию 19 марта,2022-03-19 10:00:52
украина 24/7 новости | война | новини,нефтесервисная компания halliburton уходит россии крупнейшая мировая компания бурению обслуживанию нефтяных газовых скважин носитель уникальных технологий,2022-03-19 09:46:33
украина 24/7 новости | война | новини,запорожье вводят длительный комендантский ограничения действовать 1600 19 марта 0600 21 марта 2022 жителей города просят отнестись пониманием,2022-03-19 09:20:33
украина 24/7 новости | война | новини,президента украины пригласили церемонию вручения оскара 28 марта заявила голливудская актриса эми шумер,2022-03-19 09:19:07
украина 24/7 новости | война | новини,использует переговоры украиной перегруппировки войск заявила глава мид британии лиз трасс,2022-03-19 09:18:45
украина 24/7 новости | война | новини,переходит стратегии истощения хаотичные обстрелы населения пытается скрыть военные потери минобороны великобритании кремлю не удалось достичь начальных целей путин значительно,2022-03-19 09:12:25
украина 24/7 новости | война | новини,макаревич уверен путин нажмет красную кнопку оставшийся сотрет россию лица земли,2022-03-19 09:10:01
украина 24/7 новости | война | новини,сумской области российские оккупанты населенных пунктах временно находящиеся осаде похищают пытают людей помогают местные жителипоклонники русского рассказал глава сумской областной,2022-03-19 08:41:35
украина 24/7 новости | война | новини,экспрезиденты сша билл клинтон джордж буш знак поддержки украины возложили цветы украинской церкви чикаго,2022-03-19 08:38:54
украина 24/7 новости | война | новини,вчера воздушные силы всу поразили 10 воздушных целей цели счету пво сухопутных войск,2022-03-19 08:29:49
украина 24/7 новости | война | новини,зеленский 23 марта выступит парламентом японии первое обращение законодательному органу азии сообщает the new york times,2022-03-19 08:23:28
украина 24/7 новости | война | новини,мариуполе идут бои азовсталь российские оккупанты обстрелами фактически уничтожили металлургический завод,2022-03-19 08:17:55
