wardonbass донбассе спецоперация z украине,юрий подоляк украина урок освобождение лиман новый тактика штурм город дать блестящий результат один главный преимущество всу первый месяц война,2022-05-27
wardonbass донбассе спецоперация z украине,освободить красный лиман высота полёт птичка sashakots,2022-05-27
wardonbass донбассе спецоперация z украине,украинский ресурс полагать отказ российский сторона обсуждать возможность обмен боевик сдаться азовсталь связать издевательство убийство российский военнопленный данные продолжаться обвинять,2022-05-27
wardonbass донбассе спецоперация z украине,северодонецкий котёлобстановка союзный сила спецназ ахмат нм лнр настоящий вести непрерывный наступление северодонецк борьба идти метр подступ город окраина смотреть,2022-05-27
wardonbass донбассе спецоперация z украине,михаил мишустин подписать постановление создание особый экономический зона промышленнопроизводственный тип устьлуга ленинградский область,2022-05-27
wardonbass донбассе спецоперация z украине,уфсб пресечь крым незаконный канал поставка оружие украина продавец посредник покупатель задержать поличное сбыт автомат патрон,2022-05-27
wardonbass донбассе спецоперация z украине,военнослужащий инженерный войско западный военный округ продолжать разминирование территория освобождëнный населить пункт харьковский область неразорвавшийся боеприпас всу ежедневно военный инженер,2022-05-27
wardonbass донбассе спецоперация z украине,запорожский херсонский область переходить российский телефонный код вместо украинский советник глава крым крючков,2022-05-27
wardonbass донбассе спецоперация z украине,видео схрон оружие боеприпас укронационалист разместить школа посёлок тошковка лнр опубликовать глава чечня кадыров знать трезвомыслящий человек не секрет нацист,2022-05-27
wardonbass донбассе спецоперация z украине,российский вооружённый сила применять ход спецоперация самый мощный дальнобойный отечественный самоходный пушка малка рассказать минобороны рф,2022-05-27
wardonbass донбассе спецоперация z украине,оспа обезьяна зарегистрировать финляндия власть,2022-05-27
wardonbass донбассе спецоперация z украине,премьер великобритания борис джонсон предложить зеленский создать альянс направить россия писать corriere della sera ссылка источник согласно данные газета лондон,2022-05-27
wardonbass донбассе спецоперация z украине,офицер сержант проявить героизм ход спецоперация вручить госнаграда среди орден александр невский орден мужество медаль жуков командующий войско цво генералполковник,2022-05-27
wardonbass донбассе спецоперация z украине,фсб сообщить усиление подразделение россия граница украина основное связать артобстрел российский пограничник инфраструктура населить пункт результат жертва разрушение,2022-05-27
wardonbass донбассе спецоперация z украине,соцсеть среди житель благовещенск расходиться видео который утверждаться небо хэйхэ китайский берег амур появиться надпись сообщать риа новость мэр благовещенск,2022-05-27
wardonbass донбассе спецоперация z украине,жительница белгородский область получить ранение изз обстрел сторона украина скончаться сообщить губернатор,2022-05-27
wardonbass донбассе спецоперация z украине,работать тяжёлый артиллерия вс россия сау малка уничтожать позиция всу расстояние км снаряд пушка весить кг способный пробить стена бункер,2022-05-27
wardonbass донбассе спецоперация z украине,посёлок новосёловка очистить украинский националист сводный отряд нм днр вс рф полностью зачистить пехота украинский нацбат посёлок новосёловка путь новгородский,2022-05-27
wardonbass донбассе спецоперация z украине,прямой контакт залужный пентагон посредничество зеофис омрачиться первый разногласие согласно украинский источник генштаб настаивать срочный создание новый оборонительный линия славянсккраматорскдружковкаконстантиновкаторецк,2022-05-27
wardonbass донбассе спецоперация z украине,начаться бой район святогорский лавр уникальный архитектурный религиозный комплекс,2022-05-27
wardonbass донбассе спецоперация z украине,завод заря попасная,2022-05-27
wardonbass донбассе спецоперация z украине,несение боевой дежурство расчёт радиолокационный станция небот ход специальный военный операция,2022-05-27
wardonbass донбассе спецоперация z украине,эксклюзив труп украинский вояка найти территория азовсталь мариуполь neoficialniybezsonov,2022-05-26
wardonbass донбассе спецоперация z украине,благодаря зеленский украинский солдат научиться изготавливать бронежилет neoficialniybezsonov,2022-05-26
wardonbass донбассе спецоперация z украине,украина набирать популярность контрафакт neoficialniybezsonov,2022-05-26
wardonbass донбассе спецоперация z украине,военнослужащий подразделение спн росгвардия зона проведение операция украина,2022-05-26
wardonbass донбассе спецоперация z украине,арестович согласный слово анна маляр замминистра оборона украина киев угроза neoficialniybezsonov,2022-05-26
wardonbass донбассе спецоперация z украине,эксклюзив труп погибнуть украинский вояка территория азовсталь мариуполь судить состояние тело лежать не думать забирать neoficialniybezsonov,2022-05-26
wardonbass донбассе спецоперация z украине,слышать наш ответка украм отлично пацан работать neoficialniybezsonov,2022-05-26
wardonbass донбассе спецоперация z украине,центр донецк громко гдеть прилёт крупный артиллерийский калибр neoficialniybezsonov,2022-05-26
wardonbass донбассе спецоперация z украине,юрий подоляк украина киев приговорить гарнизон всу лисичанск северодонецк судить утечка генштаб всу украинский военный командование группировка лисичанскесеверодонецк приговорить задача,2022-05-26
wardonbass донбассе спецоперация z украине,лиман противник бежать группировка запад югозапад огрызаться традиция арта бессиль взятие город подтверждать отважный участник штурм sashakots,2022-05-26
wardonbass донбассе спецоперация z украине,врать готовиться сажать педагог нардеп слуга народ юлия гришин заявить учитель продолжать учить ребёнок освободить территория подвергнуть сторона бандеровский репрессивный,2022-05-26
wardonbass донбассе спецоперация z украине,репортаж окоп северодонецк разведчик передовой который успеть подружиться рассказать выбивать враг окоп лита укрепление окрестность северодонецк dolgz,2022-05-26
wardonbass донбассе спецоперация z украине,самостоятельный дооборудование танк решётка дополнительный защита участие сво материал передать волонтёр,2022-05-26
wardonbass донбассе спецоперация z украине,шпион донести клоун зеленский собирать экстренный совещание весь тусовка свой наркопритон поставить задача срочно назначить виновный беда фронт возбудить уголовный,2022-05-26
wardonbass донбассе спецоперация z украине,украинский источник сообщать залужный общаться напрямую пентагон получать приказ непосредственно оттуда схема принять изз ситуация восточный фронт максимально ускорить процесс,2022-05-26
wardonbass донбассе спецоперация z украине,польскопрусский союз из сила нагнетать обстановка подталкивать невменяемый зеленский к катастрофичный заявление действие выгодно украина государство карта не считать медведев,2022-05-26
wardonbass донбассе спецоперация z украине,медведев предчувствовать свой неизбежный поражение президент украина зеленский найти удобный выход тупик страна проблема,2022-05-26
wardonbass донбассе спецоперация z украине,медведев ультиматум зеленский ультиматум звучать красиво бумага ставить всётаки позиция сила не явный слабость момент победа не поражение трезвый голова,2022-05-26
wardonbass донбассе спецоперация z украине,условие зеленский выдвигать перемирие категоричный идиотизм невыполнимый принцип медведев,2022-05-26
wardonbass донбассе спецоперация z украине,алчевский комбинат поставлять рф сталь производство вагон глава лнр,2022-05-26
wardonbass донбассе спецоперация z украине,писать красный лиман освободить полностью официальный сообщение,2022-05-26
wardonbass донбассе спецоперация z украине,болгария украинский беженец выгнать отель черноморский отель болгария выселить общий сложность беженец июнь отменить бесплатный проезд украинский беженец фрг польша,2022-05-26
wardonbass донбассе спецоперация z украине,гуманитарный помощь раненый беженец житель мариуполь сила международный волонтёрский группа москвадонбасс народный милиция днр ряд волонтёрский фонд организация доставить помощь,2022-05-26
wardonbass донбассе спецоперация z украине,президент белоруссия распорядиться немедленно создать оперативный командование вс республика украинский направление изз расти угроза юг подтолкнуть немедленно создавать оперативный направление,2022-05-26
wardonbass донбассе спецоперация z украине,украинец не захотеть слушать внушение добрый пропагандист мудрый хороший музыка ответить огонь поэтому дискотека закончить работа уехать артиллерист работа воспитание,2022-05-26
wardonbass донбассе спецоперация z украине,глава крым сергей аксёнов сообщить полуостров продлеваться высокий уровень террористический опасность действовать май июнь территория городской округ армянск джанкой красноперекопск,2022-05-26
wardonbass донбассе спецоперация z украине,западный страна иметь множество фобия комплекс число паранойя заявить лавров интервью rt arabic,2022-05-26
wardonbass донбассе спецоперация z украине,российский десантник захватить укрепрайон всу ход продвижение передовой подразделение воздушнодесантный войско вскрыть укрепить позиция всу подразделение разведка расчёт бпнуть определить,2022-05-26
wardonbass донбассе спецоперация z украине,замгенсек оон назвать крайне преждевременный спекуляция размышление перспектива миротворческий миссия украина слово рассмотрение необходимо добиться режим прекращение огонь страна,2022-05-26
wardonbass донбассе спецоперация z украине,генеральный секретарь нато йенс столтенберг полагать готовиться длительный боевой действие украина война истощение,2022-05-26
wardonbass донбассе спецоперация z украине,дополнительно тыс билет поезд южный направление рф поступить продажа близкий день сообщить вицепремьер рф дмитрий чернышенко,2022-05-26
wardonbass донбассе спецоперация z украине,украинский вояка получать тилюля наш арт славянский направление neoficialniybezsonov,2022-05-26
wardonbass донбассе спецоперация z украине,количество раненый горловка возрасти три штаб тероборона стать известно результат уточнение обстоятельство количество ранить обстрел горловка сторона вфу возрасти мужчина,2022-05-26
wardonbass донбассе спецоперация z украине,военнослужащий нм днр вести работа залистовывание позиция противник один действенный способ влияние моральнопсихологический состояние украинский военнослужащий являться использование листовка сбрасывать,2022-05-26
wardonbass донбассе спецоперация z украине,точно перемога украинский телеканал интер великий гордость сообщить патриотизм работник пищевой отрасти украина декоммунизировать продукт стать выпускать антироссийский сыр колбаса,2022-05-26
wardonbass донбассе спецоперация z украине,николай патрушев иранский коллега встреча подчеркнуть важность усиление сотрудничество страна сфера безопасность сообщать сб рф,2022-05-26
wardonbass донбассе спецоперация z украине,белгородский власть ввести запрет въезд приграничный село журавлёвка заявить губернатор,2022-05-26
wardonbass донбассе спецоперация z украине,вертолёт аллигатор вс россия небо лнр,2022-05-26
wardonbass донбассе спецоперация z украине,мариуполь результат детонация территория школа взрывоопасный предмет погибнуть ребёнок сообщить штаб тероборона днр,2022-05-26
wardonbass донбассе спецоперация z украине,украинский боевик атаковать горловка ранить человек штаб тероборона днр результат обстрел ул богун получить ранение мирный житель пострадать домостроение перебить,2022-05-26
wardonbass донбассе спецоперация z украине,боевик не нечего вооружать не перевозить оказываться одевать не заявить заместитель министр оборона украина анна маляр ход брифинг отсутствие форма,2022-05-26
wardonbass донбассе спецоперация z украине,артиллерия группировка вс россия позиция националист район лиман первый лицо sashakots,2022-05-26
wardonbass донбассе спецоперация z украине,сила вмф рф устранить минный опасность акватория порт мариуполь гавань безопасно пользоваться гражданский суд сообщать минобороны рф,2022-05-26
wardonbass донбассе спецоперация z украине,мо рф несмотря создать рф условие безопасный выход шесть ранее заблокировать украина иностранный сухогруз акватория мариуполь руководство страна компанийсудовладелец мера,2022-05-26
wardonbass донбассе спецоперация z украине,путин провести телефонный разговор премьер италия главное обсудить ситуация украина дать принципиальный оценка заморозить киев переговорный процесс путин информировать работа,2022-05-26
wardonbass донбассе спецоперация z украине,минимум трое украинский боевик май сдаться азовсталь сообщить заместитель начальник управление народный милиция днр эдуард басурина,2022-05-26
wardonbass донбассе спецоперация z украине,украина испытывать проблема обеспечение военнослужащий форма изз отъезд специалист производство страна сообщить заместитель министр оборона украина анна маляр,2022-05-26
wardonbass донбассе спецоперация z украине,лавров обнаружить позиция украинский армия подтверждать общемто едваедва успеть операция начаться февраль,2022-05-26
wardonbass донбассе спецоперация z украине,мариупольский порт завтрапослезавтра начать принимать отправлять груз заявить пушилин,2022-05-26
wardonbass донбассе спецоперация z украине,проход сверхнизкий высота северодонецк,2022-05-26
wardonbass донбассе спецоперация z украине,популярный украинский формирование жанр видеообращение способствовать резкий снижение боеспособность первый крик душа повод конкретный проблема препятствовать выполнение боевой задача большинство,2022-05-26
wardonbass донбассе спецоперация z украине,освободить попасная,2022-05-26
wardonbass донбассе спецоперация z украине,войско союзник занять клиновый находиться бахмут артёмовск расстояние км,2022-05-26
wardonbass донбассе спецоперация z украине,боевой расчёт зенитный ракетный система,2022-05-26
wardonbass донбассе спецоперация z украине,курс доллар ход валютный торг мосбиржа превысить рубль впервые май курс евро рубль впервые май данные мск доллар находиться уровень,2022-05-26
wardonbass донбассе спецоперация z украине,открыто стеснение поддерживать участие бизнесмен россия развитие донбасс освободить территория украина замглавы совет безопасность рф,2022-05-26
wardonbass донбассе спецоперация z украине,медведев призвать избавиться родимый пятно бюрократия административный гнёт россия губительный,2022-05-26
wardonbass донбассе спецоперация z украине,лукашенко заявить вооружённый сила белоруссия создать новый оперативный командование южный,2022-05-26
wardonbass донбассе спецоперация z украине,додон поместить домашний арест сутки,2022-05-26
wardonbass донбассе спецоперация z украине,мера дело бандеровец фронт становиться печальный стоить подлый циничный провокация глава правление укрзализници александр камышин заявить якобы подведомственный поездахрефрежиратор храниться,2022-05-26
wardonbass донбассе спецоперация z украине,страна брикс настроить консолидировать шаг борьба санкция дезинформация заявить мид рф,2022-05-26
wardonbass донбассе спецоперация z украине,ребята футбольный клуб знамя ногинск передать наш организация моо вече хороший бпнуть ехать наш боец освобождать донбасс приобрести билет любить,2022-05-26
wardonbass донбассе спецоперация z украине,всу контратаковать авдеевка неонацист предпринять попытка контратака район населить пункт весёлый находиться авдеевка штурм бросить танк бмп рота пехота продвижение,2022-05-26
wardonbass донбассе спецоперация z украине,переименование мелитополь улица назвать честь основоположник украинский национализм дмитрий донцов прочить этнический великоросс улица павел судоплатов легендарный советский разведчик непосредственный,2022-05-26
wardonbass донбассе спецоперация z украине,парламент латвия первый чтение поддержать законопроект обязывать муниципальный власть снести ноябрь советский памятник число освободитель рига,2022-05-26
wardonbass донбассе спецоперация z украине,получить ранение новый обстрел приграничный село журавлёвка белгородский область заявить губернатор,2022-05-26
wardonbass донбассе спецоперация z украине,бывший сотрудник мвд украина смочь полиция херсонский область сообщить гу мвд регион,2022-05-26
wardonbass донбассе спецоперация z украине,видео точный поражение ракетный комплекс фагот укрепрайон украинский националист золото,2022-05-26
wardonbass донбассе спецоперация z украине,ранить покушение глава энергодар шевчик чувствовать неделя выйти работа,2022-05-26
wardonbass донбассе спецоперация z украине,последствие обстрел сторона украина село воробжа курский область губернатор регион роман старовойт сообщить результат атака пострадать школьный учитель ранить осколок,2022-05-26
wardonbass донбассе спецоперация z украине,передвижение состав разведрота лес граница золотой показать корреспондент известие денис кулага журналист боец отправиться встреча группа вооружённый пзрк слово военный,2022-05-26
wardonbass донбассе спецоперация z украине,властный структура украина сложиться мнение запад притормаживать поставка вооружение украина дожидаться исход битва донбасс зеленский истерита требовать союзник немедленный поставка,2022-05-26
wardonbass донбассе спецоперация z украине,украинский националист нести потеря новомихайловский направление военнослужащий народный милиция днр поддержка современный бла вести точный миномётный огонь украинский националист результат,2022-05-26
wardonbass донбассе спецоперация z украине,первый партия дорожностроительный техника орловский область прибыть лнр помощь восстановление инфраструктура заявить глава республика леонид пасечник,2022-05-26
wardonbass донбассе спецоперация z украине,штурмовик вс россия небо город авдеевка донецкий народный республика,2022-05-26
wardonbass донбассе спецоперация z украине,группировка вс россия захватить партия американский дроновкамикадзе switchblade tmervvoenkor,2022-05-26
wardonbass донбассе спецоперация z украине,украинский источник сообщать уровень генштаб всу принять решение не отправлять артиллерия группировка всу действовать донбасс концентрировать город оборонительный линия харьков,2022-05-26
wardonbass донбассе спецоперация z украине,макрон призвать эрдоган уважать суверенный выбор финляндия швеция войти нато сообщать afp,2022-05-26
wardonbass донбассе спецоперация z украине,сша несмотря ситуация украина считать политика китай серьёзный долгосрочный вызов международный порядок заявить блинкен,2022-05-26
wardonbass донбассе спецоперация z украине,турция выступать скорый установление справедливый россия украина заявить президент турция тайип эрдоган ход телефонный переговоры французский коллега эмманюэль макрон,2022-05-26
wardonbass донбассе спецоперация z украине,считать оправдать взятие российский военный охрана запорожский аэс предотвращение утечка радиоактивный материал заявить мид,2022-05-26
wardonbass донбассе спецоперация z украине,украина прибыть развернуть французский целевой группа wagram вооружённый мм сау caesar основный задача группа являться подавление артиллерия противник рамка рэб,2022-05-26
wardonbass донбассе спецоперация z украине,украинский ресурс сообщать якобы страна нато иметь некоторый тайный соглашение согласно который киев поставлять ракетный тактический оперативнотактический система современный танк,2022-05-26
wardonbass донбассе спецоперация z украине,артиллерия всу обстрелять дорога разведчик съёмочный группа известие двигаться сторона граница город золотой снаряд взрываться неподалёку место ехать техника кадр,2022-05-26
wardonbass донбассе спецоперация z украине,пособник сбу задержать военнослужащий росгвардия харьковский область адресный проверка сообщить прессслужба росгвардия,2022-05-26
wardonbass донбассе спецоперация z украине,польский депутат корвинмикк получить выговор сомнение событие украинский буча сообщить составить жалоба коллега,2022-05-26
wardonbass донбассе спецоперация z украине,доброволец бурятия ехать защитить донбасс освободить украина нацистский режим,2022-05-26
wardonbass донбассе спецоперация z украине,домовладение повредить вчера обстрел сторона украина село журавлёвка сообщить белгородский губернатор,2022-05-26
wardonbass донбассе спецоперация z украине,прокурор молдавия заявить наличие доказательство додон намереваться покинуть страна,2022-05-26
wardonbass донбассе спецоперация z украине,министр оборона литва арвидас анушаускас открыть сбор деньга покупка беспилотник bayraktar украина слово млн,2022-05-26
wardonbass донбассе спецоперация z украине,остаться азовсталь боевик не оказывать сопротивление сила днр заявить басурина,2022-05-26
wardonbass донбассе спецоперация z украине,служба безопасность украина предъявить обвинение сотрудничество российский власть бывший депутат верховный рада евгений балицкий,2022-05-26
wardonbass донбассе спецоперация z украине,какойтый стена не отделять такой страна отделить не смочь сообщить владимир путин,2022-05-26
wardonbass донбассе спецоперация z украине,знать посмотреть уходить слава бог путин заверить участник евразийский форум россия найти замена иностранный компания покинуть рынок,2022-05-26
wardonbass донбассе спецоперация z украине,слава бог занять ниша путин уход иностранный компания рф,2022-05-26
wardonbass донбассе спецоперация z украине,путин заявить становиться чемтый сильный изз санкция,2022-05-26
wardonbass донбассе спецоперация z украине,запад считать мировой политика экономика спорт удалить любой неугодный не заявить путин,2022-05-26
wardonbass донбассе спецоперация z украине,рф не собираться отрезать технология развитой страна пытаться выдавить невозможно считать путин,2022-05-26
wardonbass донбассе спецоперация z украине,президент белоруссия александр лукашенко считать необходимый пересмотреть подход модернизация вооружённый сила учёт происходить украина боевой действие,2022-05-26
wardonbass донбассе спецоперация z украине,зеофис полностью игнорировать видеообращение боевик спикер режим соцсеть подробно объяснять проблема временной подождать середина июль поскольку страна запад насытить украинский,2022-05-26
wardonbass донбассе спецоперация z украине,украинский солдат не захотеть котёл поэтому сбежать позиция район новолуганский мотивация отступление всу обеспечить дерзкий штурм предпринять наш войско направление,2022-05-26
wardonbass донбассе спецоперация z украине,освободить попасная,2022-05-26
wardonbass донбассе спецоперация z украине,посол украина германия андрей мельник продолжать издеваться руководство фрг прокомментировать военный помощь берлин киев разместить твиттер фото улитка панцирь кусок,2022-05-26
wardonbass донбассе спецоперация z украине,российский бплакамикадзе всу харьковский область tacticalnecktie,2022-05-26
wardonbass донбассе спецоперация z украине,верховный рада внести законопроект изъятие собственность белоруссия,2022-05-26
wardonbass донбассе спецоперация z украине,дом школа получить повреждение обстрел сторона украина окраина село ворожба курский область губернатор,2022-05-26
wardonbass донбассе спецоперация z украине,президент грузия салом зурабишвили назвать провокация сторона россия запланировать июль референдум южный осетия присоединение рф,2022-05-26
wardonbass донбассе спецоперация z украине,украинский националист обстрелять село нововоскресенский херсонский область снаряд дистанционный минирование минобороны рф населить пункт подразделение всу националист выпустить неуправляемый ракета,2022-05-26
wardonbass донбассе спецоперация z украине,не сомневаться украинский командир крайний мера ряд случай поощрять подчинённый запись гневный видеообращение зеленский поскольку штатный коммуникационный линия который следовать,2022-05-26
wardonbass донбассе спецоперация z украине,предложить украинец плен сдаться пускай сдаваться предлагать российский военный захватить укрепление всу въезд северодонецк украинский боевик покинуть блиндаж бой произойти,2022-05-26
wardonbass донбассе спецоперация z украине,советник министр энергетика украина елена зеркаля заявить фон нежелание будапешт отказываться российский газ киев рычаг давление венгрия вид идти украинский,2022-05-26
wardonbass донбассе спецоперация z украине,моо вече продолжать активный работа помощь военнослужащий нм лднр организация оплатить лечение реабилитация несколько боец получить тяжёлый ранение ход выполнение,2022-05-26
wardonbass донбассе спецоперация z украине,крутый видео показаться какаять компьютерный игра тяжёлый огнемётный система солнцепёк вс рф вести огонь позиция всу украинский солдат осознать любоваться,2022-05-26
wardonbass донбассе спецоперация z украине,кадр боевой работа расчёт оперативнотактический ракетный комплекс искандер ход специальный военный операция вооружённый сила российский федерация продолжать наносить удар высокоточный,2022-05-26
wardonbass донбассе спецоперация z украине,песок назвать вакханалия ситуация осквернение российский памятник европейский страна подчеркнуть российский дипломат прикладывать максимум усилие противодействие,2022-05-26
wardonbass донбассе спецоперация z украине,песок ждать киев принятие озвучить россия требование осознание реальный ситуация,2022-05-26
wardonbass донбассе спецоперация z украине,рф категорически не приемлет обвинение адрес препятствование вывоз зерно украина решение запад привести блокада песок,2022-05-26
wardonbass донбассе спецоперация z украине,губернатор курский область роман старовойт сообщить взрыв суджанский район настоящий поступать информация хлопок суджанский район территория населить пункт нижнемаховый ворожба,2022-05-26
wardonbass донбассе спецоперация z украине,этап мариупольский трибунал украинский националист провести конец лето пушилин,2022-05-26
wardonbass донбассе спецоперация z украине,случай блокировка брифинг мид рф youtube ответить высылка журналист западный сми захаров,2022-05-26
wardonbass донбассе спецоперация z украине,боевик окапываться обстреливать мирный население кадр военкор rt валентина горшенин отбить позиция всу населить пункт луганский протяжение несколько идти перестрелка,2022-05-26
wardonbass донбассе спецоперация z украине,глава лнр пасечник заявить взятие контроль территория республика,2022-05-26
wardonbass донбассе спецоперация z украине,должный заставить путин навязать не украина не принять канцлер фрг шольц,2022-05-26
wardonbass донбассе спецоперация z украине,басурина спрятаться азовсталь украинский боец найти полный зачистка требоваться неделя,2022-05-26
wardonbass донбассе спецоперация z украине,сюжет зеленский точно заказать киллер главнокомандующий всу залужный neoficialniybezsonov,2022-05-26
wardonbass донбассе спецоперация z украине,главный коммуникационный линия украинский боевик нацистский режим оставаться видеообращение зеленский жаловаться отсутствие профессиональный командование полноценный подготовка вооружение командир нехватка продовольствие,2022-05-26
wardonbass донбассе спецоперация z украине,начальник управление нм лнр выехать передовой харьков вручить государственный награда,2022-05-26
wardonbass донбассе спецоперация z украине,очередной малолетка украинский терроборона позировать военный форма сигнальный пистолет погибнуть свой взрослый побратим западный сми кричать убийство ребёнок смотреть родитель,2022-05-26
wardonbass донбассе спецоперация z украине,хороший агитмашин война обязательно звук,2022-05-26
wardonbass донбассе спецоперация z украине,российский мобильный оператор начать территория херсонский область рассказать глава администрация,2022-05-26
wardonbass донбассе спецоперация z украине,несмотря директивный распоряжение офис зеленский поток обращение военный руководство пресечь не появиться ролик боевик рота отдельный стрелковый батальон отправить фронт,2022-05-26
wardonbass донбассе спецоперация z украине,освободить попасная,2022-05-26
wardonbass донбассе спецоперация z украине,житель херсон рассказывать нынешний жизнь neoficialniybezsonov,2022-05-26
wardonbass донбассе спецоперация z украине,арестович обратиться западный партнёр украина перестать верить незалежный призывать уступка россия скажем деликатно не послать най долбба бть такой предложение,2022-05-26
wardonbass донбассе спецоперация z украине,иностранный волонтёр украинский вояка ситуация северодонецк ад вотвот пасть neoficialniybezsonov,2022-05-26
wardonbass донбассе спецоперация z украине,обвинение запросить российский военный судить украина лишение свобода,2022-05-26
wardonbass донбассе спецоперация z украине,турчак налоговый льгота предприятие открывать филиал донбасс российский предприниматель открыться уникальный возможность освоение новый рынок освободиться целый сектор банковский сфера,2022-05-26
wardonbass донбассе спецоперация z украине,запуск крылатый ракета комплекс искандерк позиция всу,2022-05-26
wardonbass донбассе спецоперация z украине,утренний брифинг минобороны россия,2022-05-26
wardonbass донбассе спецоперация z украине,проведение специальный военный операция уничтожить самолёт вертолёт беспилотный летательный аппарат зенитный ракетный комплекс танк боевой бронировать машина установка реактивный система,2022-05-26
wardonbass донбассе спецоперация z украине,минобороны россия ракетный войско артиллерия поразить пункт управление район сосредоточение живой сила военный техника всу артиллерийский миномётный подразделение огнев позиция,2022-05-26
wardonbass донбассе спецоперация z украине,херсонский харьковский область лнр уничтожить украинский бпнуть число реактивный рейс советский производство район населить пункт меловатовка лнр сообщать мо рф,2022-05-26
wardonbass донбассе спецоперация z украине,мо рф российский средство пво харьковский область сбить украинский вертолёт сбить воздух доставлять боеприпас вооружение военнотранспортный самолёт воздушный сила украина,2022-05-26
wardonbass донбассе спецоперация z украине,оперативнотактический армейский авиация поразить район сосредоточение живой сила военный техника всу миномётный расчёт склад ракетноартиллерийский вооружение боеприпас результат удар авиация,2022-05-26
wardonbass донбассе спецоперация z украине,украинский нацист появиться фетиш старый немецкий зсу гепард мнение должный радикально улучшить положение мнение не не удивлять поскольку речь идти,2022-05-26
wardonbass донбассе спецоперация z украине,сутки высокоточный ракета воздушный базирование поразить район сосредоточение живой сила военный техника всу артиллерийский батарея склад боеприпас район николаевка берёстовый,2022-05-26
wardonbass донбассе спецоперация z украине,николаевский область уничтожить украинский центр радиоэлектронный разведка число военнослужащий боевой расчёт прибыть охрана иностранный специалист инженернотехнический оперативный состав сообщать минобороны,2022-05-26
wardonbass донбассе спецоперация z украине,полка нм днр который моо вече оказывать помощь бпнуть техника направление новомихайловка уничтожение укрепрайон позиция всу корректировка огонь вести передать,2022-05-26
wardonbass донбассе спецоперация z украине,юрий подоляк украина батальон донбасс дезертировать эвакуироваться камышеваха такой не не струсить не дезертировать новый всушной терминология благополучно эвакуироваться спасать,2022-05-26
wardonbass донбассе спецоперация z украине,главком всу залужный понимать смотреть карта портрет зеленский не приказ отступать новый котёл оказаться подразделение танковый мотопехотный бригада тероборона нацбатальон,2022-05-26
wardonbass донбассе спецоперация z украине,азовсталь наслать украинский боец спрятаться отстать сдача плен гарантия полный зачистка пушилин,2022-05-26
wardonbass донбассе спецоперация z украине,донецк открыть памятник командир легендарный спарта владимир жог герой россия днр мочь исполниться,2022-05-26
wardonbass донбассе спецоперация z украине,всу практически бой сдать светлодарск днр боец народный милиция лнр захватить передовой позиция украинский войско опасаться окружение оставаться подразделение отступить,2022-05-26
wardonbass донбассе спецоперация z украине,факт военный преступление сторона украинский ублюдок некоторый херсонский область группа наш боец число мобилизировать пойти разведка пропасть начать искать время,2022-05-26
wardonbass донбассе спецоперация z украине,генеральный секретарь нато йенс столтенберг призвать государство входящий альянс готовый прийтись оказывать поддержка украина течение длительный,2022-05-26
wardonbass донбассе спецоперация z украине,спарта стража республика канун очередной годовщина украинский атака донецкий аэропорт дончанин разделиться боец легендарный батальон спарта рассказать штурм воздушный гавань,2022-05-26
wardonbass донбассе спецоперация z украине,верховный суд рф принять решение перенос июнь рассмотрение требование генпрокуратура признание украинский военизированный объединение азов террористический организация запрет деятельность россия,2022-05-26
wardonbass донбассе спецоперация z украине,офис зеленский пребывать немалый растерянность изз непрекращающийся видеообращение украинский боевик руководство страна не понимать бороться зрада подельник клоун хватать ум,2022-05-26
wardonbass донбассе спецоперация z украине,освободить попасная,2022-05-26
wardonbass донбассе спецоперация z украине,просить предупредить санька голтвенко александр валериевич гр бывший зам мэр мариуполь руководить самооборона запорожье телефон завтра утром нагрянуть сбу ктоть,2022-05-26
wardonbass донбассе спецоперация z украине,артиллерия союзный сила рф луганский народный республика уничтожать украинский позиция северодонецк направление,2022-05-26
wardonbass донбассе спецоперация z украине,пушилин проведение референдум вхождение состав россия целесообразно выход конституционный граница днр лнр,2022-05-26
wardonbass донбассе спецоперация z украине,число украинский пленный лнр днр составлять восемь посол республика россия мирошникнуть,2022-05-26
wardonbass донбассе спецоперация z украине,вс россия поднять администрация лиман знамя победа флаг россия днр группировка освободить больший город центр наш рука число здание администрация,2022-05-26
wardonbass донбассе спецоперация z украине,кадр захватить укрепить позиция всу ход продвижение передовой подразделение воздушнодесантный войско вскрыть укрепить позиция всу результат артиллерийский удар противник понести,2022-05-26
wardonbass донбассе спецоперация z украине,сообщение жена командир азов екатерина прокопенко плен обходиться вполне гуманно корректно вызвать столь нежелательный зеофис дискуссия украинский общество число прочее,2022-05-26
wardonbass донбассе спецоперация z украине,траектория движение ракета просчитать невозможно кадр боевой работа искандер ход спецоперация материал масксеть пропитать специальный химический состав искандер прятать разведка,2022-05-26
wardonbass донбассе спецоперация z украине,народный милиция лнр продолжать попытка призвать украинский националист золото покинуть зона боевой действие,2022-05-26
wardonbass донбассе спецоперация z украине,светлодарск освободить объединить группировка войско рф лнр днр линия оборона всу прорвать окрестность населить пункт светлодарск освободить украинский оккупация бой,2022-05-26
wardonbass донбассе спецоперация z украине,донецкий работать пво,2022-05-26
wardonbass донбассе спецоперация z украине,боевой вертолёт армейский авиация вс россия гдеть донбасс,2022-05-26
wardonbass донбассе спецоперация z украине,както неловко выйти,2022-05-26
wardonbass донбассе спецоперация z украине,боль ужас слеза унижение голод холод левый вооружение пулемёт максим очередной серия блокбастер молчание поросёнок серия несчастный рота отдельный стрелковый,2022-05-26
wardonbass донбассе спецоперация z украине,военный эксперт центр cigr владимир орлов прокомментировать ситуация эфир программа мнение оценить обстановка донбасс последний событие светлодарский участок фронт подразделение,2022-05-25
wardonbass донбассе спецоперация z украине,редкий кадр видео ближний стрелковый бой окоп противник разведчик бригада армия лнр,2022-05-25
wardonbass донбассе спецоперация z украине,бомба запорожский аэс режим зеленский накопить тонна плутоний тонна обогатить уран сообщить журналист wall street journal лоуренс норман ссылка генеральный,2022-05-25
wardonbass донбассе спецоперация z украине,продолжать публиковать фото освободить попасная,2022-05-25
wardonbass донбассе спецоперация z украине,украинский ресурс распространяться видеозапись движение польский военный техника улица румынский город браил расположить граница молдавия одесский область собственно маршрут использоваться,2022-05-25
wardonbass донбассе спецоперация z украине,zв зона проведение специальный военный операция,2022-05-25
wardonbass донбассе спецоперация z украине,вс республика белоруссия начать завтра военный учение граница волынский область украина сообщить сми глава исполком брест александр рогачук манёвр принять,2022-05-25
wardonbass донбассе спецоперация z украине,белгородский область выпустить шоколад алёшка честь мальчик приветствовать военный партия развезти госпиталь передовой сообщить губернатор,2022-05-25
wardonbass донбассе спецоперация z украине,наверно впервые сво арестович горестно констатировать фейгин неуспех украинский формирование фронт найти виновник безобразие вопервое сша тормозить лендлиз второй германия,2022-05-25
wardonbass донбассе спецоперация z украине,юрий подоляк украина оперативный окружение лисичанскасеверодонецк вс рф перерезать трасса бахмутлисичанск самый лисичанскосеверодонецкий группировка всу очутиться оперативный окружение который срочно,2022-05-25
wardonbass донбассе спецоперация z украине,боевик всу отойти территория светлодарск опасаться попадание котёл благодаря практически не пострадать третий бригада нм днр вести артподготовка взятие нп,2022-05-25
wardonbass донбассе спецоперация z украине,кадр панический бегство украинский десантник одшбра красный лиман процесс отступление украинский останавливаться подбирать одиночный солдат разбежаться леса артобстрел вс рф,2022-05-25
wardonbass донбассе спецоперация z украине,память старший разведчикаснайпер спецназ вс рф александр кислинский,2022-05-25
wardonbass донбассе спецоперация z украине,ссо россия предотвращение попытка прорыв населить пункт павловка донецкий область май удар нанести помощь блакамикадзе куб объективный контроль вестись бпнуть,2022-05-25
wardonbass донбассе спецоперация z украине,западный эксперт не единодушный оптимистичный киевский режим прогноз развитие ситуация бывший директор цру дэвид петреус отвечать завершиться украина ответить первый,2022-05-25
wardonbass донбассе спецоперация z украине,миномётный бой боец днр лнр всу показать корреспондент известие станислав григорьев не зря конфликт сегодняшний называть соревнование артиллерия коптер отметить,2022-05-25
wardonbass донбассе спецоперация z украине,малый родина похоронный отважный воин герой старший разведчикснайпер спецназ вс рф кислинский александр александр погибнуть выполнять боевой задача донецкий направление,2022-05-25
wardonbass донбассе спецоперация z украине,район посёлок новолуганский позиция вооружённый формирование украина передовой линия оборона освобождение народный милиция лнр светлодарск,2022-05-25
wardonbass донбассе спецоперация z украине,отдельный комендантский полк приглашать ряд доброволец несение служба поддержание правопорядок обеспечение безопасность республика контактный телефон,2022-05-25
wardonbass донбассе спецоперация z украине,трофейный гранатомёт milinfolive,2022-05-25
wardonbass донбассе спецоперация z украине,украинский сми ссылка киевский администрация объявить июнь киев возобновить работа детский сад странный военный условие решение объяснять необходимость возвращение киевлянин,2022-05-25
wardonbass донбассе спецоперация z украине,кадр слаженный работа войско союзный сила ход разведка выявить вражеский mlrs огневой позиция норка артиллерия отважный не оставаться демилитаризовать объект,2022-05-25
wardonbass донбассе спецоперация z украине,зеленский разыгрывать карта медведчук решить разом вывести игра потенциальный оппонент распоряжение зеофис сбу вызывать допрос авакова турчиновый яценюк качество свидетель,2022-05-25
wardonbass донбассе спецоперация z украине,кадыров заявить российский сила заслать лисичанск заслать северодонецк украинский боевик нести потеря паника,2022-05-25
wardonbass донбассе спецоперация z украине,солнцепёк артиллерия полка днр уничтожать опорный пункт всу новомихайловка,2022-05-25
wardonbass донбассе спецоперация z украине,распоряжение известие появиться кадр снятой коптер вестись объективный контроль поражение позиция украинский боец артиллерия авдеевский направление всу пытаться спрятаться насыпь,2022-05-25
wardonbass донбассе спецоперация z украине,подорвать отступление украинский корабль донбасс мариуполь показать видео украинский подразделение подорвать флагманский корабль азовский море затопить отступление уничтожить оборудование документ,2022-05-25
wardonbass донбассе спецоперация z украине,выступление екатерина прокопенко жена командир азов британский the guardian вызвать крайний раздражение зекоманда поскольку развенчивать главный миф киевский пропаганда число,2022-05-25
wardonbass донбассе спецоперация z украине,территория красный лиман наш контроль остаться считать день освобождение заявить пушилин,2022-05-25
wardonbass донбассе спецоперация z украине,освободить попасная,2022-05-25
wardonbass донбассе спецоперация z украине,результат одиночный прилёт куйбышевский район ул горный погибнуть мирный житель ранить число несовершеннолетний зафиксировать повреждение оконный блок жилой дом три,2022-05-25
wardonbass донбассе спецоперация z украине,согласно сообщение the wall street journal чехия передать украина эскадрилья вертолёт точный число не сообщаться власть республика сообщить готовый продать,2022-05-25
wardonbass донбассе спецоперация z украине,искандер ночной кошмар всу оперативнотактический ракетный комплекс искандер один символ демилитаризация украина ежедневно дать ракета уничтожать десятка объект всу транспортный,2022-05-25
wardonbass донбассе спецоперация z украине,результат обстрел всу жд вокзал куйбышевский район донецк,2022-05-25
wardonbass донбассе спецоперация z украине,рисковать свой здоровье жизнь ради человек донбасс ради россия путин назвать герой участник специальный военный операция украина,2022-05-25
wardonbass донбассе спецоперация z украине,видео боевой действие солдат отряд дон вс рф ростовский область донбасс,2022-05-25
wardonbass донбассе спецоперация z украине,украинский мобилизовать рассказывать муж позвонить собирать остаться живой возвращать позиция не дать никто не усилить командование постоянно угрожать не знать,2022-05-25
wardonbass донбассе спецоперация z украине,залужный доложить зеленский украинский артиллерия отводиться безнадёжный северодонецк не попасть фланговый удар восточный направление фактически открытый прорыв оборона бандеровец попасная,2022-05-25
wardonbass донбассе спецоперация z украине,мощь реактивный артиллерия группировка v российский войско рсзый ураган шквальный огонь уничтожать скопление техника живой сила неприятель opersvodki,2022-05-25
wardonbass донбассе спецоперация z украине,путин ситуация инфляция безработица,2022-05-25
wardonbass донбассе спецоперация z украине,путин предлагать июнь увеличить пенсия неработающий пенсионер,2022-05-25
wardonbass донбассе спецоперация z украине,прожиточный минимум вырасти рф июнь сообщить путин,2022-05-25
wardonbass донбассе спецоперация z украине,июль повысить мрот путин,2022-05-25
wardonbass донбассе спецоперация z украине,путин экономика рф динамика прогнозироваться некоторый эксперт,2022-05-25
wardonbass донбассе спецоперация z украине,путин поручить кабмин оперативно реагировать потребность военный медицина поддерживать военнослужащий получить ранение семья погибнуть,2022-05-25
wardonbass донбассе спецоперация z украине,путин поручить регион поддержать семья военнослужащий участвовать спецоперация,2022-05-25
wardonbass донбассе спецоперация z украине,путин поручить правительство увеличить выплата российский военнослужащий действовать украина,2022-05-25
wardonbass донбассе спецоперация z украине,доллар скукоживаться рубль укрепляться путин,2022-05-25
wardonbass донбассе спецоперация z украине,новшество законодательство тайный сотрудничество иностранный спецслужба тюрьма рубль штраф участие боевой действие граница интерес рф тюрьма ps открытый сотрудничество иностранный,2022-05-25
wardonbass донбассе спецоперация z украине,владимир путин сергей шойгу посетить центральный военный клинический госпиталь имя пвмандрык проходить лечение военнослужащий вооружённый сила россия получить ранение ход,2022-05-25
wardonbass донбассе спецоперация z украине,жена украинский мобилизовать атаковать военкомат произойти луцк женщина собраться полсотни говорить хлопец передок беззащитный военкомат говорить не волонтёр начинать рассказывать,2022-05-25
wardonbass донбассе спецоперация z украине,склад боеприпас всу красный лиман традиция детский сад sashakots,2022-05-25
wardonbass донбассе спецоперация z украине,публичный призыв действие безопасность россия караться лишение свобода срок штраф млн рубль говориться законопроект,2022-05-25
wardonbass донбассе спецоперация z украине,тайный сотрудничество россиянин иностранный спецслужба наказываться лишение свобода срок,2022-05-25
wardonbass донбассе спецоперация z украине,госдума внести законопроект согласно который переход сторона противник условие вооружённый конфликт военный действие россия считаться госизмена наказываться лишение свобода,2022-05-25
wardonbass донбассе спецоперация z украине,российский вооружённый сила контролировать свыше территория запорожский область сообщить власть регион,2022-05-25
wardonbass донбассе спецоперация z украине,путин представить мчс россия новый глава ведомство куренкова не карьерист служака уметь погружаться выстраивать отношение поблагодарить чуприян работа качество врио,2022-05-25
wardonbass донбассе спецоперация z украине,прокуратура просить суд арестовать додон день,2022-05-25
wardonbass донбассе спецоперация z украине,корабль порт мариуполь отправить тонна металлопродукция ростовнадон близкий день заявить мэр город,2022-05-25
wardonbass донбассе спецоперация z украине,украинский терроборона начать набирать ребёнок пример пацан neoficialniybezsonov,2022-05-25
wardonbass донбассе спецоперация z украине,черкасский терроборона отказаться воевать записать видеообращение май отправить выполнять боевой задача тяжёлый вооружение не обеспечить черкасский терроборона командование угрожать арест,2022-05-25
wardonbass донбассе спецоперация z украине,офис зеленский дать добро отвод украинский формирование ряд населить пункт косвенно подтверждать измениться риторика украинский спикер вчера говорить непреступный крепость,2022-05-25
wardonbass донбассе спецоперация z украине,арт отважный громить нацист лиман точный удар ход штурм лиман российский дивизионный самоходный гаубица мстас использование корректировать артиллерийский боеприпас точный,2022-05-25
wardonbass донбассе спецоперация z украине,путин посетить госпиталь проходить лечение военнослужащий получить ранение ход специальный военный операция украина здравие желать здравствуйте,2022-05-25
wardonbass донбассе спецоперация z украине,путин шойгу приехать госпиталь военнослужащий ранить украина донбасс,2022-05-25
wardonbass донбассе спецоперация z украине,россия ресурс оплата госдолг заявить кудрин добавить отказ минфин сша продлевать лицензия обслуживание госдолг рф формально не являться дефолт,2022-05-25
wardonbass донбассе спецоперация z украине,пострадать обстрел село журавлёвка белгородский область сообщить губернатор,2022-05-25
wardonbass донбассе спецоперация z украине,херсонский область приступить создание центр выдача российский паспорт сообщать риа новость ссылка замглавы администрация регион,2022-05-25
wardonbass донбассе спецоперация z украине,минцифра россия пообещать лишить аккредитация itкомпания увольнять сотрудник украинский гражданство министерство заявить компания не смочь льгота,2022-05-25
wardonbass донбассе спецоперация z украине,ночью офис зеленский состояться кризисный совещание ситуация донбасс участие залужный представитель генштаб разговор идти повышенный тон военный удаться убедить зеленский,2022-05-25
wardonbass донбассе спецоперация z украине,первый фото российский войско красный лиман группировка отважный продолжать выдавливать противник город цепляться жд вокзал успевать бежать юг sashakots,2022-05-25
wardonbass донбассе спецоперация z украине,мвд днр публиковать кадр сдача плен украинский боевик территория комбинат азовсталь,2022-05-25
wardonbass донбассе спецоперация z украине,ситуация донбасс чрезвычайно плохой заявить кулеб глава украинский мид добавить украина не передать ракетный вооружение плохой neoficialniybezsonov,2022-05-25
wardonbass донбассе спецоперация z украине,мариуполь начать работа райотдел полиция днр,2022-05-25
wardonbass донбассе спецоперация z украине,боевик бригада записать обращение зеленский подвергнуть репрессия давать самый ожидать подписант обращенец эстафета боевик подхватить жена мать массово порядок записывать,2022-05-25
wardonbass донбассе спецоперация z украине,разгромить колонна всу ктоть передовой не дождаться боеприпас российский артиллерия отважный уничтожить славянский район днр украинский колонна автомобиль краз перевозить,2022-05-25
wardonbass донбассе спецоперация z украине,обстрел куйбышевский район украинский боевик продолжать терроризировать мирный население донбасс результат артиллерийский обстрел куйбышевский район повредить жилой многоквартирный дом частный,2022-05-25
wardonbass донбассе спецоперация z украине,возможность ракетный войско вкс россия впечатлять наш оппонент власть польша намерить срочно приобрести дополнительно батарея система противовоздушный противоракетный оборона patriot,2022-05-25
wardonbass донбассе спецоперация z украине,очередной груз линия моо вече доехать назначение бпнуть тепловизор спецподразделение z выполнять самый сложный боевой задача украина помочь защитник донбасс,2022-05-25
wardonbass донбассе спецоперация z украине,путин май выступить пленарный сессия евразийский экономический форум видеоформат сообщить кремль,2022-05-25
wardonbass донбассе спецоперация z украине,житель светлодарск получение поздравительный листовка нм лнр день киевский оккупация,2022-05-25
wardonbass донбассе спецоперация z украине,корреспондент московский корпункт канадский корпорация cbs покинуть рф начало март собственный желание сообщить захаров,2022-05-25
wardonbass донбассе спецоперация z украине,проблема вода днр решить взятие славянск контроль заявить басурина,2022-05-25
wardonbass донбассе спецоперация z украине,украинский министр оборона резник комментировать виртуальный встреча рамштайна заявить участник встреча объявить новый способ поддержка украина переломить ход война мнение,2022-05-25
wardonbass донбассе спецоперация z украине,российский артиллерист плотный огонь выбивать всу занятой позиция район камышеваха лнр кадр беспатентный работа наш артиллерия не уничтожить склад боеприпас,2022-05-25
wardonbass донбассе спецоперация z украине,спикер совет федерация валентина матвиенко призвать не допускать общество охота ведьма отношение деятель культура изз отношение специальный военный операция украина,2022-05-25
wardonbass донбассе спецоперация z украине,минобороны закон отмена возрастной предел заключение первый контракт военный служба позволить привлечь армия водитель фельдшер повар плохой прийти водитель повар,2022-05-25
wardonbass донбассе спецоперация z украине,мид россия иностранный судно смочь порт мариуполь разминирование,2022-05-25
wardonbass донбассе спецоперация z украине,совфед одобрить закон отмена возрастной предел заключение первый контракт военный служба заключить контракт военный служба россия возраст пояснить замглавы минобороны,2022-05-25
wardonbass донбассе спецоперация z украине,освободить попасная,2022-05-25
wardonbass донбассе спецоперация z украине,демилитаризация позиция всу лесополоса изюм sashakots,2022-05-25
wardonbass донбассе спецоперация z украине,народный милиция лнр продолжать попытка призвать украинский националист северодонецк сложить оружие,2022-05-25
wardonbass донбассе спецоперация z украине,правильно написать александр жучковский кровь украинец русский суть один знать русский верить хотеть украинец поведение влиять сущность мировоззрение человек не,2022-05-25
wardonbass донбассе спецоперация z украине,путин подписать указ упрощённый приём российский гражданство житель запорожский херсонский область,2022-05-25
wardonbass донбассе спецоперация z украине,начаться активный фаза освобождение населить пункт новолуганский глава администрация горловка иван приходько мэр призвать житель посёлок воздержаться посещение улица не,2022-05-25
wardonbass донбассе спецоперация z украине,путин назначить генералмайор куренкова глава мчс,2022-05-25
wardonbass донбассе спецоперация z украине,власть запорожский область подготавливать инфраструктура организация выдача житель российский паспорт среда сообщить администрация регион,2022-05-25
wardonbass донбассе спецоперация z украине,боевой расчёт реактивный система залповый огонь град,2022-05-25
wardonbass донбассе спецоперация z украине,хотеть заверить стратегический друг запад банкрот не слуцкий прокомментировать решение минфин сша отозвать лицензия рф обслуживание внешний госдолг,2022-05-25
wardonbass донбассе спецоперация z украине,артиллерия лнр оказывать мощный огневой поддержка наступление союзный сила северодонецк кадр первый мир серийный плавать гусеничный сау гвоздик,2022-05-25
wardonbass донбассе спецоперация z украине,еврокомиссия официально предложить рассматривать обход санкция преступление уровень евросоюз,2022-05-25
wardonbass донбассе спецоперация z украине,зеленский не популярный запад превратиться секссимвол чехия женщина не желать разделить ложа президентомкомик начать выпускать подушка изображение сообщаться товар пользоваться,2022-05-25
wardonbass донбассе спецоперация z украине,минобороны россия опубликовать видео показывать точный поражение военный объект украина гаубица мстаб,2022-05-25
wardonbass донбассе спецоперация z украине,пуск крылатый ракета калибр корабль черноморский флот цех завод мотор сич запорожье производить авиационный двигатель всу,2022-05-25
wardonbass донбассе спецоперация z украине,предприятие мотор сич калибровка напомнить мотор сич украинский предприятие заниматься разработка производство ремонт обслуживание авиационный двигатель самолёт вертолёт neoficialniybezsonov,2022-05-25
wardonbass донбассе спецоперация z украине,республиканский танк атаковать всу северодонецк республиканский сила мотострелковый бригада нм лнр вести наступление позиция всу район северодонецк видео снять разведывательный,2022-05-25
wardonbass донбассе спецоперация z украине,международный морской организация предупредить морской мина свободно плавать чёрный море берег румыния турция результат конфликт украина призвать осторожность навигация говориться,2022-05-25
wardonbass донбассе спецоперация z украине,путин коллегия мчс лично представить новый глава ведомство александр куренкова кремль,2022-05-25
wardonbass донбассе спецоперация z украине,процесс усиление рубль доллар постоянно обсуждаться совещание путин повод особый внимание заявить песок,2022-05-25
wardonbass донбассе спецоперация z украине,путин май посетить один московский госпиталь боец раненый ход спецоперация украина сообщить песок,2022-05-25
wardonbass донбассе спецоперация z украине,каждый общество большинство человек складываться устойчивый ощущение закон не сторона обязывать ограничивать не закон ограничивать право гражданин тот часть нарушение,2022-05-25
wardonbass донбассе спецоперация z украине,сбу вызывать допрос качество свидетель авакова яценюк турчиновый дело порошенко медведчук повестка датировать май опубликовать сайт ведомство состояться допрос неизвестно,2022-05-25
wardonbass донбассе спецоперация z украине,очередной груз линия моо вече доехать назначение полк нм днр получить бпнуть mavic enterprise тепловизионный камера необходимый успешный выполнение боевой,2022-05-25
wardonbass донбассе спецоперация z украине,мид отвергнуть возможность обмен боевик азов суд замглавы мид андрей руденко заявить не располагать информация какой страна принять участие работа,2022-05-25
wardonbass донбассе спецоперация z украине,российский штурмовик небо донбасс видео ukrgm,2022-05-25
wardonbass донбассе спецоперация z украине,состояние май территория донецкий народный республика группировка войско днр лнр огневой поддержка вс рф освободить установить полный контроль населить пункт,2022-05-25
wardonbass донбассе спецоперация z украине,мид не рассматривать возможность обмен медведчук,2022-05-25
wardonbass донбассе спецоперация z украине,утренний брифинг минобороны рф,2022-05-25
wardonbass донбассе спецоперация z украине,проведение специальный военный операция уничтожить самолёт вертолёт беспилотный летательный аппарат зенитный ракетный комплекс танк боевой бронировать машина установка реактивный система,2022-05-25
wardonbass донбассе спецоперация z украине,трофейный техника всу достаться российский армия отступление противник показать корреспондент известие кирилл ольковы танк бронеавтомобиль доставлять сюда прямо передовой бросить,2022-05-25
wardonbass донбассе спецоперация z украине,ракетный войско артиллерия поразить пункт управление всу район сосредоточение живой сила военный техника артиллерийский миномётный подразделение огнев позиция,2022-05-25
wardonbass донбассе спецоперация z украине,российский средство пво населить пункт бармашово николаевский область сбить вертолёт воздушный сила украина сообщать мо рф сбить воздух украинский беспилотный,2022-05-25
wardonbass донбассе спецоперация z украине,оперативнотактический армейский авиация поразить склад ракетноартиллерийский вооружение боеприпас харьковский николаевский область штаб территориальный оборона населить пункт соледар район сосредоточение живой,2022-05-25
wardonbass донбассе спецоперация z украине,сутки высокоточный ракета воздушный базирование поразить пункт управление число командный пункт механизировать бригада узел связь район врубовка бахмут радиотехнический центр,2022-05-25
wardonbass донбассе спецоперация z украине,минобороны рф район железнодорожный станция покровский днепропетровский область уничтожить подразделение резерв всу перебрасываться усиление группировка украинский войско донбасс,2022-05-25
wardonbass донбассе спецоперация z украине,вс рф высокоточный удар уничтожить производственный цех завод мотор сич выпускать авиационный двигатель боевой авиация воздушный сила украина число бпнуть,2022-05-25
wardonbass донбассе спецоперация z украине,порт мариуполь начать работа повседневный режим мо рф,2022-05-25
wardonbass донбассе спецоперация z украине,ребёнок светлодарск радостно встречать освободитель,2022-05-25
wardonbass донбассе спецоперация z украине,басурина авдеевский направление использовать тактика малый котёл заинтересовать число сохранение гражданский население,2022-05-25
wardonbass донбассе спецоперация z украине,совет федерация поддержать кандидатура александр куренкова пост глава мчс,2022-05-25
wardonbass донбассе спецоперация z украине,решение продовольственный проблема требовать разминирование акватория порт сторона украина готовый предоставить гуманитарный коридор выход корабль заявить замминистра иностранный рф андрей,2022-05-25
wardonbass донбассе спецоперация z украине,юрий подоляк украина всу не хотеть отходить донбасс версия британец американец предлагать всу отойти донбасс самый сохранить будущий бой не,2022-05-25
wardonbass донбассе спецоперация z украине,увериться безнаказанность хамство бандеровец походя пнуть бывший госсекретарь сша генри киссинджер советник ермак михаил подоляк назвать давосский паникёр поскольку заявить,2022-05-25
wardonbass донбассе спецоперация z украине,сержант денис шамалюк одиночка смочь плен шестеро националист произойти ход патрулирование денис заметить группа диверсант готовить засада подобраться бросить гранат,2022-05-25
wardonbass донбассе спецоперация z украине,экипаж ударный вертолёт аллигатор уничтожение опорный пункт всу авиационный удар наносить дистанция километр результат боевой применение уничтожить пункт управление бронетехника,2022-05-25
wardonbass донбассе спецоперация z украине,приднестровье уровень террористический опасность снизить ввести месяц красный жёлтый,2022-05-25
wardonbass донбассе спецоперация z украине,британский ретейлер marks spencer заявить решить полностью российский бизнес,2022-05-25
wardonbass донбассе спецоперация z украине,киев проходить пэрэможный выставка мариуполь подвиг спасать украина никто не смущать мариуполь обернуться позор украинский история армия навсегда потерянный страна,2022-05-25
wardonbass донбассе спецоперация z украине,военнослужащий нм днр защищать рубеж республика донецкий аэропорт военнослужащий народный милиция непреклонно стоять позиция защищать днр вторжение оккупационный сила украина,2022-05-25
wardonbass донбассе спецоперация z украине,киевский режим срочно запросить нато бронежилет информация близкий намеренный поставить строй мобилизовать просить нечего экипировать несчастный должный пушечный мясо летний,2022-05-25
wardonbass донбассе спецоперация z украине,следить право додон соблюдаться сообщить замглавы мид рф руденко,2022-05-25
wardonbass донбассе спецоперация z украине,заявление зеленский готовность переговоры случай возвращение российский войско позиция февраль назвать конструктивный руденко,2022-05-25
wardonbass донбассе спецоперация z украине,замглавы мид рф руденко возможность обмен осудить украина российский военный шишимарин шаг рассматривать окончание судебный процедура,2022-05-25
wardonbass донбассе спецоперация z украине,информация возможность участие страна трибунал боевик азов мид рф,2022-05-25
wardonbass донбассе спецоперация z украине,создание российский военный база херсонский область преждевременно мид рф,2022-05-25
wardonbass донбассе спецоперация z украине,советник шут украина арестович безвозратный еб сойти ум считать мессия пророк повадырь украинский овца интересно украинский воин свет знать арестович,2022-05-25
wardonbass донбассе спецоперация z украине,народный милиция освободить тошковский отступать украинский войско сровнять посёлок земля отбить позиция всу тошковский обнаружить очередной доказательство военный поддержка запад,2022-05-25
wardonbass донбассе спецоперация z украине,президент украина зеленский заявить разговаривать напрямую президент россия путин посредник,2022-05-25
wardonbass донбассе спецоперация z украине,боевой расчёт зрс ход спецоперация показать минобороны рф батарея защищать позиция российский войско воздушный атака радиолокационный станция контролировать воздушный обстановка,2022-05-25
wardonbass донбассе спецоперация z украине,министр иностранный украина потребовать твиттер сша рсзый нацистский формирование больший пафос написать буква помочь украина отбить наступление русский донбасс не,2022-05-25
wardonbass донбассе спецоперация z украине,собянин принять решение объявить ковидный амнистия власть москва прекратить взыскивать неуплаченный штраф нарушение ковидный ограничение,2022-05-25
wardonbass донбассе спецоперация z украине,светлодарск освободить народный милиция лнр местный житель ликование встречать освободитель,2022-05-25
wardonbass донбассе спецоперация z украине,боевой военный связист западный военный округ ход специальный военный операция специалист круглосуточно любой погода обеспечивать обмен информация пункт управление часть,2022-05-25
wardonbass донбассе спецоперация z украине,штурм опорный пункт украинский боевик один населить пункт лнр луганский фронт отряд народный милиция лнр совместно чеченский спецназ выбивать украинский,2022-05-25
wardonbass донбассе спецоперация z украине,евросоюз рамка санкция заморозить актив российский бизнесмен сумма млрд сообщить агентство dpa ссылка дать ек,2022-05-25
wardonbass донбассе спецоперация z украине,украинский националист уничтожать след преступление завод азовсталь бункер азовсталь оставаться множество обмундирование вооружение который бросить сдаваться плен украинский националист оружие,2022-05-25
wardonbass донбассе спецоперация z украине,украинский источник сообщать офис зеленский совместно министерство оборона великобритания готовить новый операция захват остров змеиный поскольку использоваться новый ударный беспилотник,2022-05-25
wardonbass донбассе спецоперация z украине,район спартак близкий назревать серьёзный движуха вестись артподготовка переброска тяжёлый скоро враг направление не поздоровиться брать какойтый крупный населить пункт,2022-05-25
wardonbass донбассе спецоперация z украине,вчера вечером арестович объявить россиянин северодонецк хотеть мариуполь едваедва выгребать пожаловаться марка фейгин забавно месяц украинский спикер говорить намерение украинский,2022-05-25
wardonbass донбассе спецоперация z украине,украинский источник сообщать светлодарск лиман оставить украинский боевик организовать приказ сверху поскольку концепция залужный отдать территория спасти армия возобладать позиция,2022-05-25
wardonbass донбассе спецоперация z украине,причина отзыв законопроект марьяна безуглый расстрел прошедшее согласование профильный комитет рекомендовать принять основа целое стать резко негативный реакция замечательный идея,2022-05-25
wardonbass донбассе спецоперация z украине,новый кадр огневой поддержка штурм лиман позиция всу район лиман подвергаться мощный артиллерийский ракетный воздействие группировка последний день голова украинский,2022-05-24
wardonbass донбассе спецоперация z украине,войско лнр освободить светлодарск администрация город поднять знамя победа,2022-05-24
wardonbass донбассе спецоперация z украине,форум давос произвести киевский режим тягостный впечатление причём отнюдь не изз демарш китай михаил подоляк частность шокировать лицемерие двойной дно,2022-05-24
wardonbass донбассе спецоперация z украине,наступление артёмовск май динамика продвижение союзный войско последний неделя освобождение попасная аставный,2022-05-24
wardonbass донбассе спецоперация z украине,мотострелковый полк восток вскрыть позиция отдельный мотопехотный бригада всу видео позиция противник удар команднонаблюдательный пункт взвод всу командир полка позывной,2022-05-24
wardonbass донбассе спецоперация z украине,украинский аналитик утверждать поздний осень страна ес ощутить полный мера начаться кризис фронт стабилизироваться начаться переговоры заключение поэтому наступление момент,2022-05-24
wardonbass донбассе спецоперация z украине,эпичный кадр артподготовка наступление красный лиман группировка отважный продолжать выбивать противник город sashakots,2022-05-24
wardonbass донбассе спецоперация z украине,пкп печенег российский спецназ установленный тепловизор venox,2022-05-24
wardonbass донбассе спецоперация z украине,венгрия ввести чрезвычайный положение изз конфликт украина премьер венгрия орбан объявить введение режим чп страна фон ситуация украина читать новость,2022-05-24
wardonbass донбассе спецоперация z украине,многие украинский ресурс высказать сомнение адекватность психический здоровье начальник гур моу кирилл буданов поделиться украинский аудитория свой буйный фантазия согласно,2022-05-24
wardonbass донбассе спецоперация z украине,юрий подоляк украина лиманпопаснаясветлодарскбахмут утром светлодарск сдать войско киевский режим бой не спасти местный группировка всу продолжить сжимать фланговый вновь,2022-05-24
wardonbass донбассе спецоперация z украине,официальный телеграмканал генеральный прокуратура днр,2022-05-24
wardonbass донбассе спецоперация z украине,начаться молдова арест оппозиция сравнивать происходить украина приходить вывод делаться методичка предположить происходить информационный политический подготовка возможный атака пмр последовать,2022-05-24
wardonbass донбассе спецоперация z украине,выглядеть разбитый укрепрайон всу находиться посёлок новотошковский лнр населить пункт освободить украинский боевик кадр коптер поделиться корреспондент известие дмитрий зименкина,2022-05-24
wardonbass донбассе спецоперация z украине,украинский пропагандист березовца нежно держать автомат видно воин свет neoficialniybezsonov,2022-05-24
wardonbass донбассе спецоперация z украине,китайский российский бомбардировщик совершить совместный облёт япония изз сила воздушный самооборона страна прийтись поднять истребитель вести наблюдение вторник май заявить,2022-05-24
wardonbass донбассе спецоперация z украине,боец группа вагнер светлодарск днр,2022-05-24
wardonbass донбассе спецоперация z украине,пушилин заявить генпрокуратура днр разрабатывать устать трибунал украинский неонацист совместно профильный ведомство рф один первый мариупольский трибунал украинский нацист эфир,2022-05-24
wardonbass донбассе спецоперация z украине,бомбический ночной демилитаризация позиция всу гдеть изюмскома фронт sashakots,2022-05-24
wardonbass донбассе спецоперация z украине,инсайд готовность британия направить чёрный море боевой корабль разблокирование одесский порт сопровождение судно украинский зерно иной не искусный блеф цель,2022-05-24
wardonbass донбассе спецоперация z украине,внимание ресурс моо вече подвергнуться мощный кибератака основный банковский карта моо вече временно заблокировать начать работа сутки работать карта сбер,2022-05-24
wardonbass донбассе спецоперация z украине,минобороны канада заявить направить киев тыс снаряд гаубица ранее поставить украина,2022-05-24
wardonbass донбассе спецоперация z украине,находиться грань экономический кризис изз конфликт украина санкция россия заявить орбан,2022-05-24
wardonbass донбассе спецоперация z украине,премьер венгрия объявить введение чрезвычайный положение страна фон конфликт украина сообщать reuters,2022-05-24
wardonbass донбассе спецоперация z украине,пушилин заявить идти активный фаза освобождение красный лиман подразделение днр заслать,2022-05-24
wardonbass донбассе спецоперация z украине,youtube не собираться уходить россия изз конфликт украина заявить генеральный директор видеосервис сьюзан воджицк видеть конфликт информация играть важный роль,2022-05-24
wardonbass донбассе спецоперация z украине,глава чеченский республика рамзан кадыров публиковать новый кадр боевой работа подразделение республиканский спецназ луганский направление,2022-05-24
wardonbass донбассе спецоперация z украине,украинский эксперт предполагать внедрение армия внесудебный казнь решение офицер не способствовать укрепление дисциплина скорее наоборот спровоцировать личный состав солдатский бунт,2022-05-24
wardonbass донбассе спецоперация z украине,заместитель министр информация днр даниил безсоновый neoficialniybezsonov изнанка украинский армия украинский пропаганда рапортовать помогать вооружённый сила украина финансы снабжение вооружение,2022-05-24
wardonbass донбассе спецоперация z украине,досуг всу сатана игрушка взрослый обнаружить разгромить позиция всу загадка украинский воин свет разгадать люцифер переводиться латынь какнесущий боец нм,2022-05-24
wardonbass донбассе спецоперация z украине,украинский старший командир бригадный звено выше получить директивный распоряжение не какой обстоятельство не допускать запись тиражирование видео обращение военнослужащий военный,2022-05-24
wardonbass донбассе спецоперация z украине,эксклюзив поверьте самый эпичный видео обстрел украинский позиция агитационный снаряд который когдалибо видеть запорожский область район нп полог neoficialniybezsonov,2022-05-24
wardonbass донбассе спецоперация z украине,украинский вояка дозвониться волонтёр рассказать история вч батальон терроборона находиться артёмовск великий новосёловка ребята не говорить статус никакой не давать,2022-05-24
wardonbass донбассе спецоперация z украине,украина шириться непонимание возмущение решение офис зеленский запрещать боевик отступать занимать позиция нависнуть угроза окружение нейтрализовать столь негативный восприятие происходить,2022-05-24
wardonbass донбассе спецоперация z украине,неисправный пулемёт дегтярёв вооружение бригада всу один многий причина отказ бригада воевать жаловаться судьба изз сизый кировоград neoficialniybezsonov,2022-05-24
wardonbass донбассе спецоперация z украине,начаться штурм город красный лиман север днр глава днр денис пушилин,2022-05-24
wardonbass донбассе спецоперация z украине,донецкий аэропорт передышка май начаться бой донецкий аэропорт оказаться настолько яростный горячий войти история мировой военный наука штурм дап целый,2022-05-24
wardonbass донбассе спецоперация z украине,один главный ожидание нацистский режим прошедший встреча рамштайна получение американец рсзый дальность действие ллойда остин слово не обмолвиться возможность поставка,2022-05-24
wardonbass донбассе спецоперация z украине,военнослужащий нм днр проходить реабилитация амвросиевский реабилитационный центр военнослужащий народный милиция днр содействие благотворитель моо вече гуманитарный фонд география сердце,2022-05-24
wardonbass донбассе спецоперация z украине,минобороны россия сообщить завершение разминирование мариупольский порт прилегать побережье азовский море,2022-05-24
wardonbass донбассе спецоперация z украине,боец эвакуировать ранить украинский вояка бросить поле бой побратим тащить км минный поле neoficialniybezsonov,2022-05-24
wardonbass донбассе спецоперация z украине,власть днр намерить возобновить работа предприятие территория не находиться контроль донецк сообщить министр экономический развитие республика алексей половян,2022-05-24
wardonbass донбассе спецоперация z украине,экспрезидент молдавия игорь додон задержать час подозрение коррупция госизмена прокуратура,2022-05-24
wardonbass донбассе спецоперация z украине,один подбить бронировать пикап территория завод азовсталь наслать подарок нацист илона маска роутер starlink не пытаться запад накачивать нацист равно,2022-05-24
wardonbass донбассе спецоперация z украине,вчерашний саммит сорок министр рамштайна скорее разочаровать порадовать украинский сторона глава военный ведомство не торопиться передавать киев вооружение обещание американец,2022-05-24
wardonbass донбассе спецоперация z украине,украинский военный бригада отказаться выполнять боевой задание северодонецк изз плохой обеспечение записать видео плохой условие арестовать дезертир писать местный издание,2022-05-24
wardonbass донбассе спецоперация z украине,украина сесть переговоры россия вернуть территория утратить февраль начаться российский специальный военный операция заявить зеленский интервью японский общественный телевидение,2022-05-24
wardonbass донбассе спецоперация z украине,мид россия включить санкционный список британский лорд ответ санкция российский сенатор внести непосредственный вклад выработка антироссийский санкционный мера лондон нацелить,2022-05-24
wardonbass донбассе спецоперация z украине,житель мелитополь оплачивать коммунальный услуга гривна рубль счёт выставляться оба валюта рассказать глава военногражданский администрация город галина данильченко эфир телеканал,2022-05-24
wardonbass донбассе спецоперация z украине,нм днр оказывать комплексный психологический воздействие противник народный милиция днр путём психологический воздействие личный состав оккупационный сила украина посредством залистовывание,2022-05-24
wardonbass донбассе спецоперация z украине,украинский военный предпринимать попытка нанести удар территория запорожский аэс помощь беспилотниковкамикадзе нападение предотвратить атомный станция надёжно охраняться сообщить заместитель начальник,2022-05-24
wardonbass донбассе спецоперация z украине,президент чехия милоша земан не разрешить гражданин республика присоединиться вс украина сообщить страница twitter пресссекретарить глава государство иржи овчачек,2022-05-24
wardonbass донбассе спецоперация z украине,надёжный щит кадр боевой работа расчёт российский зрк,2022-05-24
wardonbass донбассе спецоперация z украине,высокий уровень террористический опасность продлить брянский область июнь сообщить прессслужба правительство регион,2022-05-24
wardonbass донбассе спецоперация z украине,диверсионный группа пять задержать энергодар сообщить заместитель начальник гу мвд запорожский область алексей селиван,2022-05-24
wardonbass донбассе спецоперация z украине,красный лиман полностью не перейти контроль союзный сила процесс отходить пояснить участник штурм город освободить квартал подъехать подразделение росгвардия вести,2022-05-24
wardonbass донбассе спецоперация z украине,западный сми сообщать бандеровец получить американский разведывательноударный бла reaper жнец находиться территория украина отметить reaper ряд параметр превосходить турецкий бпнуть,2022-05-24
wardonbass донбассе спецоперация z украине,уничтожить один опорный пункт украинский формирование бронеавтомобиль козак,2022-05-24
wardonbass донбассе спецоперация z украине,союзник посёлок возрождение передовой часть находиться км бахмут,2022-05-24
wardonbass донбассе спецоперация z украине,судить внешний вид боевой машина поддержка танк терминатор принять крещение огонь донбасс sashakots,2022-05-24
wardonbass донбассе спецоперация z украине,басурина сила днр не заходить не планировать заходить авдеевка намерить перекрыть логистический путь украинский сила переговоры проблема авдеевка расположить коксохим,2022-05-24
wardonbass донбассе спецоперация z украине,украинский диверсант работать запорожский аэс получить ранение попытка оказать сопротивление сотрудник правоохранительный орган сообщить заместитель начальник гу мвд запорожский область,2022-05-24
wardonbass донбассе спецоперация z украине,армейский авиация вкс россия изюмскома направление,2022-05-24
wardonbass донбассе спецоперация z украине,заявление секретарь совбез рф николай патрушев днр лнр вправе требовать запад спонсировать украинский нацист репарация агрессия территория свидетельствовать концепция дипломатический,2022-05-24
wardonbass донбассе спецоперация z украине,красный лиман освободить националист всу,2022-05-24
wardonbass донбассе спецоперация z украине,посёлок новолуганский перейти контроль союзный сила сообщить источник днр ранее контроль освободитель переслать населить пункт мироновский светлодарск луганский такой образ,2022-05-24
wardonbass донбассе спецоперация z украине,видеоконференция контактный группа украина участие глава пентагон украинский флаг повесить нога,2022-05-24
wardonbass донбассе спецоперация z украине,внесение законопроект расстрел последующий отзыв нацистский режим рассчитывать пригрозить намереваться сдаться плен командир показать потребовать обстоятельство не не остановиться реальность,2022-05-24
wardonbass донбассе спецоперация z украине,финляндия нато подписать технический соглашение взаимный поддержка финский минобороны заявить цель обеспечить эффективный получение военный помощь,2022-05-24
wardonbass донбассе спецоперация z украине,самолёт российский вкс китайский ввс провести совместный воздушный патрулирование азиатскотихоокеанский регион авиагруппа состав российский стратегический ракетоносец китайский стратегический бомбардировщик провести,2022-05-24
wardonbass донбассе спецоперация z украине,вербовщик украинский нацбатальон задержать ростовский область получить задание подготовка теракт школа россия сообщить источник риа новость,2022-05-24
wardonbass донбассе спецоперация z украине,мид турция завтра анкара пройти консультация делегация швеция финляндия членство нато швеция финляндия должный прекратить поддерживать терроризм письменный соглашение конкретный,2022-05-24
wardonbass донбассе спецоперация z украине,совет министр ес экономика согласовать временной отмена пошлина импорт украина,2022-05-24
